** Drc report for pulsephone_main_board.kicad_pcb **
** Created on 2026-06-04T00:53:43 **
** Report includes: Errors, Warnings **

** Found 1804 DRC violations **
[diff_pair_gap_out_of_range]: Differential pair gap out of range (netclass 'Default' (diff pair) minimum gap 0.1000 mm; actual 0.0933 mm)
    Rule: netclass 'Default' (diff pair); error
    @(152.7033 mm, 115.2656 mm): Track [USB_DP] on Top Layer, length 5.6041 mm
    @(152.4876 mm, 115.2209 mm): Track [USB_DN] on Top Layer, length 5.6041 mm
[diff_pair_gap_out_of_range]: Differential pair gap out of range (netclass 'Default' (diff pair) minimum gap 0.1000 mm; actual 0.0933 mm)
    Rule: netclass 'Default' (diff pair); error
    @(142.7404 mm, 150.0848 mm): Track [USB_DP] on Top Layer, length 0.6544 mm
    @(142.6194 mm, 149.9007 mm): Track [USB_DN] on Top Layer, length 0.5650 mm
[diff_pair_gap_out_of_range]: Differential pair gap out of range (netclass 'Default' (diff pair) minimum gap 0.1000 mm; actual 0.0933 mm)
    Rule: netclass 'Default' (diff pair); error
    @(143.2346 mm, 130.6347 mm): Track [USB_DP] on Top Layer, length 9.8255 mm
    @(143.0505 mm, 130.5138 mm): Track [USB_DN] on Top Layer, length 9.8255 mm
[diff_pair_gap_out_of_range]: Differential pair gap out of range (netclass 'Default' (diff pair) minimum gap 0.1000 mm; actual 0.0933 mm)
    Rule: netclass 'Default' (diff pair); error
    @(154.9798 mm, 66.9723 mm): Track [USB_DP] on Top Layer, length 3.6659 mm
    @(154.7957 mm, 67.0932 mm): Track [USB_DN] on Top Layer, length 3.6659 mm
[diff_pair_gap_out_of_range]: Differential pair gap out of range (netclass 'Default' (diff pair) minimum gap 0.1000 mm; actual 0.0933 mm)
    Rule: netclass 'Default' (diff pair); error
    @(150.2139 mm, 123.6108 mm): Track [USB_DP] on Top Layer, length 5.8111 mm
    @(149.9982 mm, 123.5661 mm): Track [USB_DN] on Top Layer, length 5.8111 mm
[diff_pair_gap_out_of_range]: Differential pair gap out of range (netclass 'Default' (diff pair) minimum gap 0.1000 mm; actual 0.0933 mm)
    Rule: netclass 'Default' (diff pair); error
    @(152.7033 mm, 109.6614 mm): Track [USB_DP] on Top Layer, length 0.3193 mm
    @(152.5192 mm, 109.5405 mm): Track [USB_DN] on Top Layer, length 0.3193 mm
[diff_pair_gap_out_of_range]: Differential pair gap out of range (netclass 'Default' (diff pair) minimum gap 0.1000 mm; actual 0.0933 mm)
    Rule: netclass 'Default' (diff pair); error
    @(152.9291 mm, 106.3887 mm): Track [USB_DP] on Top Layer, length 0.1521 mm
    @(152.7450 mm, 106.5096 mm): Track [USB_DN] on Top Layer, length 0.1521 mm
[diff_pair_gap_out_of_range]: Differential pair gap out of range (netclass 'Default' (diff pair) minimum gap 0.1000 mm; actual 0.0933 mm)
    Rule: netclass 'Default' (diff pair); error
    @(137.6246 mm, 148.9426 mm): Track [USB_DP] on Top Layer, length 1.6153 mm
    @(137.8086 mm, 148.8216 mm): Track [USB_DN] on Top Layer, length 1.5261 mm
[diff_pair_gap_out_of_range]: Differential pair gap out of range (netclass 'Default' (diff pair) minimum gap 0.1000 mm; actual 0.0933 mm)
    Rule: netclass 'Default' (diff pair); error
    @(152.8216 mm, 106.2811 mm): Track [USB_DP] on Top Layer, length 2.0867 mm
    @(152.6059 mm, 106.3258 mm): Track [USB_DN] on Top Layer, length 2.1760 mm
[diff_pair_gap_out_of_range]: Differential pair gap out of range (netclass 'Default' (diff pair) minimum gap 0.1000 mm; actual 0.0933 mm)
    Rule: netclass 'Default' (diff pair); error
    @(152.3876 mm, 64.3801 mm): Track [USB_DP] on Top Layer, length 3.5992 mm
    @(152.1719 mm, 64.4248 mm): Track [USB_DN] on Top Layer, length 3.5309 mm
[diff_pair_gap_out_of_range]: Differential pair gap out of range (netclass 'Default' (diff pair) minimum gap 0.1000 mm; actual 0.0933 mm)
    Rule: netclass 'Default' (diff pair); error
    @(138.8430 mm, 150.1164 mm): Track [USB_DP] on Top Layer, length 3.8211 mm
    @(138.8877 mm, 149.9007 mm): Track [USB_DN] on Top Layer, length 3.7318 mm
[diff_pair_gap_out_of_range]: Differential pair gap out of range (netclass 'Default' (diff pair) minimum gap 0.1000 mm; actual 0.0933 mm)
    Rule: netclass 'Default' (diff pair); error
    @(153.8341 mm, 101.4928 mm): Track [USB_DP] on Top Layer, length 1.6202 mm
    @(153.6500 mm, 101.3719 mm): Track [USB_DN] on Top Layer, length 1.6202 mm
[diff_pair_gap_out_of_range]: Differential pair gap out of range (netclass 'Default' (diff pair) minimum gap 0.1000 mm; actual 0.0933 mm)
    Rule: netclass 'Default' (diff pair); error
    @(137.5922 mm, 148.4902 mm): Track [USB_DP] on Top Layer, length 0.2585 mm
    @(137.8078 mm, 148.4899 mm): Track [USB_DN] on Top Layer, length 0.2583 mm
[diff_pair_gap_out_of_range]: Differential pair gap out of range (netclass 'Default' (diff pair) minimum gap 0.1000 mm; actual 0.0933 mm)
    Rule: netclass 'Default' (diff pair); error
    @(137.5922 mm, 148.4902 mm): Track [USB_DP] on Top Layer, length 0.2585 mm
    @(137.8084 mm, 148.7482 mm): Track [USB_DN] on Top Layer, length 0.0734 mm
[diff_pair_gap_out_of_range]: Differential pair gap out of range (netclass 'Default' (diff pair) minimum gap 0.1000 mm; actual 0.0933 mm)
    Rule: netclass 'Default' (diff pair); error
    @(153.8341 mm, 103.1372 mm): Track [USB_DP] on Top Layer, length 1.6444 mm
    @(153.6184 mm, 103.0925 mm): Track [USB_DN] on Top Layer, length 1.6444 mm
[diff_pair_gap_out_of_range]: Differential pair gap out of range (netclass 'Default' (diff pair) minimum gap 0.1000 mm; actual 0.0933 mm)
    Rule: netclass 'Default' (diff pair); error
    @(150.2139 mm, 117.7997 mm): Track [USB_DP] on Top Layer, length 3.4759 mm
    @(150.0298 mm, 117.6787 mm): Track [USB_DN] on Top Layer, length 3.4759 mm
[diff_pair_gap_out_of_range]: Differential pair gap out of range (netclass 'Default' (diff pair) minimum gap 0.1000 mm; actual 0.0933 mm)
    Rule: netclass 'Default' (diff pair); error
    @(152.8216 mm, 104.1944 mm): Track [USB_DP] on Top Layer, length 1.3873 mm
    @(152.6375 mm, 104.0735 mm): Track [USB_DN] on Top Layer, length 1.3873 mm
[diff_pair_gap_out_of_range]: Differential pair gap out of range (netclass 'Default' (diff pair) minimum gap 0.1000 mm; actual 0.0933 mm)
    Rule: netclass 'Default' (diff pair); error
    @(155.0114 mm, 100.2709 mm): Track [USB_DP] on Top Layer, length 33.2223 mm
    @(154.7957 mm, 100.2262 mm): Track [USB_DN] on Top Layer, length 33.1330 mm
[diff_pair_gap_out_of_range]: Differential pair gap out of range (netclass 'Default' (diff pair) minimum gap 0.1000 mm; actual 0.0933 mm)
    Rule: netclass 'Default' (diff pair); error
    @(143.2346 mm, 149.5459 mm): Track [USB_DP] on Top Layer, length 18.9111 mm
    @(143.0190 mm, 149.5012 mm): Track [USB_DN] on Top Layer, length 18.9111 mm
[diff_pair_gap_out_of_range]: Differential pair gap out of range (netclass 'Default' (diff pair) minimum gap 0.1000 mm; actual 0.0933 mm)
    Rule: netclass 'Default' (diff pair); error
    @(152.2747 mm, 60.6732 mm): Track [USB_DP] on Top Layer, length 0.2786 mm
    @(152.1719 mm, 60.8939 mm): Track [USB_DN] on Top Layer, length 0.1656 mm
[diff_pair_gap_out_of_range]: Differential pair gap out of range (netclass 'Default' (diff pair) minimum gap 0.1000 mm; actual 0.0933 mm)
    Rule: netclass 'Default' (diff pair); error
    @(137.5927 mm, 148.7487 mm): Track [USB_DP] on Top Layer, length 0.1179 mm
    @(137.8084 mm, 148.7482 mm): Track [USB_DN] on Top Layer, length 0.0734 mm
[diff_pair_gap_out_of_range]: Differential pair gap out of range (netclass 'Default' (diff pair) minimum gap 0.1000 mm; actual 0.0933 mm)
    Rule: netclass 'Default' (diff pair); error
    @(152.9607 mm, 109.3594 mm): Track [USB_DP] on Top Layer, length 2.8944 mm
    @(152.7450 mm, 109.3147 mm): Track [USB_DN] on Top Layer, length 2.8051 mm
[solder_mask_bridge]: Front solder mask aperture bridges items with different nets
    Rule: board setup solder mask min width; error
    @(119.0813 mm, 144.4687 mm): Track [RST] on Top Layer, length 0.3979 mm
    @(119.2000 mm, 145.0000 mm): Pad 29 [unconnected-(J4-Pin_29-Pad29)] of J4 on Top Layer
[solder_mask_bridge]: Front solder mask aperture bridges items with different nets
    Rule: board setup solder mask min width; error
    @(153.6000 mm, 148.0800 mm): Pad 8 [Net-(J5-Pin_8)] of J5 on Top Layer
    @(153.2000 mm, 148.0800 mm): Pad 6 [unconnected-(J5-Pin_6-Pad6)] of J5 on Top Layer
[solder_mask_bridge]: Front solder mask aperture bridges items with different nets
    Rule: board setup solder mask min width; error
    @(153.6000 mm, 148.0800 mm): Pad 8 [Net-(J5-Pin_8)] of J5 on Top Layer
    @(154.0000 mm, 148.0800 mm): Pad 10 [unconnected-(J5-Pin_10-Pad10)] of J5 on Top Layer
[solder_mask_bridge]: Front solder mask aperture bridges items with different nets
    Rule: board setup solder mask min width; error
    @(153.8263 mm, 145.7737 mm): Track [Net-(J5-Pin_9)] on Top Layer, length 0.3500 mm
    @(153.6000 mm, 145.0000 mm): Pad 7 [unconnected-(J5-Pin_7-Pad7)] of J5 on Top Layer
[solder_mask_bridge]: Front solder mask aperture bridges items with different nets
    Rule: board setup solder mask min width; error
    @(154.0000 mm, 145.0000 mm): Pad 9 [Net-(J5-Pin_9)] of J5 on Top Layer
    @(153.6000 mm, 145.0000 mm): Pad 7 [unconnected-(J5-Pin_7-Pad7)] of J5 on Top Layer
[solder_mask_bridge]: Front solder mask aperture bridges items with different nets
    Rule: board setup solder mask min width; error
    @(153.8263 mm, 145.4237 mm): Track [Net-(J5-Pin_9)] on Top Layer, length 0.4301 mm
    @(153.6000 mm, 145.0000 mm): Pad 7 [unconnected-(J5-Pin_7-Pad7)] of J5 on Top Layer
[solder_mask_bridge]: Front solder mask aperture bridges items with different nets
    Rule: board setup solder mask min width; error
    @(154.0000 mm, 145.0000 mm): Pad 9 [Net-(J5-Pin_9)] of J5 on Top Layer
    @(154.4000 mm, 145.0000 mm): Pad 11 [unconnected-(J5-Pin_11-Pad11)] of J5 on Top Layer
[solder_mask_bridge]: Front solder mask aperture bridges items with different nets
    Rule: board setup solder mask min width; error
    @(118.4000 mm, 148.3300 mm): Track [GND] on Top Layer, length 0.3979 mm
    @(118.8000 mm, 148.0800 mm): Pad 28 [unconnected-(J4-Pin_28-Pad28)] of J4 on Top Layer
[solder_mask_bridge]: Front solder mask aperture bridges items with different nets
    Rule: board setup solder mask min width; error
    @(149.8002 mm, 105.6830 mm): Track [Power Good] on Top Layer, length 0.6264 mm
    @(150.1262 mm, 105.3583 mm): Pad 6 [+3.7VBAT] of U3 on Top Layer
[solder_mask_bridge]: Front solder mask aperture bridges items with different nets
    Rule: board setup solder mask min width; error
    @(117.8388 mm, 145.7512 mm): Track [+3.3V] on Top Layer, length 0.6900 mm
    @(117.6000 mm, 145.0000 mm): Pad 21 [/I2C3_SCL] of J4 on Top Layer
[solder_mask_bridge]: Front solder mask aperture bridges items with different nets
    Rule: board setup solder mask min width; error
    @(117.8388 mm, 145.0612 mm): Track [+3.3V] on Top Layer, length 0.0866 mm
    @(117.6000 mm, 145.0000 mm): Pad 21 [/I2C3_SCL] of J4 on Top Layer
[solder_mask_bridge]: Front solder mask aperture bridges items with different nets
    Rule: board setup solder mask min width; error
    @(132.5144 mm, 138.1117 mm): Pad 1 [+3.3V] of U2 on Top Layer
    @(131.8644 mm, 138.1117 mm): Pad 2 [Net-(U2-CAPP)] of U2 on Top Layer
[solder_mask_bridge]: Front solder mask aperture bridges items with different nets
    Rule: board setup solder mask min width; error
    @(141.0000 mm, 32.8300 mm): Pad 1 [/CSI_CLK_N] of J3 on Top Layer
    @(140.6000 mm, 32.8300 mm): Pad 3 [GND] of J3 on Top Layer
[solder_mask_bridge]: Front solder mask aperture bridges items with different nets
    Rule: board setup solder mask min width; error
    @(154.0000 mm, 148.0800 mm): Pad 10 [unconnected-(J5-Pin_10-Pad10)] of J5 on Top Layer
    @(154.4000 mm, 148.0800 mm): Pad 12 [unconnected-(J5-Pin_12-Pad12)] of J5 on Top Layer
[solder_mask_bridge]: Front solder mask aperture bridges items with different nets
    Rule: board setup solder mask min width; error
    @(141.0000 mm, 29.7500 mm): Pad 2 [/CSI_CLK_P] of J3 on Top Layer
    @(140.6000 mm, 29.7500 mm): Pad 4 [GND] of J3 on Top Layer
[solder_mask_bridge]: Front solder mask aperture bridges items with different nets
    Rule: board setup solder mask min width; error
    @(131.8644 mm, 138.1117 mm): Pad 2 [Net-(U2-CAPP)] of U2 on Top Layer
    @(131.2144 mm, 138.1117 mm): Pad 3 [GND] of U2 on Top Layer
[solder_mask_bridge]: Front solder mask aperture bridges items with different nets
    Rule: board setup solder mask min width; error
    @(140.6000 mm, 32.8300 mm): Pad 3 [GND] of J3 on Top Layer
    @(140.2000 mm, 32.8300 mm): Pad 5 [/CSI_D0_N] of J3 on Top Layer
[solder_mask_bridge]: Front solder mask aperture bridges items with different nets
    Rule: board setup solder mask min width; error
    @(140.6000 mm, 29.7500 mm): Pad 4 [GND] of J3 on Top Layer
    @(140.2000 mm, 29.7500 mm): Pad 6 [/CSI_D0_P] of J3 on Top Layer
[solder_mask_bridge]: Front solder mask aperture bridges items with different nets
    Rule: board setup solder mask min width; error
    @(131.2144 mm, 138.1117 mm): Pad 3 [GND] of U2 on Top Layer
    @(130.5644 mm, 138.1117 mm): Pad 4 [Net-(U2-CAPM)] of U2 on Top Layer
[solder_mask_bridge]: Front solder mask aperture bridges items with different nets
    Rule: board setup solder mask min width; error
    @(154.4000 mm, 145.0000 mm): Pad 11 [unconnected-(J5-Pin_11-Pad11)] of J5 on Top Layer
    @(154.8000 mm, 145.0000 mm): Pad 13 [unconnected-(J5-Pin_13-Pad13)] of J5 on Top Layer
[solder_mask_bridge]: Front solder mask aperture bridges items with different nets
    Rule: board setup solder mask min width; error
    @(130.5644 mm, 138.1117 mm): Pad 4 [Net-(U2-CAPM)] of U2 on Top Layer
    @(129.9144 mm, 138.1117 mm): Pad 5 [Net-(U2-VNEG)] of U2 on Top Layer
[solder_mask_bridge]: Front solder mask aperture bridges items with different nets
    Rule: board setup solder mask min width; error
    @(140.2000 mm, 32.8300 mm): Pad 5 [/CSI_D0_N] of J3 on Top Layer
    @(139.8000 mm, 32.8300 mm): Pad 7 [GND] of J3 on Top Layer
[solder_mask_bridge]: Front solder mask aperture bridges items with different nets
    Rule: board setup solder mask min width; error
    @(129.9144 mm, 138.1117 mm): Pad 5 [Net-(U2-VNEG)] of U2 on Top Layer
    @(129.2644 mm, 138.1117 mm): Pad 6 [Net-(J5-Pin_8)] of U2 on Top Layer
[solder_mask_bridge]: Front solder mask aperture bridges items with different nets
    Rule: board setup solder mask min width; error
    @(113.3441 mm, 148.5810 mm): Via [GND] on Top Layer - Bottom Layer
    @(113.6000 mm, 148.0800 mm): Pad 2 [/DSI_CLK_P] of J4 on Top Layer
[solder_mask_bridge]: Front solder mask aperture bridges items with different nets
    Rule: board setup solder mask min width; error
    @(140.2000 mm, 29.7500 mm): Pad 6 [/CSI_D0_P] of J3 on Top Layer
    @(139.8000 mm, 29.7500 mm): Pad 8 [GND] of J3 on Top Layer
[solder_mask_bridge]: Front solder mask aperture bridges items with different nets
    Rule: board setup solder mask min width; error
    @(118.0000 mm, 144.7500 mm): Track [+3.3V] on Top Layer, length 0.4063 mm
    @(118.4000 mm, 145.0000 mm): Pad 25 [+3.7VBAT] of J4 on Top Layer
[solder_mask_bridge]: Front solder mask aperture bridges items with different nets
    Rule: board setup solder mask min width; error
    @(139.8000 mm, 32.8300 mm): Pad 7 [GND] of J3 on Top Layer
    @(139.4000 mm, 32.8300 mm): Pad 9 [/CSI_D1_N] of J3 on Top Layer
[solder_mask_bridge]: Front solder mask aperture bridges items with different nets
    Rule: board setup solder mask min width; error
    @(129.2644 mm, 138.1117 mm): Pad 6 [Net-(J5-Pin_8)] of U2 on Top Layer
    @(128.6144 mm, 138.1117 mm): Pad 7 [Net-(J5-Pin_9)] of U2 on Top Layer
[solder_mask_bridge]: Front solder mask aperture bridges items with different nets
    Rule: board setup solder mask min width; error
    @(139.8000 mm, 29.7500 mm): Pad 8 [GND] of J3 on Top Layer
    @(139.4000 mm, 29.7500 mm): Pad 10 [/CSI_D1_P] of J3 on Top Layer
[solder_mask_bridge]: Front solder mask aperture bridges items with different nets
    Rule: board setup solder mask min width; error
    @(139.4000 mm, 32.8300 mm): Pad 9 [/CSI_D1_N] of J3 on Top Layer
    @(139.0000 mm, 32.8300 mm): Pad 11 [GND] of J3 on Top Layer
[solder_mask_bridge]: Front solder mask aperture bridges items with different nets
    Rule: board setup solder mask min width; error
    @(154.4000 mm, 148.0800 mm): Pad 12 [unconnected-(J5-Pin_12-Pad12)] of J5 on Top Layer
    @(154.8000 mm, 148.0800 mm): Pad 14 [unconnected-(J5-Pin_14-Pad14)] of J5 on Top Layer
[solder_mask_bridge]: Front solder mask aperture bridges items with different nets
    Rule: board setup solder mask min width; error
    @(114.0000 mm, 148.3300 mm): Track [GND] on Top Layer, length 0.3979 mm
    @(113.6000 mm, 148.0800 mm): Pad 2 [/DSI_CLK_P] of J4 on Top Layer
[solder_mask_bridge]: Front solder mask aperture bridges items with different nets
    Rule: board setup solder mask min width; error
    @(153.4412 mm, 147.3312 mm): Track [Net-(J5-Pin_8)] on Top Layer, length 0.6900 mm
    @(153.2000 mm, 148.0800 mm): Pad 6 [unconnected-(J5-Pin_6-Pad6)] of J5 on Top Layer
[solder_mask_bridge]: Front solder mask aperture bridges items with different nets
    Rule: board setup solder mask min width; error
    @(128.6144 mm, 138.1117 mm): Pad 7 [Net-(J5-Pin_9)] of U2 on Top Layer
    @(127.9644 mm, 138.1117 mm): Pad 8 [+3.3V] of U2 on Top Layer
[solder_mask_bridge]: Front solder mask aperture bridges items with different nets
    Rule: board setup solder mask min width; error
    @(153.4412 mm, 148.0212 mm): Track [Net-(J5-Pin_8)] on Top Layer, length 0.0832 mm
    @(153.2000 mm, 148.0800 mm): Pad 6 [unconnected-(J5-Pin_6-Pad6)] of J5 on Top Layer
[solder_mask_bridge]: Front solder mask aperture bridges items with different nets
    Rule: board setup solder mask min width; error
    @(127.9644 mm, 138.1117 mm): Pad 8 [+3.3V] of U2 on Top Layer
    @(127.3144 mm, 138.1117 mm): Pad 9 [GND] of U2 on Top Layer
[solder_mask_bridge]: Front solder mask aperture bridges items with different nets
    Rule: board setup solder mask min width; error
    @(153.8260 mm, 109.3630 mm): Track [GND] on Top Layer, length 2.2000 mm
    @(155.5262 mm, 109.3632 mm): PTH pad 20 [<no net>] of U4
[solder_mask_bridge]: Front solder mask aperture bridges items with different nets
    Rule: board setup solder mask min width; error
    @(117.4419 mm, 145.7482 mm): Track [/I2C3_SCL] on Top Layer, length 0.6900 mm
    @(117.2000 mm, 145.0000 mm): Pad 19 [GND] of J4 on Top Layer
[solder_mask_bridge]: Front solder mask aperture bridges items with different nets
    Rule: board setup solder mask min width; error
    @(154.8000 mm, 145.0000 mm): Pad 13 [unconnected-(J5-Pin_13-Pad13)] of J5 on Top Layer
    @(155.2000 mm, 145.0000 mm): Pad 15 [unconnected-(J5-Pin_15-Pad15)] of J5 on Top Layer
[solder_mask_bridge]: Front solder mask aperture bridges items with different nets
    Rule: board setup solder mask min width; error
    @(139.4000 mm, 29.7500 mm): Pad 10 [/CSI_D1_P] of J3 on Top Layer
    @(139.0000 mm, 29.7500 mm): Pad 12 [GND] of J3 on Top Layer
[solder_mask_bridge]: Front solder mask aperture bridges items with different nets
    Rule: board setup solder mask min width; error
    @(139.0000 mm, 32.8300 mm): Pad 11 [GND] of J3 on Top Layer
    @(138.6000 mm, 32.8300 mm): Pad 13 [+3.3V] of J3 on Top Layer
[solder_mask_bridge]: Front solder mask aperture bridges items with different nets
    Rule: board setup solder mask min width; error
    @(126.6644 mm, 143.8517 mm): Pad 11 [GND] of U2 on Top Layer
    @(127.3144 mm, 143.8517 mm): Pad 12 [/SAI_MASTERCLOCK] of U2 on Top Layer
[solder_mask_bridge]: Front solder mask aperture bridges items with different nets
    Rule: board setup solder mask min width; error
    @(139.0000 mm, 29.7500 mm): Pad 12 [GND] of J3 on Top Layer
    @(138.6000 mm, 29.7500 mm): Pad 14 [+5V] of J3 on Top Layer
[solder_mask_bridge]: Front solder mask aperture bridges items with different nets
    Rule: board setup solder mask min width; error
    @(117.4419 mm, 145.0582 mm): Track [/I2C3_SCL] on Top Layer, length 0.0822 mm
    @(117.2000 mm, 145.0000 mm): Pad 19 [GND] of J4 on Top Layer
[solder_mask_bridge]: Front solder mask aperture bridges items with different nets
    Rule: board setup solder mask min width; error
    @(127.3144 mm, 143.8517 mm): Pad 12 [/SAI_MASTERCLOCK] of U2 on Top Layer
    @(127.9644 mm, 143.8517 mm): Pad 13 [/SAI_BITCLOCK] of U2 on Top Layer
[solder_mask_bridge]: Front solder mask aperture bridges items with different nets
    Rule: board setup solder mask min width; error
    @(138.6000 mm, 32.8300 mm): Pad 13 [+3.3V] of J3 on Top Layer
    @(138.2000 mm, 32.8300 mm): Pad 15 [+3.7VBAT] of J3 on Top Layer
[solder_mask_bridge]: Front solder mask aperture bridges items with different nets
    Rule: board setup solder mask min width; error
    @(127.9644 mm, 143.8517 mm): Pad 13 [/SAI_BITCLOCK] of U2 on Top Layer
    @(128.6144 mm, 143.8517 mm): Pad 14 [/AUDIO_DATA_OUT] of U2 on Top Layer
[solder_mask_bridge]: Front solder mask aperture bridges items with different nets
    Rule: board setup solder mask min width; error
    @(138.6000 mm, 29.7500 mm): Pad 14 [+5V] of J3 on Top Layer
    @(138.2000 mm, 29.7500 mm): Pad 16 [GND] of J3 on Top Layer
[solder_mask_bridge]: Front solder mask aperture bridges items with different nets
    Rule: board setup solder mask min width; error
    @(154.8000 mm, 148.0800 mm): Pad 14 [unconnected-(J5-Pin_14-Pad14)] of J5 on Top Layer
    @(155.2000 mm, 148.0800 mm): Pad 16 [unconnected-(J5-Pin_16-Pad16)] of J5 on Top Layer
[solder_mask_bridge]: Front solder mask aperture bridges items with different nets
    Rule: board setup solder mask min width; error
    @(153.8260 mm, 109.3630 mm): Track [GND] on Top Layer, length 2.2000 mm
    @(156.0262 mm, 109.3632 mm): PTH pad 23 [<no net>] of U4
[solder_mask_bridge]: Front solder mask aperture bridges items with different nets
    Rule: board setup solder mask min width; error
    @(128.6144 mm, 143.8517 mm): Pad 14 [/AUDIO_DATA_OUT] of U2 on Top Layer
    @(129.2644 mm, 143.8517 mm): Pad 15 [/AUDIO_FRAME_CLOCK] of U2 on Top Layer
[solder_mask_bridge]: Front solder mask aperture bridges items with different nets
    Rule: board setup solder mask min width; error
    @(155.2000 mm, 145.0000 mm): Pad 15 [unconnected-(J5-Pin_15-Pad15)] of J5 on Top Layer
    @(155.6000 mm, 145.0000 mm): Pad 17 [unconnected-(J5-Pin_17-Pad17)] of J5 on Top Layer
[solder_mask_bridge]: Front solder mask aperture bridges items with different nets
    Rule: board setup solder mask min width; error
    @(153.8260 mm, 109.3630 mm): Track [GND] on Top Layer, length 2.2000 mm
    @(155.0262 mm, 109.3632 mm): PTH pad 17 [<no net>] of U4
[solder_mask_bridge]: Front solder mask aperture bridges items with different nets
    Rule: board setup solder mask min width; error
    @(129.2644 mm, 143.8517 mm): Pad 15 [/AUDIO_FRAME_CLOCK] of U2 on Top Layer
    @(129.9144 mm, 143.8517 mm): Pad 16 [GND] of U2 on Top Layer
[solder_mask_bridge]: Front solder mask aperture bridges items with different nets
    Rule: board setup solder mask min width; error
    @(137.2359 mm, 29.1924 mm): Via [+5V] on Top Layer - Bottom Layer
    @(137.4000 mm, 29.7500 mm): Pad 20 [unconnected-(J3-Pin_20-Pad20)] of J3 on Top Layer
[solder_mask_bridge]: Front solder mask aperture bridges items with different nets
    Rule: board setup solder mask min width; error
    @(155.2000 mm, 148.0800 mm): Pad 16 [unconnected-(J5-Pin_16-Pad16)] of J5 on Top Layer
    @(155.6000 mm, 148.0800 mm): Pad 18 [unconnected-(J5-Pin_18-Pad18)] of J5 on Top Layer
[solder_mask_bridge]: Front solder mask aperture bridges items with different nets
    Rule: board setup solder mask min width; error
    @(138.2000 mm, 32.8300 mm): Pad 15 [+3.7VBAT] of J3 on Top Layer
    @(137.8000 mm, 32.8300 mm): Pad 17 [CAM_I2C_SCL] of J3 on Top Layer
[solder_mask_bridge]: Front solder mask aperture bridges items with different nets
    Rule: board setup solder mask min width; error
    @(131.8644 mm, 143.8517 mm): Pad 19 [GND] of U2 on Top Layer
    @(132.5144 mm, 143.8517 mm): Pad 20 [+3.3V] of U2 on Top Layer
[solder_mask_bridge]: Front solder mask aperture bridges items with different nets
    Rule: board setup solder mask min width; error
    @(132.7290 mm, 30.9425 mm): Track [/CSI_D1_P] on Top Layer, length 4.1721 mm
    @(134.6000 mm, 29.7500 mm): Pad 34 [unconnected-(J3-Pin_34-Pad34)] of J3 on Top Layer
[solder_mask_bridge]: Front solder mask aperture bridges items with different nets
    Rule: board setup solder mask min width; error
    @(109.2000 mm, 119.6735 mm): Track [+3.7VBAT] on Top Layer, length 1.0430 mm
    @(109.5500 mm, 120.5250 mm): Pad 45 [GND] of U6 on Top Layer
[solder_mask_bridge]: Front solder mask aperture bridges items with different nets
    Rule: board setup solder mask min width; error
    @(138.2000 mm, 29.7500 mm): Pad 16 [GND] of J3 on Top Layer
    @(137.8000 mm, 29.7500 mm): Pad 18 [CAM_I2C_SDA] of J3 on Top Layer
[solder_mask_bridge]: Front solder mask aperture bridges items with different nets
    Rule: board setup solder mask min width; error
    @(155.6000 mm, 145.0000 mm): Pad 17 [unconnected-(J5-Pin_17-Pad17)] of J5 on Top Layer
    @(156.0000 mm, 145.0000 mm): Pad 19 [unconnected-(J5-Pin_19-Pad19)] of J5 on Top Layer
[solder_mask_bridge]: Front solder mask aperture bridges items with different nets
    Rule: board setup solder mask min width; error
    @(137.8000 mm, 32.8300 mm): Pad 17 [CAM_I2C_SCL] of J3 on Top Layer
    @(137.4000 mm, 32.8300 mm): Pad 19 [CAM_GPIO] of J3 on Top Layer
[solder_mask_bridge]: Front solder mask aperture bridges items with different nets
    Rule: board setup solder mask min width; error
    @(137.9872 mm, 29.1849 mm): Track [GND] on Top Layer, length 0.1024 mm
    @(137.8000 mm, 29.7500 mm): Pad 18 [CAM_I2C_SDA] of J3 on Top Layer
[solder_mask_bridge]: Front solder mask aperture bridges items with different nets
    Rule: board setup solder mask min width; error
    @(155.6000 mm, 148.0800 mm): Pad 18 [unconnected-(J5-Pin_18-Pad18)] of J5 on Top Layer
    @(156.0000 mm, 148.0800 mm): Pad 20 [unconnected-(J5-Pin_20-Pad20)] of J5 on Top Layer
[solder_mask_bridge]: Front solder mask aperture bridges items with different nets
    Rule: board setup solder mask min width; error
    @(137.8000 mm, 29.7500 mm): Pad 18 [CAM_I2C_SDA] of J3 on Top Layer
    @(137.4000 mm, 29.7500 mm): Pad 20 [unconnected-(J3-Pin_20-Pad20)] of J3 on Top Layer
[solder_mask_bridge]: Front solder mask aperture bridges items with different nets
    Rule: board setup solder mask min width; error
    @(113.6000 mm, 145.0000 mm): Pad 1 [/DSI_CLK_N] of J4 on Top Layer
    @(114.0000 mm, 145.0000 mm): Pad 3 [GND] of J4 on Top Layer
[solder_mask_bridge]: Front solder mask aperture bridges items with different nets
    Rule: board setup solder mask min width; error
    @(137.9872 mm, 29.2872 mm): Track [GND] on Top Layer, length 0.0592 mm
    @(137.8000 mm, 29.7500 mm): Pad 18 [CAM_I2C_SDA] of J3 on Top Layer
[solder_mask_bridge]: Front solder mask aperture bridges items with different nets
    Rule: board setup solder mask min width; error
    @(137.4000 mm, 32.8300 mm): Pad 19 [CAM_GPIO] of J3 on Top Layer
    @(137.0000 mm, 32.8300 mm): Pad 21 [unconnected-(J3-Pin_21-Pad21)] of J3 on Top Layer
[solder_mask_bridge]: Front solder mask aperture bridges items with different nets
    Rule: board setup solder mask min width; error
    @(156.0000 mm, 145.0000 mm): Pad 19 [unconnected-(J5-Pin_19-Pad19)] of J5 on Top Layer
    @(156.4000 mm, 145.0000 mm): Pad 21 [unconnected-(J5-Pin_21-Pad21)] of J5 on Top Layer
[solder_mask_bridge]: Front solder mask aperture bridges items with different nets
    Rule: board setup solder mask min width; error
    @(113.6000 mm, 148.0800 mm): Pad 2 [/DSI_CLK_P] of J4 on Top Layer
    @(114.0000 mm, 148.0800 mm): Pad 4 [GND] of J4 on Top Layer
[solder_mask_bridge]: Front solder mask aperture bridges items with different nets
    Rule: board setup solder mask min width; error
    @(114.0000 mm, 145.0000 mm): Pad 3 [GND] of J4 on Top Layer
    @(114.4000 mm, 145.0000 mm): Pad 5 [/DSI_D0_N] of J4 on Top Layer
[solder_mask_bridge]: Front solder mask aperture bridges items with different nets
    Rule: board setup solder mask min width; error
    @(156.0000 mm, 148.0800 mm): Pad 20 [unconnected-(J5-Pin_20-Pad20)] of J5 on Top Layer
    @(156.4000 mm, 148.0800 mm): Pad 22 [unconnected-(J5-Pin_22-Pad22)] of J5 on Top Layer
[solder_mask_bridge]: Front solder mask aperture bridges items with different nets
    Rule: board setup solder mask min width; error
    @(137.4000 mm, 29.7500 mm): Pad 20 [unconnected-(J3-Pin_20-Pad20)] of J3 on Top Layer
    @(137.0000 mm, 29.7500 mm): Pad 22 [unconnected-(J3-Pin_22-Pad22)] of J3 on Top Layer
[solder_mask_bridge]: Front solder mask aperture bridges items with different nets
    Rule: board setup solder mask min width; error
    @(114.0000 mm, 148.0800 mm): Pad 4 [GND] of J4 on Top Layer
    @(114.4000 mm, 148.0800 mm): Pad 6 [/DSI_D0_P] of J4 on Top Layer
[solder_mask_bridge]: Front solder mask aperture bridges items with different nets
    Rule: board setup solder mask min width; error
    @(156.4000 mm, 145.0000 mm): Pad 21 [unconnected-(J5-Pin_21-Pad21)] of J5 on Top Layer
    @(156.8000 mm, 145.0000 mm): Pad 23 [unconnected-(J5-Pin_23-Pad23)] of J5 on Top Layer
[solder_mask_bridge]: Front solder mask aperture bridges items with different nets
    Rule: board setup solder mask min width; error
    @(114.4000 mm, 145.0000 mm): Pad 5 [/DSI_D0_N] of J4 on Top Layer
    @(114.8000 mm, 145.0000 mm): Pad 7 [GND] of J4 on Top Layer
[solder_mask_bridge]: Front solder mask aperture bridges items with different nets
    Rule: board setup solder mask min width; error
    @(137.0000 mm, 32.8300 mm): Pad 21 [unconnected-(J3-Pin_21-Pad21)] of J3 on Top Layer
    @(136.6000 mm, 32.8300 mm): Pad 23 [unconnected-(J3-Pin_23-Pad23)] of J3 on Top Layer
[solder_mask_bridge]: Front solder mask aperture bridges items with different nets
    Rule: board setup solder mask min width; error
    @(156.4000 mm, 148.0800 mm): Pad 22 [unconnected-(J5-Pin_22-Pad22)] of J5 on Top Layer
    @(156.8000 mm, 148.0800 mm): Pad 24 [unconnected-(J5-Pin_24-Pad24)] of J5 on Top Layer
[solder_mask_bridge]: Front solder mask aperture bridges items with different nets
    Rule: board setup solder mask min width; error
    @(118.4000 mm, 144.7500 mm): Track [+3.7VBAT] on Top Layer, length 0.4063 mm
    @(118.8000 mm, 145.0000 mm): Pad 27 [RST] of J4 on Top Layer
[solder_mask_bridge]: Front solder mask aperture bridges items with different nets
    Rule: board setup solder mask min width; error
    @(114.4000 mm, 148.0800 mm): Pad 6 [/DSI_D0_P] of J4 on Top Layer
    @(114.8000 mm, 148.0800 mm): Pad 8 [GND] of J4 on Top Layer
[solder_mask_bridge]: Front solder mask aperture bridges items with different nets
    Rule: board setup solder mask min width; error
    @(156.8000 mm, 145.0000 mm): Pad 23 [unconnected-(J5-Pin_23-Pad23)] of J5 on Top Layer
    @(157.2000 mm, 145.0000 mm): Pad 25 [unconnected-(J5-Pin_25-Pad25)] of J5 on Top Layer
[solder_mask_bridge]: Front solder mask aperture bridges items with different nets
    Rule: board setup solder mask min width; error
    @(137.0000 mm, 29.7500 mm): Pad 22 [unconnected-(J3-Pin_22-Pad22)] of J3 on Top Layer
    @(136.6000 mm, 29.7500 mm): Pad 24 [unconnected-(J3-Pin_24-Pad24)] of J3 on Top Layer
[solder_mask_bridge]: Front solder mask aperture bridges items with different nets
    Rule: board setup solder mask min width; error
    @(136.6000 mm, 32.8300 mm): Pad 23 [unconnected-(J3-Pin_23-Pad23)] of J3 on Top Layer
    @(136.2000 mm, 32.8300 mm): Pad 25 [unconnected-(J3-Pin_25-Pad25)] of J3 on Top Layer
[solder_mask_bridge]: Front solder mask aperture bridges items with different nets
    Rule: board setup solder mask min width; error
    @(156.8000 mm, 148.0800 mm): Pad 24 [unconnected-(J5-Pin_24-Pad24)] of J5 on Top Layer
    @(157.2000 mm, 148.0800 mm): Pad 26 [unconnected-(J5-Pin_26-Pad26)] of J5 on Top Layer
[solder_mask_bridge]: Front solder mask aperture bridges items with different nets
    Rule: board setup solder mask min width; error
    @(114.8000 mm, 145.0000 mm): Pad 7 [GND] of J4 on Top Layer
    @(115.2000 mm, 145.0000 mm): Pad 9 [/DSI_D1_N] of J4 on Top Layer
[solder_mask_bridge]: Front solder mask aperture bridges items with different nets
    Rule: board setup solder mask min width; error
    @(114.8000 mm, 148.0800 mm): Pad 8 [GND] of J4 on Top Layer
    @(115.2000 mm, 148.0800 mm): Pad 10 [/DSI_D1_P] of J4 on Top Layer
[solder_mask_bridge]: Front solder mask aperture bridges items with different nets
    Rule: board setup solder mask min width; error
    @(157.2000 mm, 145.0000 mm): Pad 25 [unconnected-(J5-Pin_25-Pad25)] of J5 on Top Layer
    @(157.6000 mm, 145.0000 mm): Pad 27 [unconnected-(J5-Pin_27-Pad27)] of J5 on Top Layer
[solder_mask_bridge]: Front solder mask aperture bridges items with different nets
    Rule: board setup solder mask min width; error
    @(115.2000 mm, 145.0000 mm): Pad 9 [/DSI_D1_N] of J4 on Top Layer
    @(115.6000 mm, 145.0000 mm): Pad 11 [GND] of J4 on Top Layer
[solder_mask_bridge]: Front solder mask aperture bridges items with different nets
    Rule: board setup solder mask min width; error
    @(115.2000 mm, 148.0800 mm): Pad 10 [/DSI_D1_P] of J4 on Top Layer
    @(115.6000 mm, 148.0800 mm): Pad 12 [GND] of J4 on Top Layer
[solder_mask_bridge]: Front solder mask aperture bridges items with different nets
    Rule: board setup solder mask min width; error
    @(136.6000 mm, 29.7500 mm): Pad 24 [unconnected-(J3-Pin_24-Pad24)] of J3 on Top Layer
    @(136.2000 mm, 29.7500 mm): Pad 26 [unconnected-(J3-Pin_26-Pad26)] of J3 on Top Layer
[solder_mask_bridge]: Front solder mask aperture bridges items with different nets
    Rule: board setup solder mask min width; error
    @(157.2000 mm, 148.0800 mm): Pad 26 [unconnected-(J5-Pin_26-Pad26)] of J5 on Top Layer
    @(157.6000 mm, 148.0800 mm): Pad 28 [unconnected-(J5-Pin_28-Pad28)] of J5 on Top Layer
[solder_mask_bridge]: Front solder mask aperture bridges items with different nets
    Rule: board setup solder mask min width; error
    @(115.6000 mm, 145.0000 mm): Pad 11 [GND] of J4 on Top Layer
    @(116.0000 mm, 145.0000 mm): Pad 13 [/DSI_D2_N] of J4 on Top Layer
[solder_mask_bridge]: Front solder mask aperture bridges items with different nets
    Rule: board setup solder mask min width; error
    @(157.6000 mm, 145.0000 mm): Pad 27 [unconnected-(J5-Pin_27-Pad27)] of J5 on Top Layer
    @(158.0000 mm, 145.0000 mm): Pad 29 [unconnected-(J5-Pin_29-Pad29)] of J5 on Top Layer
[solder_mask_bridge]: Front solder mask aperture bridges items with different nets
    Rule: board setup solder mask min width; error
    @(138.7900 mm, 32.2910 mm): Track [+3.3V] on Top Layer, length 0.2892 mm
    @(139.0000 mm, 32.8300 mm): Pad 11 [GND] of J3 on Top Layer
[solder_mask_bridge]: Front solder mask aperture bridges items with different nets
    Rule: board setup solder mask min width; error
    @(136.2000 mm, 32.8300 mm): Pad 25 [unconnected-(J3-Pin_25-Pad25)] of J3 on Top Layer
    @(135.8000 mm, 32.8300 mm): Pad 27 [unconnected-(J3-Pin_27-Pad27)] of J3 on Top Layer
[solder_mask_bridge]: Front solder mask aperture bridges items with different nets
    Rule: board setup solder mask min width; error
    @(115.6000 mm, 148.0800 mm): Pad 12 [GND] of J4 on Top Layer
    @(116.0000 mm, 148.0800 mm): Pad 14 [/DSI_D2_P] of J4 on Top Layer
[solder_mask_bridge]: Front solder mask aperture bridges items with different nets
    Rule: board setup solder mask min width; error
    @(116.0000 mm, 145.0000 mm): Pad 13 [/DSI_D2_N] of J4 on Top Layer
    @(116.4000 mm, 145.0000 mm): Pad 15 [GND] of J4 on Top Layer
[solder_mask_bridge]: Front solder mask aperture bridges items with different nets
    Rule: board setup solder mask min width; error
    @(157.6000 mm, 148.0800 mm): Pad 28 [unconnected-(J5-Pin_28-Pad28)] of J5 on Top Layer
    @(158.0000 mm, 148.0800 mm): Pad 30 [unconnected-(J5-Pin_30-Pad30)] of J5 on Top Layer
[solder_mask_bridge]: Front solder mask aperture bridges items with different nets
    Rule: board setup solder mask min width; error
    @(158.0000 mm, 145.0000 mm): Pad 29 [unconnected-(J5-Pin_29-Pad29)] of J5 on Top Layer
    @(158.4000 mm, 145.0000 mm): Pad 31 [unconnected-(J5-Pin_31-Pad31)] of J5 on Top Layer
[solder_mask_bridge]: Front solder mask aperture bridges items with different nets
    Rule: board setup solder mask min width; error
    @(136.2000 mm, 29.7500 mm): Pad 26 [unconnected-(J3-Pin_26-Pad26)] of J3 on Top Layer
    @(135.8000 mm, 29.7500 mm): Pad 28 [unconnected-(J3-Pin_28-Pad28)] of J3 on Top Layer
[solder_mask_bridge]: Front solder mask aperture bridges items with different nets
    Rule: board setup solder mask min width; error
    @(116.0000 mm, 148.0800 mm): Pad 14 [/DSI_D2_P] of J4 on Top Layer
    @(116.4000 mm, 148.0800 mm): Pad 16 [GND] of J4 on Top Layer
[solder_mask_bridge]: Front solder mask aperture bridges items with different nets
    Rule: board setup solder mask min width; error
    @(158.0000 mm, 148.0800 mm): Pad 30 [unconnected-(J5-Pin_30-Pad30)] of J5 on Top Layer
    @(158.4000 mm, 148.0800 mm): Pad 32 [unconnected-(J5-Pin_32-Pad32)] of J5 on Top Layer
[solder_mask_bridge]: Front solder mask aperture bridges items with different nets
    Rule: board setup solder mask min width; error
    @(135.8000 mm, 32.8300 mm): Pad 27 [unconnected-(J3-Pin_27-Pad27)] of J3 on Top Layer
    @(135.4000 mm, 32.8300 mm): Pad 29 [unconnected-(J3-Pin_29-Pad29)] of J3 on Top Layer
[solder_mask_bridge]: Front solder mask aperture bridges items with different nets
    Rule: board setup solder mask min width; error
    @(116.4000 mm, 145.0000 mm): Pad 15 [GND] of J4 on Top Layer
    @(116.8000 mm, 145.0000 mm): Pad 17 [/DSI_D3_N] of J4 on Top Layer
[solder_mask_bridge]: Front solder mask aperture bridges items with different nets
    Rule: board setup solder mask min width; error
    @(135.8000 mm, 29.7500 mm): Pad 28 [unconnected-(J3-Pin_28-Pad28)] of J3 on Top Layer
    @(135.4000 mm, 29.7500 mm): Pad 30 [unconnected-(J3-Pin_30-Pad30)] of J3 on Top Layer
[solder_mask_bridge]: Front solder mask aperture bridges items with different nets
    Rule: board setup solder mask min width; error
    @(116.4000 mm, 148.0800 mm): Pad 16 [GND] of J4 on Top Layer
    @(116.8000 mm, 148.0800 mm): Pad 18 [/DSI_D3_P] of J4 on Top Layer
[solder_mask_bridge]: Front solder mask aperture bridges items with different nets
    Rule: board setup solder mask min width; error
    @(158.4000 mm, 145.0000 mm): Pad 31 [unconnected-(J5-Pin_31-Pad31)] of J5 on Top Layer
    @(158.8000 mm, 145.0000 mm): Pad 33 [unconnected-(J5-Pin_33-Pad33)] of J5 on Top Layer
[solder_mask_bridge]: Front solder mask aperture bridges items with different nets
    Rule: board setup solder mask min width; error
    @(135.4000 mm, 32.8300 mm): Pad 29 [unconnected-(J3-Pin_29-Pad29)] of J3 on Top Layer
    @(135.0000 mm, 32.8300 mm): Pad 31 [unconnected-(J3-Pin_31-Pad31)] of J3 on Top Layer
[solder_mask_bridge]: Front solder mask aperture bridges items with different nets
    Rule: board setup solder mask min width; error
    @(116.8000 mm, 145.0000 mm): Pad 17 [/DSI_D3_N] of J4 on Top Layer
    @(117.2000 mm, 145.0000 mm): Pad 19 [GND] of J4 on Top Layer
[solder_mask_bridge]: Front solder mask aperture bridges items with different nets
    Rule: board setup solder mask min width; error
    @(118.2388 mm, 145.7921 mm): Track [+3.7VBAT] on Top Layer, length 0.7308 mm
    @(118.0000 mm, 145.0000 mm): Pad 23 [+3.3V] of J4 on Top Layer
[solder_mask_bridge]: Front solder mask aperture bridges items with different nets
    Rule: board setup solder mask min width; error
    @(158.4000 mm, 148.0800 mm): Pad 32 [unconnected-(J5-Pin_32-Pad32)] of J5 on Top Layer
    @(158.8000 mm, 148.0800 mm): Pad 34 [unconnected-(J5-Pin_34-Pad34)] of J5 on Top Layer
[solder_mask_bridge]: Front solder mask aperture bridges items with different nets
    Rule: board setup solder mask min width; error
    @(116.8000 mm, 148.0800 mm): Pad 18 [/DSI_D3_P] of J4 on Top Layer
    @(117.2000 mm, 148.0800 mm): Pad 20 [GND] of J4 on Top Layer
[solder_mask_bridge]: Front solder mask aperture bridges items with different nets
    Rule: board setup solder mask min width; error
    @(135.4000 mm, 29.7500 mm): Pad 30 [unconnected-(J3-Pin_30-Pad30)] of J3 on Top Layer
    @(135.0000 mm, 29.7500 mm): Pad 32 [unconnected-(J3-Pin_32-Pad32)] of J3 on Top Layer
[solder_mask_bridge]: Front solder mask aperture bridges items with different nets
    Rule: board setup solder mask min width; error
    @(117.2000 mm, 145.0000 mm): Pad 19 [GND] of J4 on Top Layer
    @(117.6000 mm, 145.0000 mm): Pad 21 [/I2C3_SCL] of J4 on Top Layer
[solder_mask_bridge]: Front solder mask aperture bridges items with different nets
    Rule: board setup solder mask min width; error
    @(118.2388 mm, 145.0612 mm): Track [+3.7VBAT] on Top Layer, length 0.0866 mm
    @(118.0000 mm, 145.0000 mm): Pad 23 [+3.3V] of J4 on Top Layer
[solder_mask_bridge]: Front solder mask aperture bridges items with different nets
    Rule: board setup solder mask min width; error
    @(151.4983 mm, 106.0080 mm): Track [+3.7VBAT] on Top Layer, length 0.9192 mm
    @(151.0262 mm, 106.1883 mm): Pad 8 [Power Good] of U3 on Top Layer
[solder_mask_bridge]: Front solder mask aperture bridges items with different nets
    Rule: board setup solder mask min width; error
    @(117.2000 mm, 148.0800 mm): Pad 20 [GND] of J4 on Top Layer
    @(117.6000 mm, 148.0800 mm): Pad 22 [/I2C3_SDA] of J4 on Top Layer
[solder_mask_bridge]: Front solder mask aperture bridges items with different nets
    Rule: board setup solder mask min width; error
    @(135.0000 mm, 32.8300 mm): Pad 31 [unconnected-(J3-Pin_31-Pad31)] of J3 on Top Layer
    @(134.6000 mm, 32.8300 mm): Pad 33 [unconnected-(J3-Pin_33-Pad33)] of J3 on Top Layer
[solder_mask_bridge]: Front solder mask aperture bridges items with different nets
    Rule: board setup solder mask min width; error
    @(117.6000 mm, 145.0000 mm): Pad 21 [/I2C3_SCL] of J4 on Top Layer
    @(118.0000 mm, 145.0000 mm): Pad 23 [+3.3V] of J4 on Top Layer
[solder_mask_bridge]: Front solder mask aperture bridges items with different nets
    Rule: board setup solder mask min width; error
    @(135.0000 mm, 29.7500 mm): Pad 32 [unconnected-(J3-Pin_32-Pad32)] of J3 on Top Layer
    @(134.6000 mm, 29.7500 mm): Pad 34 [unconnected-(J3-Pin_34-Pad34)] of J3 on Top Layer
[solder_mask_bridge]: Front solder mask aperture bridges items with different nets
    Rule: board setup solder mask min width; error
    @(117.6000 mm, 148.0800 mm): Pad 22 [/I2C3_SDA] of J4 on Top Layer
    @(118.0000 mm, 148.0800 mm): Pad 24 [+5V] of J4 on Top Layer
[solder_mask_bridge]: Front solder mask aperture bridges items with different nets
    Rule: board setup solder mask min width; error
    @(118.0000 mm, 145.0000 mm): Pad 23 [+3.3V] of J4 on Top Layer
    @(118.4000 mm, 145.0000 mm): Pad 25 [+3.7VBAT] of J4 on Top Layer
[solder_mask_bridge]: Front solder mask aperture bridges items with different nets
    Rule: board setup solder mask min width; error
    @(118.0000 mm, 148.0800 mm): Pad 24 [+5V] of J4 on Top Layer
    @(118.4000 mm, 148.0800 mm): Pad 26 [GND] of J4 on Top Layer
[solder_mask_bridge]: Front solder mask aperture bridges items with different nets
    Rule: board setup solder mask min width; error
    @(118.4000 mm, 145.0000 mm): Pad 25 [+3.7VBAT] of J4 on Top Layer
    @(118.8000 mm, 145.0000 mm): Pad 27 [RST] of J4 on Top Layer
[solder_mask_bridge]: Front solder mask aperture bridges items with different nets
    Rule: board setup solder mask min width; error
    @(118.4000 mm, 148.0800 mm): Pad 26 [GND] of J4 on Top Layer
    @(118.8000 mm, 148.0800 mm): Pad 28 [unconnected-(J4-Pin_28-Pad28)] of J4 on Top Layer
[solder_mask_bridge]: Front solder mask aperture bridges items with different nets
    Rule: board setup solder mask min width; error
    @(118.8000 mm, 145.0000 mm): Pad 27 [RST] of J4 on Top Layer
    @(119.2000 mm, 145.0000 mm): Pad 29 [unconnected-(J4-Pin_29-Pad29)] of J4 on Top Layer
[solder_mask_bridge]: Front solder mask aperture bridges items with different nets
    Rule: board setup solder mask min width; error
    @(111.9000 mm, 122.8717 mm): Track [PCM_IN] on Top Layer, length 0.9409 mm
    @(111.5500 mm, 122.0250 mm): Pad 44 [GND] of U6 on Top Layer
[solder_mask_bridge]: Front solder mask aperture bridges items with different nets
    Rule: board setup solder mask min width; error
    @(118.8000 mm, 148.0800 mm): Pad 28 [unconnected-(J4-Pin_28-Pad28)] of J4 on Top Layer
    @(119.2000 mm, 148.0800 mm): Pad 30 [unconnected-(J4-Pin_30-Pad30)] of J4 on Top Layer
[solder_mask_bridge]: Front solder mask aperture bridges items with different nets
    Rule: board setup solder mask min width; error
    @(119.2000 mm, 145.0000 mm): Pad 29 [unconnected-(J4-Pin_29-Pad29)] of J4 on Top Layer
    @(119.6000 mm, 145.0000 mm): Pad 31 [unconnected-(J4-Pin_31-Pad31)] of J4 on Top Layer
[solder_mask_bridge]: Front solder mask aperture bridges items with different nets
    Rule: board setup solder mask min width; error
    @(119.2000 mm, 148.0800 mm): Pad 30 [unconnected-(J4-Pin_30-Pad30)] of J4 on Top Layer
    @(119.6000 mm, 148.0800 mm): Pad 32 [unconnected-(J4-Pin_32-Pad32)] of J4 on Top Layer
[solder_mask_bridge]: Front solder mask aperture bridges items with different nets
    Rule: board setup solder mask min width; error
    @(137.6412 mm, 30.4624 mm): Track [CAM_I2C_SDA] on Top Layer, length 0.6535 mm
    @(137.4000 mm, 29.7500 mm): Pad 20 [unconnected-(J3-Pin_20-Pad20)] of J3 on Top Layer
[solder_mask_bridge]: Front solder mask aperture bridges items with different nets
    Rule: board setup solder mask min width; error
    @(137.6412 mm, 29.8088 mm): Track [CAM_I2C_SDA] on Top Layer, length 0.0832 mm
    @(137.4000 mm, 29.7500 mm): Pad 20 [unconnected-(J3-Pin_20-Pad20)] of J3 on Top Layer
[solder_mask_bridge]: Front solder mask aperture bridges items with different nets
    Rule: board setup solder mask min width; error
    @(119.6000 mm, 145.0000 mm): Pad 31 [unconnected-(J4-Pin_31-Pad31)] of J4 on Top Layer
    @(120.0000 mm, 145.0000 mm): Pad 33 [unconnected-(J4-Pin_33-Pad33)] of J4 on Top Layer
[solder_mask_bridge]: Front solder mask aperture bridges items with different nets
    Rule: board setup solder mask min width; error
    @(119.6000 mm, 148.0800 mm): Pad 32 [unconnected-(J4-Pin_32-Pad32)] of J4 on Top Layer
    @(120.0000 mm, 148.0800 mm): Pad 34 [unconnected-(J4-Pin_34-Pad34)] of J4 on Top Layer
[solder_mask_bridge]: Front solder mask aperture bridges items with different nets
    Rule: board setup solder mask min width; error
    @(138.3612 mm, 32.0788 mm): Track [+3.7VBAT] on Top Layer, length 0.6900 mm
    @(138.6000 mm, 32.8300 mm): Pad 13 [+3.3V] of J3 on Top Layer
[solder_mask_bridge]: Front solder mask aperture bridges items with different nets
    Rule: board setup solder mask min width; error
    @(138.3612 mm, 32.7688 mm): Track [+3.7VBAT] on Top Layer, length 0.0866 mm
    @(138.6000 mm, 32.8300 mm): Pad 13 [+3.3V] of J3 on Top Layer
[solder_mask_bridge]: Front solder mask aperture bridges items with different nets
    Rule: board setup solder mask min width; error
    @(117.7588 mm, 147.3312 mm): Track [/I2C3_SDA] on Top Layer, length 0.6900 mm
    @(118.0000 mm, 148.0800 mm): Pad 24 [+5V] of J4 on Top Layer
[solder_mask_bridge]: Front solder mask aperture bridges items with different nets
    Rule: board setup solder mask min width; error
    @(117.7588 mm, 148.0212 mm): Track [/I2C3_SDA] on Top Layer, length 0.0832 mm
    @(118.0000 mm, 148.0800 mm): Pad 24 [+5V] of J4 on Top Layer
[solder_mask_bridge]: Front solder mask aperture bridges items with different nets
    Rule: board setup solder mask min width; error
    @(156.0262 mm, 109.3632 mm): Pad 15 [GND] of U4 on Top Layer
    @(155.0262 mm, 109.8632 mm): PTH pad 16 [<no net>] of U4
[solder_mask_bridge]: Front solder mask aperture bridges items with different nets
    Rule: board setup solder mask min width; error
    @(156.0262 mm, 109.3632 mm): Pad 15 [GND] of U4 on Top Layer
    @(155.0262 mm, 108.8632 mm): PTH pad 18 [<no net>] of U4
[solder_mask_bridge]: Front solder mask aperture bridges items with different nets
    Rule: board setup solder mask min width; error
    @(156.0262 mm, 109.3632 mm): Pad 15 [GND] of U4 on Top Layer
    @(155.5262 mm, 109.3632 mm): PTH pad 20 [<no net>] of U4
[solder_mask_bridge]: Front solder mask aperture bridges items with different nets
    Rule: board setup solder mask min width; error
    @(156.0262 mm, 109.3632 mm): Pad 15 [GND] of U4 on Top Layer
    @(155.5262 mm, 108.8632 mm): PTH pad 21 [<no net>] of U4
[solder_mask_bridge]: Front solder mask aperture bridges items with different nets
    Rule: board setup solder mask min width; error
    @(156.0262 mm, 109.3632 mm): Pad 15 [GND] of U4 on Top Layer
    @(156.0262 mm, 108.8632 mm): PTH pad 24 [<no net>] of U4
[solder_mask_bridge]: Front solder mask aperture bridges items with different nets
    Rule: board setup solder mask min width; error
    @(156.0262 mm, 109.3632 mm): Pad 15 [GND] of U4 on Top Layer
    @(155.5262 mm, 109.8632 mm): PTH pad 19 [<no net>] of U4
[solder_mask_bridge]: Front solder mask aperture bridges items with different nets
    Rule: board setup solder mask min width; error
    @(156.0262 mm, 109.3632 mm): Pad 15 [GND] of U4 on Top Layer
    @(156.0262 mm, 109.3632 mm): PTH pad 23 [<no net>] of U4
[solder_mask_bridge]: Front solder mask aperture bridges items with different nets
    Rule: board setup solder mask min width; error
    @(156.0262 mm, 109.3632 mm): Pad 15 [GND] of U4 on Top Layer
    @(156.0262 mm, 109.8632 mm): PTH pad 22 [<no net>] of U4
[solder_mask_bridge]: Front solder mask aperture bridges items with different nets
    Rule: board setup solder mask min width; error
    @(156.0262 mm, 109.3632 mm): Pad 15 [GND] of U4 on Top Layer
    @(156.5262 mm, 109.8632 mm): PTH pad 25 [<no net>] of U4
[solder_mask_bridge]: Front solder mask aperture bridges items with different nets
    Rule: board setup solder mask min width; error
    @(156.0262 mm, 109.3632 mm): Pad 15 [GND] of U4 on Top Layer
    @(157.0262 mm, 109.8632 mm): PTH pad 28 [<no net>] of U4
[solder_mask_bridge]: Front solder mask aperture bridges items with different nets
    Rule: board setup solder mask min width; error
    @(156.0262 mm, 109.3632 mm): Pad 15 [GND] of U4 on Top Layer
    @(156.5262 mm, 109.3632 mm): PTH pad 26 [<no net>] of U4
[solder_mask_bridge]: Front solder mask aperture bridges items with different nets
    Rule: board setup solder mask min width; error
    @(156.0262 mm, 109.3632 mm): Pad 15 [GND] of U4 on Top Layer
    @(156.5262 mm, 108.8632 mm): PTH pad 27 [<no net>] of U4
[solder_mask_bridge]: Front solder mask aperture bridges items with different nets
    Rule: board setup solder mask min width; error
    @(156.0262 mm, 109.3632 mm): Pad 15 [GND] of U4 on Top Layer
    @(157.0262 mm, 109.3632 mm): PTH pad 29 [<no net>] of U4
[solder_mask_bridge]: Front solder mask aperture bridges items with different nets
    Rule: board setup solder mask min width; error
    @(156.0262 mm, 109.3632 mm): Pad 15 [GND] of U4 on Top Layer
    @(157.0262 mm, 108.8632 mm): PTH pad 30 [<no net>] of U4
[solder_mask_bridge]: Front solder mask aperture bridges items with different nets
    Rule: board setup solder mask min width; error
    @(156.0262 mm, 109.3632 mm): Pad 15 [GND] of U4 on Top Layer
    @(155.0262 mm, 109.3632 mm): PTH pad 17 [<no net>] of U4
[solder_mask_bridge]: Front solder mask aperture bridges items with different nets
    Rule: board setup solder mask min width; error
    @(150.7758 mm, 106.1880 mm): Track [Power Good] on Top Layer, length 0.3026 mm
    @(150.1262 mm, 106.0083 mm): Pad 7 [+5V] of U3 on Top Layer
[solder_mask_bridge]: Front solder mask aperture bridges items with different nets
    Rule: board setup solder mask min width; error
    @(150.5618 mm, 105.9741 mm): Track [Power Good] on Top Layer, length 0.2030 mm
    @(150.1262 mm, 106.0083 mm): Pad 7 [+5V] of U3 on Top Layer
[solder_mask_bridge]: Front solder mask aperture bridges items with different nets
    Rule: board setup solder mask min width; error
    @(152.4000 mm, 145.0000 mm): Pad 1 [+3.3V] of J5 on Top Layer
    @(152.8000 mm, 145.0000 mm): Pad 3 [+3.7VBAT] of J5 on Top Layer
[solder_mask_bridge]: Front solder mask aperture bridges items with different nets
    Rule: board setup solder mask min width; error
    @(152.4000 mm, 148.0800 mm): Pad 2 [+5V] of J5 on Top Layer
    @(152.8000 mm, 148.0800 mm): Pad 4 [GND] of J5 on Top Layer
[solder_mask_bridge]: Front solder mask aperture bridges items with different nets
    Rule: board setup solder mask min width; error
    @(152.8000 mm, 145.0000 mm): Pad 3 [+3.7VBAT] of J5 on Top Layer
    @(153.2000 mm, 145.0000 mm): Pad 5 [unconnected-(J5-Pin_5-Pad5)] of J5 on Top Layer
[solder_mask_bridge]: Front solder mask aperture bridges items with different nets
    Rule: board setup solder mask min width; error
    @(152.8000 mm, 148.0800 mm): Pad 4 [GND] of J5 on Top Layer
    @(153.2000 mm, 148.0800 mm): Pad 6 [unconnected-(J5-Pin_6-Pad6)] of J5 on Top Layer
[solder_mask_bridge]: Front solder mask aperture bridges items with different nets
    Rule: board setup solder mask min width; error
    @(153.2000 mm, 145.0000 mm): Pad 5 [unconnected-(J5-Pin_5-Pad5)] of J5 on Top Layer
    @(153.6000 mm, 145.0000 mm): Pad 7 [unconnected-(J5-Pin_7-Pad7)] of J5 on Top Layer
[solder_mask_bridge]: Front solder mask aperture bridges items with different nets
    Rule: board setup solder mask min width; error
    @(155.0262 mm, 109.8632 mm): PTH pad 16 [<no net>] of U4
    @(155.5262 mm, 109.8632 mm): PTH pad 19 [<no net>] of U4
[solder_mask_bridge]: Front solder mask aperture bridges items with different nets
    Rule: board setup solder mask min width; error
    @(155.0262 mm, 109.8632 mm): PTH pad 16 [<no net>] of U4
    @(155.0262 mm, 109.3632 mm): PTH pad 17 [<no net>] of U4
[solder_mask_bridge]: Rear solder mask aperture bridges items with different nets
    Rule: board setup solder mask min width; error
    @(155.0262 mm, 109.8632 mm): PTH pad 16 [<no net>] of U4
    @(155.0262 mm, 109.3632 mm): PTH pad 17 [<no net>] of U4
[solder_mask_bridge]: Rear solder mask aperture bridges items with different nets
    Rule: board setup solder mask min width; error
    @(155.0262 mm, 109.8632 mm): PTH pad 16 [<no net>] of U4
    @(155.5262 mm, 109.8632 mm): PTH pad 19 [<no net>] of U4
[solder_mask_bridge]: Front solder mask aperture bridges items with different nets
    Rule: board setup solder mask min width; error
    @(155.0262 mm, 109.3632 mm): PTH pad 17 [<no net>] of U4
    @(155.0262 mm, 108.8632 mm): PTH pad 18 [<no net>] of U4
[solder_mask_bridge]: Front solder mask aperture bridges items with different nets
    Rule: board setup solder mask min width; error
    @(155.0262 mm, 109.3632 mm): PTH pad 17 [<no net>] of U4
    @(155.5262 mm, 109.3632 mm): PTH pad 20 [<no net>] of U4
[solder_mask_bridge]: Rear solder mask aperture bridges items with different nets
    Rule: board setup solder mask min width; error
    @(155.0262 mm, 109.3632 mm): PTH pad 17 [<no net>] of U4
    @(155.5262 mm, 109.3632 mm): PTH pad 20 [<no net>] of U4
[solder_mask_bridge]: Rear solder mask aperture bridges items with different nets
    Rule: board setup solder mask min width; error
    @(155.0262 mm, 109.3632 mm): PTH pad 17 [<no net>] of U4
    @(155.0262 mm, 108.8632 mm): PTH pad 18 [<no net>] of U4
[solder_mask_bridge]: Front solder mask aperture bridges items with different nets
    Rule: board setup solder mask min width; error
    @(155.0262 mm, 108.8632 mm): PTH pad 18 [<no net>] of U4
    @(155.5262 mm, 108.8632 mm): PTH pad 21 [<no net>] of U4
[solder_mask_bridge]: Rear solder mask aperture bridges items with different nets
    Rule: board setup solder mask min width; error
    @(155.0262 mm, 108.8632 mm): PTH pad 18 [<no net>] of U4
    @(155.5262 mm, 108.8632 mm): PTH pad 21 [<no net>] of U4
[solder_mask_bridge]: Front solder mask aperture bridges items with different nets
    Rule: board setup solder mask min width; error
    @(155.5262 mm, 109.8632 mm): PTH pad 19 [<no net>] of U4
    @(155.5262 mm, 109.3632 mm): PTH pad 20 [<no net>] of U4
[solder_mask_bridge]: Front solder mask aperture bridges items with different nets
    Rule: board setup solder mask min width; error
    @(155.5262 mm, 109.8632 mm): PTH pad 19 [<no net>] of U4
    @(156.0262 mm, 109.8632 mm): PTH pad 22 [<no net>] of U4
[solder_mask_bridge]: Rear solder mask aperture bridges items with different nets
    Rule: board setup solder mask min width; error
    @(155.5262 mm, 109.8632 mm): PTH pad 19 [<no net>] of U4
    @(155.5262 mm, 109.3632 mm): PTH pad 20 [<no net>] of U4
[solder_mask_bridge]: Rear solder mask aperture bridges items with different nets
    Rule: board setup solder mask min width; error
    @(155.5262 mm, 109.8632 mm): PTH pad 19 [<no net>] of U4
    @(156.0262 mm, 109.8632 mm): PTH pad 22 [<no net>] of U4
[solder_mask_bridge]: Front solder mask aperture bridges items with different nets
    Rule: board setup solder mask min width; error
    @(155.5262 mm, 109.3632 mm): PTH pad 20 [<no net>] of U4
    @(155.5262 mm, 108.8632 mm): PTH pad 21 [<no net>] of U4
[solder_mask_bridge]: Front solder mask aperture bridges items with different nets
    Rule: board setup solder mask min width; error
    @(155.5262 mm, 109.3632 mm): PTH pad 20 [<no net>] of U4
    @(156.0262 mm, 109.3632 mm): PTH pad 23 [<no net>] of U4
[solder_mask_bridge]: Rear solder mask aperture bridges items with different nets
    Rule: board setup solder mask min width; error
    @(155.5262 mm, 109.3632 mm): PTH pad 20 [<no net>] of U4
    @(156.0262 mm, 109.3632 mm): PTH pad 23 [<no net>] of U4
[solder_mask_bridge]: Rear solder mask aperture bridges items with different nets
    Rule: board setup solder mask min width; error
    @(155.5262 mm, 109.3632 mm): PTH pad 20 [<no net>] of U4
    @(155.5262 mm, 108.8632 mm): PTH pad 21 [<no net>] of U4
[solder_mask_bridge]: Front solder mask aperture bridges items with different nets
    Rule: board setup solder mask min width; error
    @(155.5262 mm, 108.8632 mm): PTH pad 21 [<no net>] of U4
    @(156.0262 mm, 108.8632 mm): PTH pad 24 [<no net>] of U4
[solder_mask_bridge]: Rear solder mask aperture bridges items with different nets
    Rule: board setup solder mask min width; error
    @(155.5262 mm, 108.8632 mm): PTH pad 21 [<no net>] of U4
    @(156.0262 mm, 108.8632 mm): PTH pad 24 [<no net>] of U4
[solder_mask_bridge]: Front solder mask aperture bridges items with different nets
    Rule: board setup solder mask min width; error
    @(156.0262 mm, 109.8632 mm): PTH pad 22 [<no net>] of U4
    @(156.0262 mm, 109.3632 mm): PTH pad 23 [<no net>] of U4
[solder_mask_bridge]: Front solder mask aperture bridges items with different nets
    Rule: board setup solder mask min width; error
    @(156.0262 mm, 109.8632 mm): PTH pad 22 [<no net>] of U4
    @(156.5262 mm, 109.8632 mm): PTH pad 25 [<no net>] of U4
[solder_mask_bridge]: Rear solder mask aperture bridges items with different nets
    Rule: board setup solder mask min width; error
    @(156.0262 mm, 109.8632 mm): PTH pad 22 [<no net>] of U4
    @(156.0262 mm, 109.3632 mm): PTH pad 23 [<no net>] of U4
[solder_mask_bridge]: Rear solder mask aperture bridges items with different nets
    Rule: board setup solder mask min width; error
    @(156.0262 mm, 109.8632 mm): PTH pad 22 [<no net>] of U4
    @(156.5262 mm, 109.8632 mm): PTH pad 25 [<no net>] of U4
[solder_mask_bridge]: Front solder mask aperture bridges items with different nets
    Rule: board setup solder mask min width; error
    @(156.0262 mm, 109.3632 mm): PTH pad 23 [<no net>] of U4
    @(156.0262 mm, 108.8632 mm): PTH pad 24 [<no net>] of U4
[solder_mask_bridge]: Front solder mask aperture bridges items with different nets
    Rule: board setup solder mask min width; error
    @(156.0262 mm, 109.3632 mm): PTH pad 23 [<no net>] of U4
    @(156.5262 mm, 109.3632 mm): PTH pad 26 [<no net>] of U4
[solder_mask_bridge]: Rear solder mask aperture bridges items with different nets
    Rule: board setup solder mask min width; error
    @(156.0262 mm, 109.3632 mm): PTH pad 23 [<no net>] of U4
    @(156.5262 mm, 109.3632 mm): PTH pad 26 [<no net>] of U4
[solder_mask_bridge]: Rear solder mask aperture bridges items with different nets
    Rule: board setup solder mask min width; error
    @(156.0262 mm, 109.3632 mm): PTH pad 23 [<no net>] of U4
    @(156.0262 mm, 108.8632 mm): PTH pad 24 [<no net>] of U4
[solder_mask_bridge]: Front solder mask aperture bridges items with different nets
    Rule: board setup solder mask min width; error
    @(156.0262 mm, 108.8632 mm): PTH pad 24 [<no net>] of U4
    @(156.5262 mm, 108.8632 mm): PTH pad 27 [<no net>] of U4
[solder_mask_bridge]: Rear solder mask aperture bridges items with different nets
    Rule: board setup solder mask min width; error
    @(156.0262 mm, 108.8632 mm): PTH pad 24 [<no net>] of U4
    @(156.5262 mm, 108.8632 mm): PTH pad 27 [<no net>] of U4
[solder_mask_bridge]: Front solder mask aperture bridges items with different nets
    Rule: board setup solder mask min width; error
    @(156.5262 mm, 109.8632 mm): PTH pad 25 [<no net>] of U4
    @(157.0262 mm, 109.8632 mm): PTH pad 28 [<no net>] of U4
[solder_mask_bridge]: Front solder mask aperture bridges items with different nets
    Rule: board setup solder mask min width; error
    @(156.5262 mm, 109.8632 mm): PTH pad 25 [<no net>] of U4
    @(156.5262 mm, 109.3632 mm): PTH pad 26 [<no net>] of U4
[solder_mask_bridge]: Rear solder mask aperture bridges items with different nets
    Rule: board setup solder mask min width; error
    @(156.5262 mm, 109.8632 mm): PTH pad 25 [<no net>] of U4
    @(156.5262 mm, 109.3632 mm): PTH pad 26 [<no net>] of U4
[solder_mask_bridge]: Rear solder mask aperture bridges items with different nets
    Rule: board setup solder mask min width; error
    @(156.5262 mm, 109.8632 mm): PTH pad 25 [<no net>] of U4
    @(157.0262 mm, 109.8632 mm): PTH pad 28 [<no net>] of U4
[solder_mask_bridge]: Front solder mask aperture bridges items with different nets
    Rule: board setup solder mask min width; error
    @(156.5262 mm, 109.3632 mm): PTH pad 26 [<no net>] of U4
    @(156.5262 mm, 108.8632 mm): PTH pad 27 [<no net>] of U4
[solder_mask_bridge]: Front solder mask aperture bridges items with different nets
    Rule: board setup solder mask min width; error
    @(156.5262 mm, 109.3632 mm): PTH pad 26 [<no net>] of U4
    @(157.0262 mm, 109.3632 mm): PTH pad 29 [<no net>] of U4
[solder_mask_bridge]: Rear solder mask aperture bridges items with different nets
    Rule: board setup solder mask min width; error
    @(156.5262 mm, 109.3632 mm): PTH pad 26 [<no net>] of U4
    @(157.0262 mm, 109.3632 mm): PTH pad 29 [<no net>] of U4
[solder_mask_bridge]: Rear solder mask aperture bridges items with different nets
    Rule: board setup solder mask min width; error
    @(156.5262 mm, 109.3632 mm): PTH pad 26 [<no net>] of U4
    @(156.5262 mm, 108.8632 mm): PTH pad 27 [<no net>] of U4
[via_diameter]: Via diameter (board setup constraints min diameter 0.6000 mm; actual 0.2502 mm)
    Rule: netclass 'Default'; error
    @(153.3771 mm, 107.5954 mm): Via [+3.7VBAT] on Top Layer - Bottom Layer
[via_diameter]: Via diameter (board setup constraints min diameter 0.6000 mm; actual 0.2502 mm)
    Rule: netclass 'Default'; error
    @(155.9620 mm, 112.4197 mm): Via [Net-(U4-FB)] on Top Layer - Bottom Layer
[via_diameter]: Via diameter (board setup constraints min diameter 0.6000 mm; actual 0.2502 mm)
    Rule: netclass 'Default'; error
    @(118.1356 mm, 98.4080 mm): Via [SD2_CD_B] on Top Layer - Bottom Layer
[via_diameter]: Via diameter (board setup constraints min diameter 0.6000 mm; actual 0.2502 mm)
    Rule: netclass 'Default'; error
    @(152.0804 mm, 145.0197 mm): Via [+3.3V] on Top Layer - Bottom Layer
[via_diameter]: Via diameter (board setup constraints min diameter 0.6000 mm; actual 0.2502 mm)
    Rule: netclass 'Default'; error
    @(150.3616 mm, 96.2487 mm): Via [+3.7VBAT] on Top Layer - Bottom Layer
[via_diameter]: Via diameter (board setup constraints min diameter 0.6000 mm; actual 0.2502 mm)
    Rule: netclass 'Default'; error
    @(118.2053 mm, 148.6573 mm): Via [+5V] on Top Layer - Bottom Layer
[via_diameter]: Via diameter (board setup constraints min diameter 0.6000 mm; actual 0.2502 mm)
    Rule: netclass 'Default'; error
    @(145.0878 mm, 54.0147 mm): Via [+5V] on Top Layer - Bottom Layer
[via_diameter]: Via diameter (board setup constraints min diameter 0.6000 mm; actual 0.2502 mm)
    Rule: netclass 'Default'; error
    @(146.2007 mm, 57.2985 mm): Via [+5V] on Top Layer - Bottom Layer
[via_diameter]: Via diameter (board setup constraints min diameter 0.6000 mm; actual 0.2502 mm)
    Rule: netclass 'Default'; error
    @(146.3234 mm, 58.4866 mm): Via [+5V] on Top Layer - Bottom Layer
[via_diameter]: Via diameter (board setup constraints min diameter 0.6000 mm; actual 0.2502 mm)
    Rule: netclass 'Default'; error
    @(146.4528 mm, 103.3026 mm): Via [+5V] on Top Layer - Bottom Layer
[via_diameter]: Via diameter (board setup constraints min diameter 0.6000 mm; actual 0.2502 mm)
    Rule: netclass 'Default'; error
    @(149.0064 mm, 103.5078 mm): Via [+5V] on Top Layer - Bottom Layer
[via_diameter]: Via diameter (board setup constraints min diameter 0.6000 mm; actual 0.2502 mm)
    Rule: netclass 'Default'; error
    @(150.1043 mm, 103.3938 mm): Via [+5V] on Top Layer - Bottom Layer
[via_diameter]: Via diameter (board setup constraints min diameter 0.6000 mm; actual 0.2502 mm)
    Rule: netclass 'Default'; error
    @(150.5975 mm, 103.8464 mm): Via [+5V] on Top Layer - Bottom Layer
[via_diameter]: Via diameter (board setup constraints min diameter 0.6000 mm; actual 0.2502 mm)
    Rule: netclass 'Default'; error
    @(152.9938 mm, 100.7120 mm): Via [+5V] on Top Layer - Bottom Layer
[via_diameter]: Via diameter (board setup constraints min diameter 0.6000 mm; actual 0.2502 mm)
    Rule: netclass 'Default'; error
    @(153.0338 mm, 96.1763 mm): Via [+5V] on Top Layer - Bottom Layer
[via_diameter]: Via diameter (board setup constraints min diameter 0.6000 mm; actual 0.2502 mm)
    Rule: netclass 'Default'; error
    @(153.0565 mm, 99.2456 mm): Via [+5V] on Top Layer - Bottom Layer
[via_diameter]: Via diameter (board setup constraints min diameter 0.6000 mm; actual 0.2502 mm)
    Rule: netclass 'Default'; error
    @(153.3265 mm, 61.6398 mm): Via [+5V] on Top Layer - Bottom Layer
[via_diameter]: Via diameter (board setup constraints min diameter 0.6000 mm; actual 0.2502 mm)
    Rule: netclass 'Default'; error
    @(159.7746 mm, 89.1589 mm): Via [+5V] on Top Layer - Bottom Layer
[via_diameter]: Via diameter (board setup constraints min diameter 0.6000 mm; actual 0.2502 mm)
    Rule: netclass 'Default'; error
    @(162.7772 mm, 88.9755 mm): Via [+5V] on Top Layer - Bottom Layer
[via_diameter]: Via diameter (board setup constraints min diameter 0.6000 mm; actual 0.2502 mm)
    Rule: netclass 'Default'; error
    @(141.3406 mm, 29.7425 mm): Via [/CSI_CLK_P] on Top Layer - Bottom Layer
[via_diameter]: Via diameter (board setup constraints min diameter 0.6000 mm; actual 0.2502 mm)
    Rule: netclass 'Default'; error
    @(114.2094 mm, 148.6632 mm): Via [/DSI_D0_P] on Top Layer - Bottom Layer
[via_diameter]: Via diameter (board setup constraints min diameter 0.6000 mm; actual 0.2502 mm)
    Rule: netclass 'Default'; error
    @(107.1482 mm, 120.0439 mm): Via [GND] on Top Layer - Bottom Layer
[via_diameter]: Via diameter (board setup constraints min diameter 0.6000 mm; actual 0.2502 mm)
    Rule: netclass 'Default'; error
    @(107.9851 mm, 114.8911 mm): Via [GND] on Top Layer - Bottom Layer
[via_diameter]: Via diameter (board setup constraints min diameter 0.6000 mm; actual 0.2502 mm)
    Rule: netclass 'Default'; error
    @(107.3825 mm, 125.0439 mm): Via [GND] on Top Layer - Bottom Layer
[via_diameter]: Via diameter (board setup constraints min diameter 0.6000 mm; actual 0.2502 mm)
    Rule: netclass 'Default'; error
    @(107.3617 mm, 98.9117 mm): Via [GND] on Top Layer - Bottom Layer
[via_diameter]: Via diameter (board setup constraints min diameter 0.6000 mm; actual 0.2502 mm)
    Rule: netclass 'Default'; error
    @(107.8678 mm, 118.5432 mm): Via [GND] on Top Layer - Bottom Layer
[via_diameter]: Via diameter (board setup constraints min diameter 0.6000 mm; actual 0.2502 mm)
    Rule: netclass 'Default'; error
    @(108.0838 mm, 122.1921 mm): Via [GND] on Top Layer - Bottom Layer
[via_diameter]: Via diameter (board setup constraints min diameter 0.6000 mm; actual 0.2502 mm)
    Rule: netclass 'Default'; error
    @(108.2970 mm, 119.7409 mm): Via [GND] on Top Layer - Bottom Layer
[via_diameter]: Via diameter (board setup constraints min diameter 0.6000 mm; actual 0.2502 mm)
    Rule: netclass 'Default'; error
    @(108.4476 mm, 122.8097 mm): Via [GND] on Top Layer - Bottom Layer
[via_diameter]: Via diameter (board setup constraints min diameter 0.6000 mm; actual 0.2502 mm)
    Rule: netclass 'Default'; error
    @(109.7075 mm, 118.7714 mm): Via [GND] on Top Layer - Bottom Layer
[via_diameter]: Via diameter (board setup constraints min diameter 0.6000 mm; actual 0.2502 mm)
    Rule: netclass 'Default'; error
    @(110.8168 mm, 120.5250 mm): Via [GND] on Top Layer - Bottom Layer
[via_diameter]: Via diameter (board setup constraints min diameter 0.6000 mm; actual 0.2502 mm)
    Rule: netclass 'Default'; error
    @(112.2910 mm, 122.0361 mm): Via [GND] on Top Layer - Bottom Layer
[via_diameter]: Via diameter (board setup constraints min diameter 0.6000 mm; actual 0.2502 mm)
    Rule: netclass 'Default'; error
    @(113.2767 mm, 124.0132 mm): Via [GND] on Top Layer - Bottom Layer
[via_diameter]: Via diameter (board setup constraints min diameter 0.6000 mm; actual 0.2502 mm)
    Rule: netclass 'Default'; error
    @(114.7196 mm, 144.4197 mm): Via [GND] on Top Layer - Bottom Layer
[via_diameter]: Via diameter (board setup constraints min diameter 0.6000 mm; actual 0.2502 mm)
    Rule: netclass 'Default'; error
    @(115.5530 mm, 144.4072 mm): Via [GND] on Top Layer - Bottom Layer
[via_diameter]: Via diameter (board setup constraints min diameter 0.6000 mm; actual 0.2502 mm)
    Rule: netclass 'Default'; error
    @(113.9668 mm, 119.9889 mm): Via [GND] on Top Layer - Bottom Layer
[via_diameter]: Via diameter (board setup constraints min diameter 0.6000 mm; actual 0.2502 mm)
    Rule: netclass 'Default'; error
    @(116.4100 mm, 144.4204 mm): Via [GND] on Top Layer - Bottom Layer
[via_diameter]: Via diameter (board setup constraints min diameter 0.6000 mm; actual 0.2502 mm)
    Rule: netclass 'Default'; error
    @(117.3167 mm, 148.6514 mm): Via [GND] on Top Layer - Bottom Layer
[via_diameter]: Via diameter (board setup constraints min diameter 0.6000 mm; actual 0.2502 mm)
    Rule: netclass 'Default'; error
    @(116.5246 mm, 148.6560 mm): Via [GND] on Top Layer - Bottom Layer
[via_diameter]: Via diameter (board setup constraints min diameter 0.6000 mm; actual 0.2502 mm)
    Rule: netclass 'Default'; error
    @(130.6182 mm, 142.8367 mm): Via [GND] on Top Layer - Bottom Layer
[via_diameter]: Via diameter (board setup constraints min diameter 0.6000 mm; actual 0.2502 mm)
    Rule: netclass 'Default'; error
    @(131.2514 mm, 142.8235 mm): Via [GND] on Top Layer - Bottom Layer
[via_diameter]: Via diameter (board setup constraints min diameter 0.6000 mm; actual 0.2502 mm)
    Rule: netclass 'Default'; error
    @(131.9124 mm, 142.8443 mm): Via [GND] on Top Layer - Bottom Layer
[via_diameter]: Via diameter (board setup constraints min diameter 0.6000 mm; actual 0.2502 mm)
    Rule: netclass 'Default'; error
    @(137.9872 mm, 29.1849 mm): Via [GND] on Top Layer - Bottom Layer
[via_diameter]: Via diameter (board setup constraints min diameter 0.6000 mm; actual 0.2502 mm)
    Rule: netclass 'Default'; error
    @(138.8407 mm, 33.4153 mm): Via [GND] on Top Layer - Bottom Layer
[via_diameter]: Via diameter (board setup constraints min diameter 0.6000 mm; actual 0.2502 mm)
    Rule: netclass 'Default'; error
    @(139.9570 mm, 87.2126 mm): Via [GND] on Top Layer - Bottom Layer
[via_diameter]: Via diameter (board setup constraints min diameter 0.6000 mm; actual 0.2502 mm)
    Rule: netclass 'Default'; error
    @(140.5022 mm, 33.4142 mm): Via [GND] on Top Layer - Bottom Layer
[via_diameter]: Via diameter (board setup constraints min diameter 0.6000 mm; actual 0.2502 mm)
    Rule: netclass 'Default'; error
    @(140.1096 mm, 128.1091 mm): Via [GND] on Top Layer - Bottom Layer
[via_diameter]: Via diameter (board setup constraints min diameter 0.6000 mm; actual 0.2502 mm)
    Rule: netclass 'Default'; error
    @(140.6227 mm, 29.1771 mm): Via [GND] on Top Layer - Bottom Layer
[via_diameter]: Via diameter (board setup constraints min diameter 0.6000 mm; actual 0.2502 mm)
    Rule: netclass 'Default'; error
    @(140.8130 mm, 120.1534 mm): Via [GND] on Top Layer - Bottom Layer
[via_diameter]: Via diameter (board setup constraints min diameter 0.6000 mm; actual 0.2502 mm)
    Rule: netclass 'Default'; error
    @(141.0272 mm, 122.6872 mm): Via [GND] on Top Layer - Bottom Layer
[via_diameter]: Via diameter (board setup constraints min diameter 0.6000 mm; actual 0.2502 mm)
    Rule: netclass 'Default'; error
    @(142.5111 mm, 54.6538 mm): Via [GND] on Top Layer - Bottom Layer
[via_diameter]: Via diameter (board setup constraints min diameter 0.6000 mm; actual 0.2502 mm)
    Rule: netclass 'Default'; error
    @(144.9933 mm, 50.6500 mm): Via [GND] on Top Layer - Bottom Layer
[via_diameter]: Via diameter (board setup constraints min diameter 0.6000 mm; actual 0.2502 mm)
    Rule: netclass 'Default'; error
    @(147.0493 mm, 149.3837 mm): Via [GND] on Top Layer - Bottom Layer
[via_diameter]: Via diameter (board setup constraints min diameter 0.6000 mm; actual 0.2502 mm)
    Rule: netclass 'Default'; error
    @(145.9848 mm, 116.7586 mm): Via [GND] on Top Layer - Bottom Layer
[via_diameter]: Via diameter (board setup constraints min diameter 0.6000 mm; actual 0.2502 mm)
    Rule: netclass 'Default'; error
    @(145.9772 mm, 121.4172 mm): Via [GND] on Top Layer - Bottom Layer
[via_diameter]: Via diameter (board setup constraints min diameter 0.6000 mm; actual 0.2502 mm)
    Rule: netclass 'Default'; error
    @(152.0778 mm, 151.8324 mm): Via [GND] on Top Layer - Bottom Layer
[via_diameter]: Via diameter (board setup constraints min diameter 0.6000 mm; actual 0.2502 mm)
    Rule: netclass 'Default'; error
    @(150.0554 mm, 51.1135 mm): Via [GND] on Top Layer - Bottom Layer
[via_diameter]: Via diameter (board setup constraints min diameter 0.6000 mm; actual 0.2502 mm)
    Rule: netclass 'Default'; error
    @(152.0526 mm, 104.4499 mm): Via [GND] on Top Layer - Bottom Layer
[via_diameter]: Via diameter (board setup constraints min diameter 0.6000 mm; actual 0.2502 mm)
    Rule: netclass 'Default'; error
    @(152.8505 mm, 148.7600 mm): Via [GND] on Top Layer - Bottom Layer
[via_diameter]: Via diameter (board setup constraints min diameter 0.6000 mm; actual 0.2502 mm)
    Rule: netclass 'Default'; error
    @(154.0893 mm, 114.5971 mm): Via [GND] on Top Layer - Bottom Layer
[via_diameter]: Via diameter (board setup constraints min diameter 0.6000 mm; actual 0.2502 mm)
    Rule: netclass 'Default'; error
    @(153.8065 mm, 142.3143 mm): Via [GND] on Top Layer - Bottom Layer
[via_diameter]: Via diameter (board setup constraints min diameter 0.6000 mm; actual 0.2502 mm)
    Rule: netclass 'Default'; error
    @(155.0283 mm, 111.3198 mm): Via [GND] on Top Layer - Bottom Layer
[via_diameter]: Via diameter (board setup constraints min diameter 0.6000 mm; actual 0.2502 mm)
    Rule: netclass 'Default'; error
    @(157.5246 mm, 104.8992 mm): Via [GND] on Top Layer - Bottom Layer
[via_diameter]: Via diameter (board setup constraints min diameter 0.6000 mm; actual 0.2502 mm)
    Rule: netclass 'Default'; error
    @(155.9560 mm, 62.6350 mm): Via [GND] on Top Layer - Bottom Layer
[via_diameter]: Via diameter (board setup constraints min diameter 0.6000 mm; actual 0.2502 mm)
    Rule: netclass 'Default'; error
    @(161.5603 mm, 84.2816 mm): Via [GND] on Top Layer - Bottom Layer
[via_diameter]: Via diameter (board setup constraints min diameter 0.6000 mm; actual 0.2502 mm)
    Rule: netclass 'Default'; error
    @(165.1447 mm, 90.9495 mm): Via [GND] on Top Layer - Bottom Layer
[via_diameter]: Via diameter (board setup constraints min diameter 0.6000 mm; actual 0.2502 mm)
    Rule: netclass 'Default'; error
    @(156.1833 mm, 107.4209 mm): Via [Net-(BT1-+)] on Top Layer - Bottom Layer
[via_diameter]: Via diameter (board setup constraints min diameter 0.6000 mm; actual 0.2502 mm)
    Rule: netclass 'Default'; error
    @(156.6691 mm, 100.8029 mm): Via [Net-(BT1-+)] on Top Layer - Bottom Layer
[via_diameter]: Via diameter (board setup constraints min diameter 0.6000 mm; actual 0.2502 mm)
    Rule: netclass 'Default'; error
    @(101.8604 mm, 122.0021 mm): Via [Net-(J6-Pin_1)] on Top Layer - Bottom Layer
[via_diameter]: Via diameter (board setup constraints min diameter 0.6000 mm; actual 0.2502 mm)
    Rule: netclass 'Default'; error
    @(133.7301 mm, 136.3398 mm): Via [Net-(U2-CAPP)] on Top Layer - Bottom Layer
[via_diameter]: Via diameter (board setup constraints min diameter 0.6000 mm; actual 0.2502 mm)
    Rule: netclass 'Default'; error
    @(154.6198 mm, 111.3902 mm): Via [Net-(U4-EN)] on Top Layer - Bottom Layer
[via_diameter]: Via diameter (board setup constraints min diameter 0.6000 mm; actual 0.2502 mm)
    Rule: netclass 'Default'; error
    @(112.8478 mm, 122.8089 mm): Via [PCM_CLK] on Top Layer - Bottom Layer
[via_diameter]: Via diameter (board setup constraints min diameter 0.6000 mm; actual 0.2502 mm)
    Rule: netclass 'Default'; error
    @(111.3773 mm, 122.8306 mm): Via [PCM_SYNC] on Top Layer - Bottom Layer
[via_diameter]: Via diameter (board setup constraints min diameter 0.6000 mm; actual 0.2502 mm)
    Rule: netclass 'Default'; error
    @(154.8480 mm, 107.4518 mm): Via [PG2] on Top Layer - Bottom Layer
[via_diameter]: Via diameter (board setup constraints min diameter 0.6000 mm; actual 0.2502 mm)
    Rule: netclass 'Default'; error
    @(110.2998 mm, 119.7322 mm): Via [REG_ON_WL] on Top Layer - Bottom Layer
[via_diameter]: Via diameter (board setup constraints min diameter 0.6000 mm; actual 0.2502 mm)
    Rule: netclass 'Default'; error
    @(117.8049 mm, 98.9917 mm): Via [SD2_CD_B] on Top Layer - Bottom Layer
[via_diameter]: Via diameter (board setup constraints min diameter 0.6000 mm; actual 0.2502 mm)
    Rule: netclass 'Default'; error
    @(117.6575 mm, 117.8762 mm): Via [GPIO_WF_2] on Top Layer - Bottom Layer
[via_diameter]: Via diameter (board setup constraints min diameter 0.6000 mm; actual 0.2502 mm)
    Rule: netclass 'Default'; error
    @(123.7120 mm, 96.3594 mm): Via [SD2_VDD] on Top Layer - Bottom Layer
[via_diameter]: Via diameter (board setup constraints min diameter 0.6000 mm; actual 0.2502 mm)
    Rule: netclass 'Default'; error
    @(129.2691 mm, 112.9436 mm): Via [BT_UART_T] on Top Layer - Bottom Layer
[via_diameter]: Via diameter (board setup constraints min diameter 0.6000 mm; actual 0.2502 mm)
    Rule: netclass 'Default'; error
    @(115.0525 mm, 105.8223 mm): Via [SDIO_1] on Top Layer - Bottom Layer
[via_diameter]: Via diameter (board setup constraints min diameter 0.6000 mm; actual 0.2502 mm)
    Rule: netclass 'Default'; error
    @(126.0395 mm, 60.4526 mm): Via [/DSI_D2_N] on Top Layer - Bottom Layer
[via_diameter]: Via diameter (board setup constraints min diameter 0.6000 mm; actual 0.2502 mm)
    Rule: netclass 'Default'; error
    @(112.5149 mm, 119.8350 mm): Via [SDIO_3] on Top Layer - Bottom Layer
[via_diameter]: Via diameter (board setup constraints min diameter 0.6000 mm; actual 0.2502 mm)
    Rule: netclass 'Default'; error
    @(140.6086 mm, 129.9600 mm): Via [GND] on Top Layer - Bottom Layer
[via_diameter]: Via diameter (board setup constraints min diameter 0.6000 mm; actual 0.2502 mm)
    Rule: netclass 'Default'; error
    @(129.8662 mm, 142.8318 mm): Via [GND] on Top Layer - Bottom Layer
[via_diameter]: Via diameter (board setup constraints min diameter 0.6000 mm; actual 0.2502 mm)
    Rule: netclass 'Default'; error
    @(140.2960 mm, 106.7067 mm): Via [GND] on Top Layer - Bottom Layer
[via_diameter]: Via diameter (board setup constraints min diameter 0.6000 mm; actual 0.2502 mm)
    Rule: netclass 'Default'; error
    @(148.1041 mm, 104.8154 mm): Via [+5V] on Top Layer - Bottom Layer
[via_diameter]: Via diameter (board setup constraints min diameter 0.6000 mm; actual 0.2502 mm)
    Rule: netclass 'Default'; error
    @(152.2203 mm, 66.1662 mm): Via [/SAI_MASTERCLOCK] on Top Layer - Bottom Layer
[via_diameter]: Via diameter (board setup constraints min diameter 0.6000 mm; actual 0.2502 mm)
    Rule: netclass 'Default'; error
    @(132.0668 mm, 60.2788 mm): Via [/DSI_CLK_N] on Top Layer - Bottom Layer
[via_diameter]: Via diameter (board setup constraints min diameter 0.6000 mm; actual 0.2502 mm)
    Rule: netclass 'Default'; error
    @(126.5784 mm, 90.0059 mm): Via [SDIO_2] on Top Layer - Bottom Layer
[via_diameter]: Via diameter (board setup constraints min diameter 0.6000 mm; actual 0.2502 mm)
    Rule: netclass 'Default'; error
    @(121.3707 mm, 142.8538 mm): Via [RST] on Top Layer - Bottom Layer
[via_diameter]: Via diameter (board setup constraints min diameter 0.6000 mm; actual 0.2502 mm)
    Rule: netclass 'Default'; error
    @(124.6650 mm, 60.2374 mm): Via [/DSI_D3_P] on Top Layer - Bottom Layer
[via_diameter]: Via diameter (board setup constraints min diameter 0.6000 mm; actual 0.2502 mm)
    Rule: netclass 'Default'; error
    @(131.1462 mm, 60.2191 mm): Via [/DSI_CLK_P] on Top Layer - Bottom Layer
[via_diameter]: Via diameter (board setup constraints min diameter 0.6000 mm; actual 0.2502 mm)
    Rule: netclass 'Default'; error
    @(136.5990 mm, 108.8530 mm): Via [Net-(C35-Pad2)] on Top Layer - Bottom Layer
[via_diameter]: Via diameter (board setup constraints min diameter 0.6000 mm; actual 0.2502 mm)
    Rule: netclass 'Default'; error
    @(152.2111 mm, 108.4918 mm): Via [+3.7VBAT] on Top Layer - Bottom Layer
[via_diameter]: Via diameter (board setup constraints min diameter 0.6000 mm; actual 0.2502 mm)
    Rule: netclass 'Default'; error
    @(124.3082 mm, 89.5460 mm): Via [SD2_DAT1] on Top Layer - Bottom Layer
[via_diameter]: Via diameter (board setup constraints min diameter 0.6000 mm; actual 0.2502 mm)
    Rule: netclass 'Default'; error
    @(120.6097 mm, 90.3956 mm): Via [GPIO_WF_2] on Top Layer - Bottom Layer
[via_diameter]: Via diameter (board setup constraints min diameter 0.6000 mm; actual 0.2502 mm)
    Rule: netclass 'Default'; error
    @(118.4359 mm, 93.1354 mm): Via [SDIO_1] on Top Layer - Bottom Layer
[via_diameter]: Via diameter (board setup constraints min diameter 0.6000 mm; actual 0.2502 mm)
    Rule: netclass 'Default'; error
    @(120.8625 mm, 138.8148 mm): Via [/AUDIO_DATA_OUT] on Top Layer - Bottom Layer
[via_diameter]: Via diameter (board setup constraints min diameter 0.6000 mm; actual 0.2502 mm)
    Rule: netclass 'Default'; error
    @(129.8213 mm, 111.1910 mm): Via [BT_UART_R] on Top Layer - Bottom Layer
[via_diameter]: Via diameter (board setup constraints min diameter 0.6000 mm; actual 0.2502 mm)
    Rule: netclass 'Default'; error
    @(116.4735 mm, 97.5389 mm): Via [SD2_DAT3] on Top Layer - Bottom Layer
[via_diameter]: Via diameter (board setup constraints min diameter 0.6000 mm; actual 0.2502 mm)
    Rule: netclass 'Default'; error
    @(146.0699 mm, 60.8306 mm): Via [GND] on Top Layer - Bottom Layer
[via_diameter]: Via diameter (board setup constraints min diameter 0.6000 mm; actual 0.2502 mm)
    Rule: netclass 'Default'; error
    @(151.9539 mm, 114.4358 mm): Via [Net-(R11-Pad1)] on Top Layer - Bottom Layer
[via_diameter]: Via diameter (board setup constraints min diameter 0.6000 mm; actual 0.2502 mm)
    Rule: netclass 'Default'; error
    @(146.8659 mm, 119.2704 mm): Via [Net-(D5-A)] on Top Layer - Bottom Layer
[via_diameter]: Via diameter (board setup constraints min diameter 0.6000 mm; actual 0.2502 mm)
    Rule: netclass 'Default'; error
    @(146.3437 mm, 83.6688 mm): Via [GND] on Top Layer - Bottom Layer
[via_diameter]: Via diameter (board setup constraints min diameter 0.6000 mm; actual 0.2502 mm)
    Rule: netclass 'Default'; error
    @(126.8306 mm, 142.8497 mm): Via [GND] on Top Layer - Bottom Layer
[via_diameter]: Via diameter (board setup constraints min diameter 0.6000 mm; actual 0.2502 mm)
    Rule: netclass 'Default'; error
    @(144.0187 mm, 102.3056 mm): Via [GND] on Top Layer - Bottom Layer
[via_diameter]: Via diameter (board setup constraints min diameter 0.6000 mm; actual 0.2502 mm)
    Rule: netclass 'Default'; error
    @(167.1638 mm, 46.9683 mm): Via [GND] on Top Layer - Bottom Layer
[via_diameter]: Via diameter (board setup constraints min diameter 0.6000 mm; actual 0.2502 mm)
    Rule: netclass 'Default'; error
    @(123.5127 mm, 65.9400 mm): Via [GND] on Top Layer - Bottom Layer
[via_diameter]: Via diameter (board setup constraints min diameter 0.6000 mm; actual 0.2502 mm)
    Rule: netclass 'Default'; error
    @(126.5628 mm, 60.6477 mm): Via [GND] on Top Layer - Bottom Layer
[via_diameter]: Via diameter (board setup constraints min diameter 0.6000 mm; actual 0.2502 mm)
    Rule: netclass 'Default'; error
    @(153.6097 mm, 109.1727 mm): Via [GND] on Top Layer - Bottom Layer
[via_diameter]: Via diameter (board setup constraints min diameter 0.6000 mm; actual 0.2502 mm)
    Rule: netclass 'Default'; error
    @(135.4614 mm, 64.9440 mm): Via [GND] on Top Layer - Bottom Layer
[via_diameter]: Via diameter (board setup constraints min diameter 0.6000 mm; actual 0.2502 mm)
    Rule: netclass 'Default'; error
    @(126.4273 mm, 75.9784 mm): Via [GND] on Top Layer - Bottom Layer
[via_diameter]: Via diameter (board setup constraints min diameter 0.6000 mm; actual 0.2502 mm)
    Rule: netclass 'Default'; error
    @(138.5453 mm, 62.8870 mm): Via [GND] on Top Layer - Bottom Layer
[via_diameter]: Via diameter (board setup constraints min diameter 0.6000 mm; actual 0.2502 mm)
    Rule: netclass 'Default'; error
    @(134.7454 mm, 63.6192 mm): Via [GND] on Top Layer - Bottom Layer
[via_diameter]: Via diameter (board setup constraints min diameter 0.6000 mm; actual 0.2502 mm)
    Rule: netclass 'Default'; error
    @(142.3457 mm, 62.9114 mm): Via [GND] on Top Layer - Bottom Layer
[via_diameter]: Via diameter (board setup constraints min diameter 0.6000 mm; actual 0.2502 mm)
    Rule: netclass 'Default'; error
    @(134.9125 mm, 84.3717 mm): Via [GND] on Top Layer - Bottom Layer
[via_diameter]: Via diameter (board setup constraints min diameter 0.6000 mm; actual 0.2502 mm)
    Rule: netclass 'Default'; error
    @(111.1468 mm, 131.3056 mm): Via [GND] on Top Layer - Bottom Layer
[via_diameter]: Via diameter (board setup constraints min diameter 0.6000 mm; actual 0.2502 mm)
    Rule: netclass 'Default'; error
    @(150.3169 mm, 101.2923 mm): Via [GND] on Top Layer - Bottom Layer
[via_diameter]: Via diameter (board setup constraints min diameter 0.6000 mm; actual 0.2502 mm)
    Rule: netclass 'Default'; error
    @(142.4474 mm, 58.0643 mm): Via [+5V] on Top Layer - Bottom Layer
[via_diameter]: Via diameter (board setup constraints min diameter 0.6000 mm; actual 0.2502 mm)
    Rule: netclass 'Default'; error
    @(120.6043 mm, 114.5071 mm): Via [/DSI_D3_P] on Top Layer - Bottom Layer
[via_diameter]: Via diameter (board setup constraints min diameter 0.6000 mm; actual 0.2502 mm)
    Rule: netclass 'Default'; error
    @(125.2040 mm, 58.5048 mm): Via [/DSI_D3_N] on Top Layer - Bottom Layer
[via_diameter]: Via diameter (board setup constraints min diameter 0.6000 mm; actual 0.2502 mm)
    Rule: netclass 'Default'; error
    @(124.7870 mm, 89.7691 mm): Via [/AUDIO_DATA_OUT] on Top Layer - Bottom Layer
[via_diameter]: Via diameter (board setup constraints min diameter 0.6000 mm; actual 0.2502 mm)
    Rule: netclass 'Default'; error
    @(122.8452 mm, 91.7847 mm): Via [/DSI_D2_P] on Top Layer - Bottom Layer
[via_diameter]: Via diameter (board setup constraints min diameter 0.6000 mm; actual 0.2502 mm)
    Rule: netclass 'Default'; error
    @(127.3874 mm, 141.2473 mm): Via [/SAI_MASTERCLOCK] on Top Layer - Bottom Layer
[via_diameter]: Via diameter (board setup constraints min diameter 0.6000 mm; actual 0.2502 mm)
    Rule: netclass 'Default'; error
    @(150.1195 mm, 81.1898 mm): Via [SDIO_0] on Top Layer - Bottom Layer
[via_diameter]: Via diameter (board setup constraints min diameter 0.6000 mm; actual 0.2502 mm)
    Rule: netclass 'Default'; error
    @(125.2409 mm, 139.7458 mm): Via [+3.3V] on Top Layer - Bottom Layer
[via_diameter]: Via diameter (board setup constraints min diameter 0.6000 mm; actual 0.2502 mm)
    Rule: netclass 'Default'; error
    @(139.1849 mm, 146.8149 mm): Via [Net-(J1-CC2)] on Top Layer - Bottom Layer
[via_diameter]: Via diameter (board setup constraints min diameter 0.6000 mm; actual 0.2502 mm)
    Rule: netclass 'Default'; error
    @(136.0443 mm, 143.3528 mm): Via [Net-(J1-CC2)] on Top Layer - Bottom Layer
[via_diameter]: Via diameter (board setup constraints min diameter 0.6000 mm; actual 0.2502 mm)
    Rule: netclass 'Default'; error
    @(126.9257 mm, 152.1513 mm): Via [/I2C3_SDA] on Top Layer - Bottom Layer
[via_diameter]: Via diameter (board setup constraints min diameter 0.6000 mm; actual 0.2502 mm)
    Rule: netclass 'Default'; error
    @(129.0471 mm, 139.1130 mm): Via [Net-(J5-Pin_8)] on Top Layer - Bottom Layer
[via_diameter]: Via diameter (board setup constraints min diameter 0.6000 mm; actual 0.2502 mm)
    Rule: netclass 'Default'; error
    @(150.5945 mm, 120.0892 mm): Via [Net-(C35-Pad2)] on Top Layer - Bottom Layer
[via_diameter]: Via diameter (board setup constraints min diameter 0.6000 mm; actual 0.2502 mm)
    Rule: netclass 'Default'; error
    @(158.7768 mm, 53.9827 mm): Via [ONOFF] on Top Layer - Bottom Layer
[via_diameter]: Via diameter (board setup constraints min diameter 0.6000 mm; actual 0.2502 mm)
    Rule: netclass 'Default'; error
    @(115.8563 mm, 102.1839 mm): Via [SD2_DAT3] on Top Layer - Bottom Layer
[via_diameter]: Via diameter (board setup constraints min diameter 0.6000 mm; actual 0.2502 mm)
    Rule: netclass 'Default'; error
    @(119.2943 mm, 92.2246 mm): Via [SDIO_0] on Top Layer - Bottom Layer
[via_diameter]: Via diameter (board setup constraints min diameter 0.6000 mm; actual 0.2502 mm)
    Rule: netclass 'Default'; error
    @(131.8699 mm, 137.1097 mm): Via [Net-(U2-CAPP)] on Top Layer - Bottom Layer
[via_diameter]: Via diameter (board setup constraints min diameter 0.6000 mm; actual 0.2502 mm)
    Rule: netclass 'Default'; error
    @(123.4399 mm, 89.5301 mm): Via [SD2_DAT0] on Top Layer - Bottom Layer
[via_diameter]: Via diameter (board setup constraints min diameter 0.6000 mm; actual 0.2502 mm)
    Rule: netclass 'Default'; error
    @(124.0395 mm, 95.1606 mm): Via [SD2_DAT1] on Top Layer - Bottom Layer
[via_diameter]: Via diameter (board setup constraints min diameter 0.6000 mm; actual 0.2502 mm)
    Rule: netclass 'Default'; error
    @(123.8653 mm, 96.8081 mm): Via [SD2_CD_B] on Top Layer - Bottom Layer
[via_diameter]: Via diameter (board setup constraints min diameter 0.6000 mm; actual 0.2502 mm)
    Rule: netclass 'Default'; error
    @(138.7620 mm, 100.7413 mm): Via [REG_ON_BL] on Top Layer - Bottom Layer
[via_diameter]: Via diameter (board setup constraints min diameter 0.6000 mm; actual 0.2502 mm)
    Rule: netclass 'Default'; error
    @(116.0288 mm, 131.9881 mm): Via [/DSI_D2_N] on Top Layer - Bottom Layer
[via_diameter]: Via diameter (board setup constraints min diameter 0.6000 mm; actual 0.2502 mm)
    Rule: netclass 'Default'; error
    @(139.6837 mm, 58.5036 mm): Via [RESET] on Top Layer - Bottom Layer
[via_diameter]: Via diameter (board setup constraints min diameter 0.6000 mm; actual 0.2502 mm)
    Rule: netclass 'Default'; error
    @(160.4951 mm, 39.4308 mm): Via [+3.7VBAT] on Top Layer - Bottom Layer
[via_diameter]: Via diameter (board setup constraints min diameter 0.6000 mm; actual 0.2502 mm)
    Rule: netclass 'Default'; error
    @(116.4165 mm, 98.2443 mm): Via [SD2_CLK] on Top Layer - Bottom Layer
[via_diameter]: Via diameter (board setup constraints min diameter 0.6000 mm; actual 0.2502 mm)
    Rule: netclass 'Default'; error
    @(163.7194 mm, 108.4773 mm): Via [L_2] on Top Layer - Bottom Layer
[via_diameter]: Via diameter (board setup constraints min diameter 0.6000 mm; actual 0.2502 mm)
    Rule: netclass 'Default'; error
    @(124.2343 mm, 87.4201 mm): Via [/DSI_D2_P] on Top Layer - Bottom Layer
[via_diameter]: Via diameter (board setup constraints min diameter 0.6000 mm; actual 0.2502 mm)
    Rule: netclass 'Default'; error
    @(143.6992 mm, 87.5081 mm): Via [CAM_I2C_SCL] on Top Layer - Bottom Layer
[via_diameter]: Via diameter (board setup constraints min diameter 0.6000 mm; actual 0.2502 mm)
    Rule: netclass 'Default'; error
    @(150.4797 mm, 70.7863 mm): Via [GND] on Top Layer - Bottom Layer
[via_diameter]: Via diameter (board setup constraints min diameter 0.6000 mm; actual 0.2502 mm)
    Rule: netclass 'Default'; error
    @(127.3173 mm, 82.1469 mm): Via [/DSI_D1_P] on Top Layer - Bottom Layer
[via_diameter]: Via diameter (board setup constraints min diameter 0.6000 mm; actual 0.2502 mm)
    Rule: netclass 'Default'; error
    @(108.8228 mm, 120.7135 mm): Via [GND] on Top Layer - Bottom Layer
[via_diameter]: Via diameter (board setup constraints min diameter 0.6000 mm; actual 0.2502 mm)
    Rule: netclass 'Default'; error
    @(148.1136 mm, 114.7926 mm): Via [GND] on Top Layer - Bottom Layer
[via_diameter]: Via diameter (board setup constraints min diameter 0.6000 mm; actual 0.2502 mm)
    Rule: netclass 'Default'; error
    @(146.3127 mm, 66.2514 mm): Via [GND] on Top Layer - Bottom Layer
[via_diameter]: Via diameter (board setup constraints min diameter 0.6000 mm; actual 0.2502 mm)
    Rule: netclass 'Default'; error
    @(148.5602 mm, 68.3787 mm): Via [GND] on Top Layer - Bottom Layer
[via_diameter]: Via diameter (board setup constraints min diameter 0.6000 mm; actual 0.2502 mm)
    Rule: netclass 'Default'; error
    @(143.3653 mm, 56.5970 mm): Via [+5V] on Top Layer - Bottom Layer
[via_diameter]: Via diameter (board setup constraints min diameter 0.6000 mm; actual 0.2502 mm)
    Rule: netclass 'Default'; error
    @(131.0586 mm, 139.1133 mm): Via [GND] on Top Layer - Bottom Layer
[via_diameter]: Via diameter (board setup constraints min diameter 0.6000 mm; actual 0.2502 mm)
    Rule: netclass 'Default'; error
    @(165.4690 mm, 37.1204 mm): Via [GND] on Top Layer - Bottom Layer
[via_diameter]: Via diameter (board setup constraints min diameter 0.6000 mm; actual 0.2502 mm)
    Rule: netclass 'Default'; error
    @(128.9241 mm, 87.2113 mm): Via [GND] on Top Layer - Bottom Layer
[via_diameter]: Via diameter (board setup constraints min diameter 0.6000 mm; actual 0.2502 mm)
    Rule: netclass 'Default'; error
    @(123.5125 mm, 70.2247 mm): Via [GND] on Top Layer - Bottom Layer
[via_diameter]: Via diameter (board setup constraints min diameter 0.6000 mm; actual 0.2502 mm)
    Rule: netclass 'Default'; error
    @(161.6630 mm, 89.8565 mm): Via [GND] on Top Layer - Bottom Layer
[via_diameter]: Via diameter (board setup constraints min diameter 0.6000 mm; actual 0.2502 mm)
    Rule: netclass 'Default'; error
    @(125.0384 mm, 72.1785 mm): Via [GND] on Top Layer - Bottom Layer
[via_diameter]: Via diameter (board setup constraints min diameter 0.6000 mm; actual 0.2502 mm)
    Rule: netclass 'Default'; error
    @(131.1127 mm, 84.3720 mm): Via [GND] on Top Layer - Bottom Layer
[via_diameter]: Via diameter (board setup constraints min diameter 0.6000 mm; actual 0.2502 mm)
    Rule: netclass 'Default'; error
    @(144.6172 mm, 54.6807 mm): Via [GND] on Top Layer - Bottom Layer
[via_diameter]: Via diameter (board setup constraints min diameter 0.6000 mm; actual 0.2502 mm)
    Rule: netclass 'Default'; error
    @(149.1138 mm, 54.3403 mm): Via [GND] on Top Layer - Bottom Layer
[via_diameter]: Via diameter (board setup constraints min diameter 0.6000 mm; actual 0.2502 mm)
    Rule: netclass 'Default'; error
    @(147.3365 mm, 52.1014 mm): Via [GND] on Top Layer - Bottom Layer
[via_diameter]: Via diameter (board setup constraints min diameter 0.6000 mm; actual 0.2502 mm)
    Rule: netclass 'Default'; error
    @(153.4917 mm, 57.4165 mm): Via [GND] on Top Layer - Bottom Layer
[via_diameter]: Via diameter (board setup constraints min diameter 0.6000 mm; actual 0.2502 mm)
    Rule: netclass 'Default'; error
    @(153.5088 mm, 55.6803 mm): Via [GND] on Top Layer - Bottom Layer
[via_diameter]: Via diameter (board setup constraints min diameter 0.6000 mm; actual 0.2502 mm)
    Rule: netclass 'Default'; error
    @(146.6137 mm, 55.4558 mm): Via [GND] on Top Layer - Bottom Layer
[via_diameter]: Via diameter (board setup constraints min diameter 0.6000 mm; actual 0.2502 mm)
    Rule: netclass 'Default'; error
    @(143.2864 mm, 51.3963 mm): Via [+5V] on Top Layer - Bottom Layer
[via_diameter]: Via diameter (board setup constraints min diameter 0.6000 mm; actual 0.2502 mm)
    Rule: netclass 'Default'; error
    @(152.1023 mm, 149.8371 mm): Via [+5V] on Top Layer - Bottom Layer
[via_diameter]: Via diameter (board setup constraints min diameter 0.6000 mm; actual 0.2502 mm)
    Rule: netclass 'Default'; error
    @(152.1087 mm, 101.9633 mm): Via [+5V] on Top Layer - Bottom Layer
[via_diameter]: Via diameter (board setup constraints min diameter 0.6000 mm; actual 0.2502 mm)
    Rule: netclass 'Default'; error
    @(152.0817 mm, 58.5133 mm): Via [+5V] on Top Layer - Bottom Layer
[via_diameter]: Via diameter (board setup constraints min diameter 0.6000 mm; actual 0.2502 mm)
    Rule: netclass 'Default'; error
    @(143.4553 mm, 87.2115 mm): Via [CAM_I2C_SDA] on Top Layer - Bottom Layer
[via_diameter]: Via diameter (board setup constraints min diameter 0.6000 mm; actual 0.2502 mm)
    Rule: netclass 'Default'; error
    @(133.7548 mm, 91.6689 mm): Via [SDIO_0] on Top Layer - Bottom Layer
[via_diameter]: Via diameter (board setup constraints min diameter 0.6000 mm; actual 0.2502 mm)
    Rule: netclass 'Default'; error
    @(149.9458 mm, 85.3570 mm): Via [SDIO_3] on Top Layer - Bottom Layer
[via_diameter]: Via diameter (board setup constraints min diameter 0.6000 mm; actual 0.2502 mm)
    Rule: netclass 'Default'; error
    @(136.3999 mm, 91.8929 mm): Via [SDIO_1] on Top Layer - Bottom Layer
[via_diameter]: Via diameter (board setup constraints min diameter 0.6000 mm; actual 0.2502 mm)
    Rule: netclass 'Default'; error
    @(150.1796 mm, 83.2894 mm): Via [SDIO_1] on Top Layer - Bottom Layer
[via_diameter]: Via diameter (board setup constraints min diameter 0.6000 mm; actual 0.2502 mm)
    Rule: netclass 'Default'; error
    @(150.4011 mm, 86.3879 mm): Via [RST] on Top Layer - Bottom Layer
[via_diameter]: Via diameter (board setup constraints min diameter 0.6000 mm; actual 0.2502 mm)
    Rule: netclass 'Default'; error
    @(121.2289 mm, 85.2070 mm): Via [SD2_DAT3] on Top Layer - Bottom Layer
[via_diameter]: Via diameter (board setup constraints min diameter 0.6000 mm; actual 0.2502 mm)
    Rule: netclass 'Default'; error
    @(136.0028 mm, 51.6254 mm): Via [RESET] on Top Layer - Bottom Layer
[via_diameter]: Via diameter (board setup constraints min diameter 0.6000 mm; actual 0.2502 mm)
    Rule: netclass 'Default'; error
    @(162.6633 mm, 96.0482 mm): Via [+3.3V] on Top Layer - Bottom Layer
[via_diameter]: Via diameter (board setup constraints min diameter 0.6000 mm; actual 0.2502 mm)
    Rule: netclass 'Default'; error
    @(130.8302 mm, 141.7116 mm): Via [/AUDIO_FRAME_CLOCK] on Top Layer - Bottom Layer
[via_diameter]: Via diameter (board setup constraints min diameter 0.6000 mm; actual 0.2502 mm)
    Rule: netclass 'Default'; error
    @(137.1089 mm, 136.7476 mm): Via [/AUDIO_FRAME_CLOCK] on Top Layer - Bottom Layer
[via_diameter]: Via diameter (board setup constraints min diameter 0.6000 mm; actual 0.2502 mm)
    Rule: netclass 'Default'; error
    @(147.7623 mm, 140.6177 mm): Via [Net-(J5-Pin_8)] on Top Layer - Bottom Layer
[via_diameter]: Via diameter (board setup constraints min diameter 0.6000 mm; actual 0.2502 mm)
    Rule: netclass 'Default'; error
    @(135.0705 mm, 139.8055 mm): Via [+3.3V] on Top Layer - Bottom Layer
[via_diameter]: Via diameter (board setup constraints min diameter 0.6000 mm; actual 0.2502 mm)
    Rule: netclass 'Default'; error
    @(116.1969 mm, 101.1810 mm): Via [SD2_CLK] on Top Layer - Bottom Layer
[via_diameter]: Via diameter (board setup constraints min diameter 0.6000 mm; actual 0.2502 mm)
    Rule: netclass 'Default'; error
    @(148.3881 mm, 140.1744 mm): Via [Net-(J5-Pin_9)] on Top Layer - Bottom Layer
[via_diameter]: Via diameter (board setup constraints min diameter 0.6000 mm; actual 0.2502 mm)
    Rule: netclass 'Default'; error
    @(160.8517 mm, 109.5567 mm): Via [L_2] on Top Layer - Bottom Layer
[via_diameter]: Via diameter (board setup constraints min diameter 0.6000 mm; actual 0.2502 mm)
    Rule: netclass 'Default'; error
    @(150.5127 mm, 69.4160 mm): Via [/I2C3_SDA] on Top Layer - Bottom Layer
[via_diameter]: Via diameter (board setup constraints min diameter 0.6000 mm; actual 0.2502 mm)
    Rule: netclass 'Default'; error
    @(130.7760 mm, 137.0415 mm): Via [Net-(U2-CAPM)] on Top Layer - Bottom Layer
[via_diameter]: Via diameter (board setup constraints min diameter 0.6000 mm; actual 0.2502 mm)
    Rule: netclass 'Default'; error
    @(131.5113 mm, 136.0523 mm): Via [Net-(U2-CAPM)] on Top Layer - Bottom Layer
[via_diameter]: Via diameter (board setup constraints min diameter 0.6000 mm; actual 0.2502 mm)
    Rule: netclass 'Default'; error
    @(149.2598 mm, 118.2907 mm): Via [+3.7VBAT] on Top Layer - Bottom Layer
[via_diameter]: Via diameter (board setup constraints min diameter 0.6000 mm; actual 0.2502 mm)
    Rule: netclass 'Default'; error
    @(126.9238 mm, 97.6175 mm): Via [/DSI_CLK_N] on Top Layer - Bottom Layer
[via_diameter]: Via diameter (board setup constraints min diameter 0.6000 mm; actual 0.2502 mm)
    Rule: netclass 'Default'; error
    @(115.7863 mm, 130.4465 mm): Via [/DSI_D0_N] on Top Layer - Bottom Layer
[via_diameter]: Via diameter (board setup constraints min diameter 0.6000 mm; actual 0.2502 mm)
    Rule: netclass 'Default'; error
    @(137.6025 mm, 40.1909 mm): Via [+3.3V] on Top Layer - Bottom Layer
[via_diameter]: Via diameter (board setup constraints min diameter 0.6000 mm; actual 0.2502 mm)
    Rule: netclass 'Default'; error
    @(115.6188 mm, 99.8052 mm): Via [GPIO_WF_0] on Top Layer - Bottom Layer
[via_diameter]: Via diameter (board setup constraints min diameter 0.6000 mm; actual 0.2502 mm)
    Rule: netclass 'Default'; error
    @(119.4466 mm, 149.3034 mm): Via [GND] on Top Layer - Bottom Layer
[via_diameter]: Via diameter (board setup constraints min diameter 0.6000 mm; actual 0.2502 mm)
    Rule: netclass 'Default'; error
    @(131.0105 mm, 140.1175 mm): Via [/SAI_BITCLOCK] on Top Layer - Bottom Layer
[via_diameter]: Via diameter (board setup constraints min diameter 0.6000 mm; actual 0.2502 mm)
    Rule: netclass 'Default'; error
    @(143.8252 mm, 134.5347 mm): Via [+3.7VBAT] on Top Layer - Bottom Layer
[via_diameter]: Via diameter (board setup constraints min diameter 0.6000 mm; actual 0.2502 mm)
    Rule: netclass 'Default'; error
    @(150.2865 mm, 85.0186 mm): Via [SDIO_CLK] on Top Layer - Bottom Layer
[via_diameter]: Via diameter (board setup constraints min diameter 0.6000 mm; actual 0.2502 mm)
    Rule: netclass 'Default'; error
    @(148.7906 mm, 60.7787 mm): Via [GND] on Top Layer - Bottom Layer
[track_width]: Track width (board setup constraints min width 0.1000 mm; actual 0.0935 mm)
    Rule: netclass 'Default'; error
    @(152.1023 mm, 149.8371 mm): Track [+5V] on Top Layer, length 0.7042 mm
[track_width]: Track width (board setup constraints min width 0.1000 mm; actual 0.0935 mm)
    Rule: netclass 'Default'; error
    @(152.8065 mm, 149.8371 mm): Track [+5V] on Top Layer, length 0.3239 mm
[track_width]: Track width (board setup constraints min width 0.1000 mm; actual 0.0891 mm)
    Rule: netclass 'Default'; error
    @(139.4500 mm, 147.7650 mm): Track [Net-(J1-CC2)] on Top Layer, length 0.7250 mm
[track_width]: Track width (board setup constraints min width 0.1000 mm; actual 0.0891 mm)
    Rule: netclass 'Default'; error
    @(139.4500 mm, 147.0400 mm): Track [Net-(J1-CC2)] on Top Layer, length 0.1449 mm
[track_width]: Track width (board setup constraints min width 0.1000 mm; actual 0.0891 mm)
    Rule: netclass 'Default'; error
    @(139.4500 mm, 146.8951 mm): Track [Net-(J1-CC2)] on Top Layer, length 0.1135 mm
[track_width]: Track width (board setup constraints min width 0.1000 mm; actual 0.0891 mm)
    Rule: netclass 'Default'; error
    @(139.3697 mm, 146.8149 mm): Track [Net-(J1-CC2)] on Top Layer, length 0.1849 mm
[track_width]: Track width (board setup constraints min width 0.1000 mm; actual 0.0891 mm)
    Rule: netclass 'Default'; error
    @(113.4750 mm, 119.1875 mm): Track [GND] on Top Layer, length 0.4841 mm
[track_width]: Track width (board setup constraints min width 0.1000 mm; actual 0.0891 mm)
    Rule: netclass 'Default'; error
    @(145.0565 mm, 55.3985 mm): Track [GND] on Top Layer, length 0.4393 mm
[track_width]: Track width (board setup constraints min width 0.1000 mm; actual 0.0891 mm)
    Rule: netclass 'Default'; error
    @(144.6172 mm, 55.3985 mm): Track [GND] on Top Layer, length 0.7178 mm
[track_width]: Track width (board setup constraints min width 0.1000 mm; actual 0.0935 mm)
    Rule: netclass 'Default'; error
    @(152.1087 mm, 101.9633 mm): Track [+5V] on Top Layer, length 0.7178 mm
[track_width]: Track width (board setup constraints min width 0.1000 mm; actual 0.0935 mm)
    Rule: netclass 'Default'; error
    @(152.8265 mm, 101.9633 mm): Track [+5V] on Top Layer, length 0.2812 mm
[track_width]: Track width (board setup constraints min width 0.1000 mm; actual 0.0935 mm)
    Rule: netclass 'Default'; error
    @(161.5565 mm, 86.9140 mm): Track [+5V] on Top Layer, length 0.4219 mm
[track_width]: Track width (board setup constraints min width 0.1000 mm; actual 0.0935 mm)
    Rule: netclass 'Default'; error
    @(161.5565 mm, 87.3359 mm): Track [+5V] on Top Layer, length 0.9429 mm
[track_width]: Track width (board setup constraints min width 0.1000 mm; actual 0.0891 mm)
    Rule: netclass 'Default'; error
    @(150.5565 mm, 100.5745 mm): Track [GND] on Top Layer, length 0.2396 mm
[track_width]: Track width (board setup constraints min width 0.1000 mm; actual 0.0891 mm)
    Rule: netclass 'Default'; error
    @(150.3169 mm, 100.5745 mm): Track [GND] on Top Layer, length 0.7178 mm
[track_width]: Track width (board setup constraints min width 0.1000 mm; actual 0.0935 mm)
    Rule: netclass 'Default'; error
    @(147.5565 mm, 57.2985 mm): Track [+5V] on Top Layer, length 0.7664 mm
[track_width]: Track width (board setup constraints min width 0.1000 mm; actual 0.0891 mm)
    Rule: netclass 'Default'; error
    @(135.8315 mm, 139.6395 mm): Track [GND] on Top Layer, length 0.6995 mm
[track_width]: Track width (board setup constraints min width 0.1000 mm; actual 0.0935 mm)
    Rule: netclass 'Default'; error
    @(108.8065 mm, 132.1235 mm): Track [+3.3V] on Top Layer, length 0.6015 mm
[track_width]: Track width (board setup constraints min width 0.1000 mm; actual 0.0935 mm)
    Rule: netclass 'Default'; error
    @(108.8065 mm, 131.5220 mm): Track [+3.3V] on Top Layer, length 0.2649 mm
[track_width]: Track width (board setup constraints min width 0.1000 mm; actual 0.0935 mm)
    Rule: netclass 'Default'; error
    @(108.8065 mm, 131.2571 mm): Track [+3.3V] on Top Layer, length 0.4672 mm
[track_width]: Track width (board setup constraints min width 0.1000 mm; actual 0.0935 mm)
    Rule: netclass 'Default'; error
    @(108.8065 mm, 130.7899 mm): Track [+3.3V] on Top Layer, length 0.2649 mm
[track_width]: Track width (board setup constraints min width 0.1000 mm; actual 0.0935 mm)
    Rule: netclass 'Default'; error
    @(108.8065 mm, 130.5250 mm): Track [+3.3V] on Top Layer, length 0.6015 mm
[track_width]: Track width (board setup constraints min width 0.1000 mm; actual 0.0891 mm)
    Rule: netclass 'Default'; error
    @(167.8000 mm, 65.8500 mm): Track [GND] on Top Layer, length 0.5730 mm
[track_width]: Track width (board setup constraints min width 0.1000 mm; actual 0.0891 mm)
    Rule: netclass 'Default'; error
    @(165.8315 mm, 88.9415 mm): Track [GND] on Top Layer, length 0.7106 mm
[track_width]: Track width (board setup constraints min width 0.1000 mm; actual 0.0891 mm)
    Rule: netclass 'Default'; error
    @(145.7510 mm, 122.6885 mm): Track [GND] on Top Layer, length 0.5570 mm
[track_width]: Track width (board setup constraints min width 0.1000 mm; actual 0.0935 mm)
    Rule: netclass 'Default'; error
    @(153.3265 mm, 60.0805 mm): Track [+5V] on Top Layer, length 0.7207 mm
[track_width]: Track width (board setup constraints min width 0.1000 mm; actual 0.0891 mm)
    Rule: netclass 'Default'; error
    @(154.2265 mm, 55.0610 mm): Track [GND] on Top Layer, length 0.6193 mm
[track_width]: Track width (board setup constraints min width 0.1000 mm; actual 0.0891 mm)
    Rule: netclass 'Default'; error
    @(154.2265 mm, 55.6803 mm): Track [GND] on Top Layer, length 0.7177 mm
[track_width]: Track width (board setup constraints min width 0.1000 mm; actual 0.0935 mm)
    Rule: netclass 'Default'; error
    @(150.2932 mm, 57.0123 mm): Track [+5V] on Top Layer, length 0.7178 mm
[track_width]: Track width (board setup constraints min width 0.1000 mm; actual 0.0935 mm)
    Rule: netclass 'Default'; error
    @(150.2932 mm, 56.2945 mm): Track [+5V] on Top Layer, length 0.2367 mm
[track_width]: Track width (board setup constraints min width 0.1000 mm; actual 0.0935 mm)
    Rule: netclass 'Default'; error
    @(152.3265 mm, 57.5705 mm): Track [+5V] on Top Layer, length 0.2448 mm
[track_width]: Track width (board setup constraints min width 0.1000 mm; actual 0.0935 mm)
    Rule: netclass 'Default'; error
    @(152.0817 mm, 57.5705 mm): Track [+5V] on Top Layer, length 0.9428 mm
[track_width]: Track width (board setup constraints min width 0.1000 mm; actual 0.0891 mm)
    Rule: netclass 'Default'; error
    @(154.0565 mm, 104.5905 mm): Track [GND] on Top Layer, length 0.3315 mm
[track_width]: Track width (board setup constraints min width 0.1000 mm; actual 0.0891 mm)
    Rule: netclass 'Default'; error
    @(154.0565 mm, 104.9220 mm): Track [GND] on Top Layer, length 0.9428 mm
[track_width]: Track width (board setup constraints min width 0.1000 mm; actual 0.0935 mm)
    Rule: netclass 'Default'; error
    @(149.2598 mm, 118.2907 mm): Track [+3.7VBAT] on Top Layer, length 0.7308 mm
[track_width]: Track width (board setup constraints min width 0.1000 mm; actual 0.0935 mm)
    Rule: netclass 'Default'; error
    @(149.2598 mm, 119.0215 mm): Track [+3.7VBAT] on Top Layer, length 0.2333 mm
[track_width]: Track width (board setup constraints min width 0.1000 mm; actual 0.0891 mm)
    Rule: netclass 'Default'; error
    @(151.0647 mm, 115.2392 mm): Track [Net-(U4-FB)] on Top Layer, length 0.9177 mm
[track_width]: Track width (board setup constraints min width 0.1000 mm; actual 0.0891 mm)
    Rule: netclass 'Default'; error
    @(151.0647 mm, 114.3215 mm): Track [Net-(U4-FB)] on Top Layer, length 0.3957 mm
[track_width]: Track width (board setup constraints min width 0.1000 mm; actual 0.0891 mm)
    Rule: netclass 'Default'; error
    @(148.1136 mm, 114.7926 mm): Track [GND] on Top Layer, length 0.7304 mm
[track_width]: Track width (board setup constraints min width 0.1000 mm; actual 0.0891 mm)
    Rule: netclass 'Default'; error
    @(148.8440 mm, 114.7926 mm): Track [GND] on Top Layer, length 0.4711 mm
[track_width]: Track width (board setup constraints min width 0.1000 mm; actual 0.0935 mm)
    Rule: netclass 'Default'; error
    @(147.5565 mm, 53.2835 mm): Track [+5V] on Top Layer, length 0.7435 mm
[track_width]: Track width (board setup constraints min width 0.1000 mm; actual 0.0891 mm)
    Rule: netclass 'Default'; error
    @(147.5565 mm, 51.3835 mm): Track [GND] on Top Layer, length 0.2200 mm
[track_width]: Track width (board setup constraints min width 0.1000 mm; actual 0.0891 mm)
    Rule: netclass 'Default'; error
    @(147.3365 mm, 51.3835 mm): Track [GND] on Top Layer, length 0.7179 mm
[track_width]: Track width (board setup constraints min width 0.1000 mm; actual 0.0891 mm)
    Rule: netclass 'Default'; error
    @(147.1130 mm, 101.3296 mm): Track [GND] on Top Layer, length 0.9435 mm
[track_width]: Track width (board setup constraints min width 0.1000 mm; actual 0.0891 mm)
    Rule: netclass 'Default'; error
    @(148.0565 mm, 101.3296 mm): Track [GND] on Top Layer, length 0.2489 mm
[track_width]: Track width (board setup constraints min width 0.1000 mm; actual 0.0891 mm)
    Rule: netclass 'Default'; error
    @(139.9290 mm, 59.3585 mm): Track [RESET] on Top Layer, length 0.6375 mm
[track_width]: Track width (board setup constraints min width 0.1000 mm; actual 0.0891 mm)
    Rule: netclass 'Default'; error
    @(139.9290 mm, 58.7210 mm): Track [RESET] on Top Layer, length 0.1449 mm
[track_width]: Track width (board setup constraints min width 0.1000 mm; actual 0.0891 mm)
    Rule: netclass 'Default'; error
    @(122.0915 mm, 72.3950 mm): Track [PCM_OUT] on Top Layer, length 0.8940 mm
[track_width]: Track width (board setup constraints min width 0.1000 mm; actual 0.0891 mm)
    Rule: netclass 'Default'; error
    @(125.5290 mm, 88.6335 mm): Track [SD2_CD_B] on Top Layer, length 0.6375 mm
[track_width]: Track width (board setup constraints min width 0.1000 mm; actual 0.0891 mm)
    Rule: netclass 'Default'; error
    @(125.5290 mm, 87.9960 mm): Track [SD2_CD_B] on Top Layer, length 0.1560 mm
[track_width]: Track width (board setup constraints min width 0.1000 mm; actual 0.0891 mm)
    Rule: netclass 'Default'; error
    @(150.5127 mm, 69.4160 mm): Track [/I2C3_SDA] on Top Layer, length 0.8538 mm
[track_width]: Track width (board setup constraints min width 0.1000 mm; actual 0.0891 mm)
    Rule: netclass 'Default'; error
    @(151.3665 mm, 69.4160 mm): Track [/I2C3_SDA] on Top Layer, length 0.2210 mm
[track_width]: Track width (board setup constraints min width 0.1000 mm; actual 0.0891 mm)
    Rule: netclass 'Default'; error
    @(151.3665 mm, 67.5950 mm): Track [CAM_GPIO] on Top Layer, length 0.8605 mm
[track_width]: Track width (board setup constraints min width 0.1000 mm; actual 0.0891 mm)
    Rule: netclass 'Default'; error
    @(148.7906 mm, 60.7787 mm): Track [GND] on Top Layer, length 1.8163 mm
[track_width]: Track width (board setup constraints min width 0.1000 mm; actual 0.0891 mm)
    Rule: netclass 'Default'; error
    @(148.7906 mm, 62.5950 mm): Track [GND] on Top Layer, length 0.6616 mm
[track_width]: Track width (board setup constraints min width 0.1000 mm; actual 0.0891 mm)
    Rule: netclass 'Default'; error
    @(140.5290 mm, 62.5950 mm): Track [GND] on Top Layer, length 0.3164 mm
[track_width]: Track width (board setup constraints min width 0.1000 mm; actual 0.0891 mm)
    Rule: netclass 'Default'; error
    @(140.5290 mm, 62.9114 mm): Track [GND] on Top Layer, length 1.8167 mm
[track_width]: Track width (board setup constraints min width 0.1000 mm; actual 0.0891 mm)
    Rule: netclass 'Default'; error
    @(136.7290 mm, 62.5950 mm): Track [GND] on Top Layer, length 0.2920 mm
[track_width]: Track width (board setup constraints min width 0.1000 mm; actual 0.0891 mm)
    Rule: netclass 'Default'; error
    @(136.7290 mm, 62.8870 mm): Track [GND] on Top Layer, length 1.8163 mm
[track_width]: Track width (board setup constraints min width 0.1000 mm; actual 0.0891 mm)
    Rule: netclass 'Default'; error
    @(132.9290 mm, 62.5950 mm): Track [GND] on Top Layer, length 1.0242 mm
[track_width]: Track width (board setup constraints min width 0.1000 mm; actual 0.0891 mm)
    Rule: netclass 'Default'; error
    @(132.9290 mm, 63.6192 mm): Track [GND] on Top Layer, length 1.8164 mm
[track_width]: Track width (board setup constraints min width 0.1000 mm; actual 0.0891 mm)
    Rule: netclass 'Default'; error
    @(126.5628 mm, 60.6477 mm): Track [GND] on Top Layer, length 1.9473 mm
[track_width]: Track width (board setup constraints min width 0.1000 mm; actual 0.0891 mm)
    Rule: netclass 'Default'; error
    @(126.5628 mm, 62.5950 mm): Track [GND] on Top Layer, length 1.2338 mm
[track_width]: Track width (board setup constraints min width 0.1000 mm; actual 0.0891 mm)
    Rule: netclass 'Default'; error
    @(123.5127 mm, 65.9400 mm): Track [GND] on Top Layer, length 1.8163 mm
[track_width]: Track width (board setup constraints min width 0.1000 mm; actual 0.0891 mm)
    Rule: netclass 'Default'; error
    @(125.3290 mm, 65.9400 mm): Track [GND] on Top Layer, length 0.4550 mm
[track_width]: Track width (board setup constraints min width 0.1000 mm; actual 0.0891 mm)
    Rule: netclass 'Default'; error
    @(125.3290 mm, 73.9950 mm): Track [GND] on Top Layer, length 0.2906 mm
[track_width]: Track width (board setup constraints min width 0.1000 mm; actual 0.0891 mm)
    Rule: netclass 'Default'; error
    @(125.0384 mm, 73.9950 mm): Track [GND] on Top Layer, length 1.8165 mm
[track_width]: Track width (board setup constraints min width 0.1000 mm; actual 0.0891 mm)
    Rule: netclass 'Default'; error
    @(125.3290 mm, 77.7950 mm): Track [GND] on Top Layer, length 1.0983 mm
[track_width]: Track width (board setup constraints min width 0.1000 mm; actual 0.0891 mm)
    Rule: netclass 'Default'; error
    @(126.4273 mm, 77.7950 mm): Track [GND] on Top Layer, length 1.8166 mm
[track_width]: Track width (board setup constraints min width 0.1000 mm; actual 0.0891 mm)
    Rule: netclass 'Default'; error
    @(125.3290 mm, 85.3950 mm): Track [GND] on Top Layer, length 1.1468 mm
[track_width]: Track width (board setup constraints min width 0.1000 mm; actual 0.0891 mm)
    Rule: netclass 'Default'; error
    @(124.1822 mm, 85.3950 mm): Track [GND] on Top Layer, length 1.8490 mm
[track_width]: Track width (board setup constraints min width 0.1000 mm; actual 0.0891 mm)
    Rule: netclass 'Default'; error
    @(129.1290 mm, 85.3950 mm): Track [GND] on Top Layer, length 0.2049 mm
[track_width]: Track width (board setup constraints min width 0.1000 mm; actual 0.0891 mm)
    Rule: netclass 'Default'; error
    @(128.9241 mm, 85.3950 mm): Track [GND] on Top Layer, length 1.8163 mm
[track_width]: Track width (board setup constraints min width 0.1000 mm; actual 0.0891 mm)
    Rule: netclass 'Default'; error
    @(132.9290 mm, 85.3950 mm): Track [GND] on Top Layer, length 1.0230 mm
[track_width]: Track width (board setup constraints min width 0.1000 mm; actual 0.0891 mm)
    Rule: netclass 'Default'; error
    @(132.9290 mm, 84.3720 mm): Track [GND] on Top Layer, length 1.8163 mm
[track_width]: Track width (board setup constraints min width 0.1000 mm; actual 0.0891 mm)
    Rule: netclass 'Default'; error
    @(136.7290 mm, 85.3950 mm): Track [GND] on Top Layer, length 1.0233 mm
[track_width]: Track width (board setup constraints min width 0.1000 mm; actual 0.0891 mm)
    Rule: netclass 'Default'; error
    @(136.7290 mm, 84.3717 mm): Track [GND] on Top Layer, length 1.8165 mm
[track_width]: Track width (board setup constraints min width 0.1000 mm; actual 0.0891 mm)
    Rule: netclass 'Default'; error
    @(140.5290 mm, 85.3950 mm): Track [GND] on Top Layer, length 0.7187 mm
[track_width]: Track width (board setup constraints min width 0.1000 mm; actual 0.0891 mm)
    Rule: netclass 'Default'; error
    @(140.5290 mm, 84.6763 mm): Track [GND] on Top Layer, length 1.8164 mm
[track_width]: Track width (board setup constraints min width 0.1000 mm; actual 0.0891 mm)
    Rule: netclass 'Default'; error
    @(148.1290 mm, 73.9950 mm): Track [GND] on Top Layer, length 1.8453 mm
[track_width]: Track width (board setup constraints min width 0.1000 mm; actual 0.0891 mm)
    Rule: netclass 'Default'; error
    @(148.5602 mm, 68.3787 mm): Track [GND] on Top Layer, length 1.8163 mm
[track_width]: Track width (board setup constraints min width 0.1000 mm; actual 0.0891 mm)
    Rule: netclass 'Default'; error
    @(148.5602 mm, 70.1950 mm): Track [GND] on Top Layer, length 0.4312 mm
[track_width]: Track width (board setup constraints min width 0.1000 mm; actual 0.0891 mm)
    Rule: netclass 'Default'; error
    @(141.3790 mm, 64.9385 mm): Track [GND] on Top Layer, length 4.4065 mm
[track_width]: Track width (board setup constraints min width 0.1000 mm; actual 0.0891 mm)
    Rule: netclass 'Default'; error
    @(127.6725 mm, 78.6450 mm): Track [GND] on Top Layer, length 4.4065 mm
[track_width]: Track width (board setup constraints min width 0.1000 mm; actual 0.0891 mm)
    Rule: netclass 'Default'; error
    @(141.3790 mm, 83.0291 mm): Track [GND] on Top Layer, length 4.3841 mm
[track_width]: Track width (board setup constraints min width 0.1000 mm; actual 0.0935 mm)
    Rule: netclass 'Default'; error
    @(150.0565 mm, 53.0459 mm): Track [+5V] on Top Layer, length 0.7664 mm
[track_width]: Track width (board setup constraints min width 0.1000 mm; actual 0.0935 mm)
    Rule: netclass 'Default'; error
    @(156.5260 mm, 110.7630 mm): Track [+3.7VBAT] on Top Layer, length 0.1210 mm
[track_width]: Track width (board setup constraints min width 0.1000 mm; actual 0.0935 mm)
    Rule: netclass 'Default'; error
    @(156.4050 mm, 110.7630 mm): Track [+3.7VBAT] on Top Layer, length 0.2649 mm
[track_width]: Track width (board setup constraints min width 0.1000 mm; actual 0.0935 mm)
    Rule: netclass 'Default'; error
    @(156.1401 mm, 110.7630 mm): Track [+3.7VBAT] on Top Layer, length 0.1141 mm
[track_width]: Track width (board setup constraints min width 0.1000 mm; actual 0.0891 mm)
    Rule: netclass 'Default'; error
    @(157.0260 mm, 110.7630 mm): Track [L_2] on Top Layer, length 0.1210 mm
[track_width]: Track width (board setup constraints min width 0.1000 mm; actual 0.0891 mm)
    Rule: netclass 'Default'; error
    @(157.1470 mm, 110.7630 mm): Track [L_2] on Top Layer, length 0.0015 mm
[track_width]: Track width (board setup constraints min width 0.1000 mm; actual 0.0891 mm)
    Rule: netclass 'Default'; error
    @(157.1485 mm, 110.7630 mm): Track [L_2] on Top Layer, length 0.2565 mm
[track_width]: Track width (board setup constraints min width 0.1000 mm; actual 0.0891 mm)
    Rule: netclass 'Default'; error
    @(157.4050 mm, 110.7630 mm): Track [L_2] on Top Layer, length 0.1210 mm
[track_width]: Track width (board setup constraints min width 0.1000 mm; actual 0.0891 mm)
    Rule: netclass 'Default'; error
    @(157.5260 mm, 107.9630 mm): Track [L_1] on Top Layer, length 0.1210 mm
[track_width]: Track width (board setup constraints min width 0.1000 mm; actual 0.0891 mm)
    Rule: netclass 'Default'; error
    @(157.4050 mm, 107.9630 mm): Track [L_1] on Top Layer, length 0.0015 mm
[track_width]: Track width (board setup constraints min width 0.1000 mm; actual 0.0891 mm)
    Rule: netclass 'Default'; error
    @(157.4035 mm, 107.9630 mm): Track [L_1] on Top Layer, length 0.2565 mm
[track_width]: Track width (board setup constraints min width 0.1000 mm; actual 0.0891 mm)
    Rule: netclass 'Default'; error
    @(157.1470 mm, 107.9630 mm): Track [L_1] on Top Layer, length 0.1210 mm
[track_width]: Track width (board setup constraints min width 0.1000 mm; actual 0.0891 mm)
    Rule: netclass 'Default'; error
    @(156.5260 mm, 107.9630 mm): Track [Net-(BT1-+)] on Top Layer, length 0.1210 mm
[track_width]: Track width (board setup constraints min width 0.1000 mm; actual 0.0891 mm)
    Rule: netclass 'Default'; error
    @(156.4050 mm, 107.9630 mm): Track [Net-(BT1-+)] on Top Layer, length 0.0015 mm
[track_width]: Track width (board setup constraints min width 0.1000 mm; actual 0.0891 mm)
    Rule: netclass 'Default'; error
    @(156.4035 mm, 107.9630 mm): Track [Net-(BT1-+)] on Top Layer, length 0.2565 mm
[track_width]: Track width (board setup constraints min width 0.1000 mm; actual 0.0891 mm)
    Rule: netclass 'Default'; error
    @(156.1470 mm, 107.9630 mm): Track [Net-(BT1-+)] on Top Layer, length 0.1210 mm
[track_width]: Track width (board setup constraints min width 0.1000 mm; actual 0.0891 mm)
    Rule: netclass 'Default'; error
    @(155.5260 mm, 107.9630 mm): Track [Net-(U4-EN)] on Top Layer, length 0.1210 mm
[track_width]: Track width (board setup constraints min width 0.1000 mm; actual 0.0891 mm)
    Rule: netclass 'Default'; error
    @(155.4050 mm, 107.9630 mm): Track [Net-(U4-EN)] on Top Layer, length 0.0015 mm
[track_width]: Track width (board setup constraints min width 0.1000 mm; actual 0.0891 mm)
    Rule: netclass 'Default'; error
    @(155.4035 mm, 107.9630 mm): Track [Net-(U4-EN)] on Top Layer, length 0.2565 mm
[track_width]: Track width (board setup constraints min width 0.1000 mm; actual 0.0891 mm)
    Rule: netclass 'Default'; error
    @(155.1470 mm, 107.9630 mm): Track [Net-(U4-EN)] on Top Layer, length 0.1210 mm
[track_width]: Track width (board setup constraints min width 0.1000 mm; actual 0.0935 mm)
    Rule: netclass 'Default'; error
    @(148.2779 mm, 100.1940 mm): Track [+5V] on Top Layer, length 0.7315 mm
[track_width]: Track width (board setup constraints min width 0.1000 mm; actual 0.0935 mm)
    Rule: netclass 'Default'; error
    @(148.2779 mm, 99.4625 mm): Track [+5V] on Top Layer, length 0.2214 mm
[track_width]: Track width (board setup constraints min width 0.1000 mm; actual 0.0891 mm)
    Rule: netclass 'Default'; error
    @(140.5022 mm, 33.4142 mm): Track [GND] on Top Layer, length 0.0027 mm
[track_width]: Track width (board setup constraints min width 0.1000 mm; actual 0.0891 mm)
    Rule: netclass 'Default'; error
    @(140.5042 mm, 33.4123 mm): Track [GND] on Top Layer, length 0.0027 mm
[track_width]: Track width (board setup constraints min width 0.1000 mm; actual 0.0891 mm)
    Rule: netclass 'Default'; error
    @(140.5042 mm, 33.4095 mm): Track [GND] on Top Layer, length 0.1355 mm
[track_width]: Track width (board setup constraints min width 0.1000 mm; actual 0.0891 mm)
    Rule: netclass 'Default'; error
    @(140.6000 mm, 33.3137 mm): Track [GND] on Top Layer, length 0.1337 mm
[track_width]: Track width (board setup constraints min width 0.1000 mm; actual 0.0891 mm)
    Rule: netclass 'Default'; error
    @(140.6000 mm, 33.1800 mm): Track [GND] on Top Layer, length 0.3500 mm
[track_width]: Track width (board setup constraints min width 0.1000 mm; actual 0.0891 mm)
    Rule: netclass 'Default'; error
    @(107.1482 mm, 120.0439 mm): Track [GND] on Top Layer, length 0.0116 mm
[track_width]: Track width (board setup constraints min width 0.1000 mm; actual 0.0891 mm)
    Rule: netclass 'Default'; error
    @(107.1564 mm, 120.0521 mm): Track [GND] on Top Layer, length 0.0093 mm
[track_width]: Track width (board setup constraints min width 0.1000 mm; actual 0.0891 mm)
    Rule: netclass 'Default'; error
    @(107.1657 mm, 120.0521 mm): Track [GND] on Top Layer, length 0.1384 mm
[track_width]: Track width (board setup constraints min width 0.1000 mm; actual 0.0891 mm)
    Rule: netclass 'Default'; error
    @(107.2636 mm, 120.1500 mm): Track [GND] on Top Layer, length 0.1114 mm
[track_width]: Track width (board setup constraints min width 0.1000 mm; actual 0.0891 mm)
    Rule: netclass 'Default'; error
    @(107.3750 mm, 120.1500 mm): Track [GND] on Top Layer, length 0.2500 mm
[track_width]: Track width (board setup constraints min width 0.1000 mm; actual 0.0891 mm)
    Rule: netclass 'Default'; error
    @(125.3290 mm, 70.1950 mm): Track [GND] on Top Layer, length 1.6000 mm
[track_width]: Track width (board setup constraints min width 0.1000 mm; actual 0.0891 mm)
    Rule: netclass 'Default'; error
    @(123.7290 mm, 70.1950 mm): Track [GND] on Top Layer, length 0.1895 mm
[track_width]: Track width (board setup constraints min width 0.1000 mm; actual 0.0891 mm)
    Rule: netclass 'Default'; error
    @(123.5395 mm, 70.1950 mm): Track [GND] on Top Layer, length 0.0080 mm
[track_width]: Track width (board setup constraints min width 0.1000 mm; actual 0.0891 mm)
    Rule: netclass 'Default'; error
    @(123.5315 mm, 70.1950 mm): Track [GND] on Top Layer, length 0.0269 mm
[track_width]: Track width (board setup constraints min width 0.1000 mm; actual 0.0891 mm)
    Rule: netclass 'Default'; error
    @(123.5125 mm, 70.2140 mm): Track [GND] on Top Layer, length 0.0107 mm
[track_width]: Track width (board setup constraints min width 0.1000 mm; actual 0.0891 mm)
    Rule: netclass 'Default'; error
    @(154.5260 mm, 110.7630 mm): Track [Net-(U4-EN)] on Top Layer, length 0.1800 mm
[track_width]: Track width (board setup constraints min width 0.1000 mm; actual 0.0891 mm)
    Rule: netclass 'Default'; error
    @(154.5260 mm, 110.9430 mm): Track [Net-(U4-EN)] on Top Layer, length 0.3718 mm
[track_width]: Track width (board setup constraints min width 0.1000 mm; actual 0.0891 mm)
    Rule: netclass 'Default'; error
    @(154.7889 mm, 111.2059 mm): Track [Net-(U4-EN)] on Top Layer, length 0.2411 mm
[track_width]: Track width (board setup constraints min width 0.1000 mm; actual 0.0891 mm)
    Rule: netclass 'Default'; error
    @(154.6184 mm, 111.3764 mm): Track [Net-(U4-EN)] on Top Layer, length 0.0124 mm
[track_width]: Track width (board setup constraints min width 0.1000 mm; actual 0.0891 mm)
    Rule: netclass 'Default'; error
    @(154.6184 mm, 111.3888 mm): Track [Net-(U4-EN)] on Top Layer, length 0.0020 mm
[track_width]: Track width (board setup constraints min width 0.1000 mm; actual 0.0891 mm)
    Rule: netclass 'Default'; error
    @(135.4614 mm, 64.9440 mm): Track [GND] on Top Layer, length 0.3550 mm
[track_width]: Track width (board setup constraints min width 0.1000 mm; actual 0.0891 mm)
    Rule: netclass 'Default'; error
    @(135.2104 mm, 65.1950 mm): Track [GND] on Top Layer, length 0.2021 mm
[track_width]: Track width (board setup constraints min width 0.1000 mm; actual 0.0891 mm)
    Rule: netclass 'Default'; error
    @(135.0083 mm, 65.1950 mm): Track [GND] on Top Layer, length 2.5398 mm
[track_width]: Track width (board setup constraints min width 0.1000 mm; actual 0.0891 mm)
    Rule: netclass 'Default'; error
    @(133.5436 mm, 67.2700 mm): Track [GND] on Top Layer, length 2.5398 mm
[track_width]: Track width (board setup constraints min width 0.1000 mm; actual 0.0891 mm)
    Rule: netclass 'Default'; error
    @(140.8010 mm, 121.9755 mm): Track [Net-(U5-PROG)] on Top Layer, length 0.3005 mm
[track_width]: Track width (board setup constraints min width 0.1000 mm; actual 0.0891 mm)
    Rule: netclass 'Default'; error
    @(140.8010 mm, 122.2760 mm): Track [Net-(U5-PROG)] on Top Layer, length 0.2565 mm
[track_width]: Track width (board setup constraints min width 0.1000 mm; actual 0.0891 mm)
    Rule: netclass 'Default'; error
    @(140.8010 mm, 122.5325 mm): Track [Net-(U5-PROG)] on Top Layer, length 0.1033 mm
[track_width]: Track width (board setup constraints min width 0.1000 mm; actual 0.0891 mm)
    Rule: netclass 'Default'; error
    @(140.7279 mm, 122.6055 mm): Track [Net-(U5-PROG)] on Top Layer, length 1.0781 mm
[track_width]: Track width (board setup constraints min width 0.1000 mm; actual 0.0891 mm)
    Rule: netclass 'Default'; error
    @(139.6499 mm, 122.6055 mm): Track [Net-(U5-PROG)] on Top Layer, length 1.1397 mm
[track_width]: Track width (board setup constraints min width 0.1000 mm; actual 0.0891 mm)
    Rule: netclass 'Default'; error
    @(138.8440 mm, 123.4114 mm): Track [Net-(U5-PROG)] on Top Layer, length 6.5162 mm
[track_width]: Track width (board setup constraints min width 0.1000 mm; actual 0.0891 mm)
    Rule: netclass 'Default'; error
    @(138.8440 mm, 129.9275 mm): Track [Net-(U5-PROG)] on Top Layer, length 0.2565 mm
[track_width]: Track width (board setup constraints min width 0.1000 mm; actual 0.0891 mm)
    Rule: netclass 'Default'; error
    @(138.8440 mm, 130.1840 mm): Track [Net-(U5-PROG)] on Top Layer, length 0.7015 mm
[track_width]: Track width (board setup constraints min width 0.1000 mm; actual 0.0891 mm)
    Rule: netclass 'Default'; error
    @(116.3929 mm, 121.9364 mm): Track [SDIO_3] on Top Layer, length 0.6112 mm
[track_width]: Track width (board setup constraints min width 0.1000 mm; actual 0.0891 mm)
    Rule: netclass 'Default'; error
    @(117.0041 mm, 121.9364 mm): Track [SDIO_3] on Top Layer, length 9.2252 mm
[track_width]: Track width (board setup constraints min width 0.1000 mm; actual 0.0891 mm)
    Rule: netclass 'Default'; error
    @(113.4750 mm, 121.0500 mm): Track [GPIO_WF_2] on Top Layer, length 0.2500 mm
[track_width]: Track width (board setup constraints min width 0.1000 mm; actual 0.0891 mm)
    Rule: netclass 'Default'; error
    @(113.7250 mm, 121.0500 mm): Track [GPIO_WF_2] on Top Layer, length 0.2565 mm
[track_width]: Track width (board setup constraints min width 0.1000 mm; actual 0.0891 mm)
    Rule: netclass 'Default'; error
    @(113.9815 mm, 121.0500 mm): Track [GPIO_WF_2] on Top Layer, length 1.5172 mm
[track_width]: Track width (board setup constraints min width 0.1000 mm; actual 0.0891 mm)
    Rule: netclass 'Default'; error
    @(115.0543 mm, 119.9772 mm): Track [GPIO_WF_2] on Top Layer, length 0.5022 mm
[track_width]: Track width (board setup constraints min width 0.1000 mm; actual 0.0891 mm)
    Rule: netclass 'Default'; error
    @(115.5565 mm, 119.9772 mm): Track [GPIO_WF_2] on Top Layer, length 2.9712 mm
[track_width]: Track width (board setup constraints min width 0.1000 mm; actual 0.0891 mm)
    Rule: netclass 'Default'; error
    @(113.4750 mm, 122.4000 mm): Track [REG_ON_BL] on Top Layer, length 0.2500 mm
[track_width]: Track width (board setup constraints min width 0.1000 mm; actual 0.0891 mm)
    Rule: netclass 'Default'; error
    @(113.7250 mm, 122.4000 mm): Track [REG_ON_BL] on Top Layer, length 0.2565 mm
[track_width]: Track width (board setup constraints min width 0.1000 mm; actual 0.0891 mm)
    Rule: netclass 'Default'; error
    @(113.9815 mm, 122.4000 mm): Track [REG_ON_BL] on Top Layer, length 13.5360 mm
[track_width]: Track width (board setup constraints min width 0.1000 mm; actual 0.0891 mm)
    Rule: netclass 'Default'; error
    @(123.5529 mm, 112.8286 mm): Track [REG_ON_BL] on Top Layer, length 1.8928 mm
[track_width]: Track width (board setup constraints min width 0.1000 mm; actual 0.0891 mm)
    Rule: netclass 'Default'; error
    @(113.9668 mm, 119.9889 mm): Track [GND] on Top Layer, length 0.0641 mm
[track_width]: Track width (board setup constraints min width 0.1000 mm; actual 0.0891 mm)
    Rule: netclass 'Default'; error
    @(113.9668 mm, 120.0530 mm): Track [GND] on Top Layer, length 0.1371 mm
[track_width]: Track width (board setup constraints min width 0.1000 mm; actual 0.0891 mm)
    Rule: netclass 'Default'; error
    @(113.8699 mm, 120.1500 mm): Track [GND] on Top Layer, length 0.1449 mm
[track_width]: Track width (board setup constraints min width 0.1000 mm; actual 0.0891 mm)
    Rule: netclass 'Default'; error
    @(113.7250 mm, 120.1500 mm): Track [GND] on Top Layer, length 0.2500 mm
[track_width]: Track width (board setup constraints min width 0.1000 mm; actual 0.0891 mm)
    Rule: netclass 'Default'; error
    @(129.1243 mm, 134.1514 mm): Track [GND] on Top Layer, length 0.1578 mm
[track_width]: Track width (board setup constraints min width 0.1000 mm; actual 0.0891 mm)
    Rule: netclass 'Default'; error
    @(129.0127 mm, 134.2630 mm): Track [GND] on Top Layer, length 0.0841 mm
[track_width]: Track width (board setup constraints min width 0.1000 mm; actual 0.0891 mm)
    Rule: netclass 'Default'; error
    @(128.9287 mm, 134.2630 mm): Track [GND] on Top Layer, length 0.2007 mm
[track_width]: Track width (board setup constraints min width 0.1000 mm; actual 0.0891 mm)
    Rule: netclass 'Default'; error
    @(128.7280 mm, 134.2630 mm): Track [GND] on Top Layer, length 0.7015 mm
[track_width]: Track width (board setup constraints min width 0.1000 mm; actual 0.0891 mm)
    Rule: netclass 'Default'; error
    @(134.5968 mm, 38.4299 mm): Track [CAM_I2C_SDA] on Top Layer, length 0.4567 mm
[track_width]: Track width (board setup constraints min width 0.1000 mm; actual 0.0891 mm)
    Rule: netclass 'Default'; error
    @(134.2739 mm, 38.1069 mm): Track [CAM_I2C_SDA] on Top Layer, length 5.9176 mm
[track_width]: Track width (board setup constraints min width 0.1000 mm; actual 0.0891 mm)
    Rule: netclass 'Default'; error
    @(134.2739 mm, 32.1893 mm): Track [CAM_I2C_SDA] on Top Layer, length 2.2632 mm
[track_width]: Track width (board setup constraints min width 0.1000 mm; actual 0.0891 mm)
    Rule: netclass 'Default'; error
    @(135.8742 mm, 30.5890 mm): Track [CAM_I2C_SDA] on Top Layer, length 1.6403 mm
[track_width]: Track width (board setup constraints min width 0.1000 mm; actual 0.0891 mm)
    Rule: netclass 'Default'; error
    @(137.5145 mm, 30.5890 mm): Track [CAM_I2C_SDA] on Top Layer, length 0.1791 mm
[track_width]: Track width (board setup constraints min width 0.1000 mm; actual 0.0891 mm)
    Rule: netclass 'Default'; error
    @(137.6412 mm, 30.4624 mm): Track [CAM_I2C_SDA] on Top Layer, length 0.6535 mm
[track_width]: Track width (board setup constraints min width 0.1000 mm; actual 0.0891 mm)
    Rule: netclass 'Default'; error
    @(137.6412 mm, 29.8088 mm): Track [CAM_I2C_SDA] on Top Layer, length 0.0832 mm
[track_width]: Track width (board setup constraints min width 0.1000 mm; actual 0.0891 mm)
    Rule: netclass 'Default'; error
    @(137.7000 mm, 29.7500 mm): Track [CAM_I2C_SDA] on Top Layer, length 0.0500 mm
[track_width]: Track width (board setup constraints min width 0.1000 mm; actual 0.0891 mm)
    Rule: netclass 'Default'; error
    @(137.7500 mm, 29.7500 mm): Track [CAM_I2C_SDA] on Top Layer, length 0.0500 mm
[track_width]: Track width (board setup constraints min width 0.1000 mm; actual 0.0891 mm)
    Rule: netclass 'Default'; error
    @(122.0915 mm, 81.9950 mm): Track [UART_TX] on Top Layer, length 0.6375 mm
[track_width]: Track width (board setup constraints min width 0.1000 mm; actual 0.0891 mm)
    Rule: netclass 'Default'; error
    @(121.4540 mm, 81.9950 mm): Track [UART_TX] on Top Layer, length 0.2565 mm
[track_width]: Track width (board setup constraints min width 0.1000 mm; actual 0.0891 mm)
    Rule: netclass 'Default'; error
    @(121.1975 mm, 81.9950 mm): Track [UART_TX] on Top Layer, length 7.7751 mm
[track_width]: Track width (board setup constraints min width 0.1000 mm; actual 0.0891 mm)
    Rule: netclass 'Default'; error
    @(113.4225 mm, 81.9950 mm): Track [UART_TX] on Top Layer, length 9.7934 mm
[track_width]: Track width (board setup constraints min width 0.1000 mm; actual 0.0891 mm)
    Rule: netclass 'Default'; error
    @(106.4975 mm, 88.9200 mm): Track [UART_TX] on Top Layer, length 0.2565 mm
[track_width]: Track width (board setup constraints min width 0.1000 mm; actual 0.0891 mm)
    Rule: netclass 'Default'; error
    @(106.2410 mm, 88.9200 mm): Track [UART_TX] on Top Layer, length 0.8560 mm
[track_width]: Track width (board setup constraints min width 0.1000 mm; actual 0.0891 mm)
    Rule: netclass 'Default'; error
    @(122.0915 mm, 77.9950 mm): Track [PCM_IN] on Top Layer, length 0.6375 mm
[track_width]: Track width (board setup constraints min width 0.1000 mm; actual 0.0891 mm)
    Rule: netclass 'Default'; error
    @(121.4540 mm, 77.9950 mm): Track [PCM_IN] on Top Layer, length 0.2565 mm
[track_width]: Track width (board setup constraints min width 0.1000 mm; actual 0.0891 mm)
    Rule: netclass 'Default'; error
    @(121.1975 mm, 77.9950 mm): Track [PCM_IN] on Top Layer, length 2.7134 mm
[track_width]: Track width (board setup constraints min width 0.1000 mm; actual 0.0891 mm)
    Rule: netclass 'Default'; error
    @(119.2789 mm, 79.9136 mm): Track [PCM_IN] on Top Layer, length 0.1632 mm
[track_width]: Track width (board setup constraints min width 0.1000 mm; actual 0.0891 mm)
    Rule: netclass 'Default'; error
    @(122.0915 mm, 74.7950 mm): Track [PCM_SYNC] on Top Layer, length 0.6375 mm
[track_width]: Track width (board setup constraints min width 0.1000 mm; actual 0.0891 mm)
    Rule: netclass 'Default'; error
    @(121.4540 mm, 74.7950 mm): Track [PCM_SYNC] on Top Layer, length 0.2565 mm
[track_width]: Track width (board setup constraints min width 0.1000 mm; actual 0.0891 mm)
    Rule: netclass 'Default'; error
    @(121.1975 mm, 74.7950 mm): Track [PCM_SYNC] on Top Layer, length 3.2174 mm
[track_width]: Track width (board setup constraints min width 0.1000 mm; actual 0.0891 mm)
    Rule: netclass 'Default'; error
    @(118.9225 mm, 77.0700 mm): Track [PCM_SYNC] on Top Layer, length 2.5819 mm
[track_width]: Track width (board setup constraints min width 0.1000 mm; actual 0.0891 mm)
    Rule: netclass 'Default'; error
    @(122.0915 mm, 76.3950 mm): Track [PCM_CLK] on Top Layer, length 0.6375 mm
[track_width]: Track width (board setup constraints min width 0.1000 mm; actual 0.0891 mm)
    Rule: netclass 'Default'; error
    @(121.4540 mm, 76.3950 mm): Track [PCM_CLK] on Top Layer, length 0.2565 mm
[track_width]: Track width (board setup constraints min width 0.1000 mm; actual 0.0891 mm)
    Rule: netclass 'Default'; error
    @(121.1975 mm, 76.3950 mm): Track [PCM_CLK] on Top Layer, length 2.4306 mm
[track_width]: Track width (board setup constraints min width 0.1000 mm; actual 0.0891 mm)
    Rule: netclass 'Default'; error
    @(119.4788 mm, 78.1137 mm): Track [PCM_CLK] on Top Layer, length 1.1409 mm
[track_width]: Track width (board setup constraints min width 0.1000 mm; actual 0.0891 mm)
    Rule: netclass 'Default'; error
    @(122.0915 mm, 67.5950 mm): Track [/I2C3_SCL] on Top Layer, length 0.6375 mm
[track_width]: Track width (board setup constraints min width 0.1000 mm; actual 0.0891 mm)
    Rule: netclass 'Default'; error
    @(121.4540 mm, 67.5950 mm): Track [/I2C3_SCL] on Top Layer, length 0.1226 mm
[track_width]: Track width (board setup constraints min width 0.1000 mm; actual 0.0891 mm)
    Rule: netclass 'Default'; error
    @(121.3314 mm, 67.5950 mm): Track [/I2C3_SCL] on Top Layer, length 0.1325 mm
[track_width]: Track width (board setup constraints min width 0.1000 mm; actual 0.0891 mm)
    Rule: netclass 'Default'; error
    @(121.2378 mm, 67.6887 mm): Track [/I2C3_SCL] on Top Layer, length 0.0550 mm
[track_width]: Track width (board setup constraints min width 0.1000 mm; actual 0.0891 mm)
    Rule: netclass 'Default'; error
    @(122.0915 mm, 82.7950 mm): Track [UART_RX] on Top Layer, length 0.6375 mm
[track_width]: Track width (board setup constraints min width 0.1000 mm; actual 0.0891 mm)
    Rule: netclass 'Default'; error
    @(121.4540 mm, 82.7950 mm): Track [UART_RX] on Top Layer, length 0.2565 mm
[track_width]: Track width (board setup constraints min width 0.1000 mm; actual 0.0891 mm)
    Rule: netclass 'Default'; error
    @(121.1975 mm, 82.7950 mm): Track [UART_RX] on Top Layer, length 7.1475 mm
[track_width]: Track width (board setup constraints min width 0.1000 mm; actual 0.0891 mm)
    Rule: netclass 'Default'; error
    @(114.0500 mm, 82.7950 mm): Track [UART_RX] on Top Layer, length 11.1421 mm
[track_width]: Track width (board setup constraints min width 0.1000 mm; actual 0.0891 mm)
    Rule: netclass 'Default'; error
    @(106.1713 mm, 90.6737 mm): Track [UART_RX] on Top Layer, length 0.6843 mm
[track_width]: Track width (board setup constraints min width 0.1000 mm; actual 0.0891 mm)
    Rule: netclass 'Default'; error
    @(105.6875 mm, 91.1575 mm): Track [UART_RX] on Top Layer, length 0.4278 mm
[track_width]: Track width (board setup constraints min width 0.1000 mm; actual 0.0891 mm)
    Rule: netclass 'Default'; error
    @(123.9290 mm, 88.6335 mm): Track [SD2_DAT0] on Top Layer, length 0.6375 mm
[track_width]: Track width (board setup constraints min width 0.1000 mm; actual 0.0891 mm)
    Rule: netclass 'Default'; error
    @(123.9290 mm, 89.2710 mm): Track [SD2_DAT0] on Top Layer, length 0.2565 mm
[track_width]: Track width (board setup constraints min width 0.1000 mm; actual 0.0891 mm)
    Rule: netclass 'Default'; error
    @(123.9290 mm, 89.5275 mm): Track [SD2_DAT0] on Top Layer, length 0.0037 mm
[track_width]: Track width (board setup constraints min width 0.1000 mm; actual 0.0891 mm)
    Rule: netclass 'Default'; error
    @(123.9264 mm, 89.5301 mm): Track [SD2_DAT0] on Top Layer, length 0.4864 mm
[unresolved_variable]: Unresolved text variable
    Local override; error
    @(121.7291 mm, 91.5708 mm): Footprint text of MCM93_MOD1 (${PART NO})
[drill_out_of_range]: Hole size out of range (board setup constraints min hole 0.3000 mm; actual 0.2000 mm)
    Rule: board setup constraints; error
    @(142.5762 mm, 121.4105 mm): PTH pad 9 [GND] of U5
[drill_out_of_range]: Hole size out of range (board setup constraints min hole 0.3000 mm; actual 0.2000 mm)
    Rule: board setup constraints; error
    @(142.5762 mm, 122.6105 mm): PTH pad 9 [GND] of U5
[drill_out_of_range]: Hole size out of range (board setup constraints min hole 0.3000 mm; actual 0.2000 mm)
    Rule: board setup constraints; error
    @(142.5762 mm, 123.8105 mm): PTH pad 9 [GND] of U5
[drill_out_of_range]: Hole size out of range (board setup constraints min hole 0.3000 mm; actual 0.2000 mm)
    Rule: board setup constraints; error
    @(143.9762 mm, 121.4105 mm): PTH pad 9 [GND] of U5
[drill_out_of_range]: Hole size out of range (board setup constraints min hole 0.3000 mm; actual 0.2000 mm)
    Rule: board setup constraints; error
    @(143.9762 mm, 122.6105 mm): PTH pad 9 [GND] of U5
[drill_out_of_range]: Hole size out of range (board setup constraints min hole 0.3000 mm; actual 0.2000 mm)
    Rule: board setup constraints; error
    @(143.9762 mm, 123.8105 mm): PTH pad 9 [GND] of U5
[drill_out_of_range]: Hole size out of range (board setup constraints min hole 0.3000 mm; actual 0.2000 mm)
    Rule: board setup constraints; error
    @(155.0262 mm, 109.8632 mm): PTH pad 16 [<no net>] of U4
[drill_out_of_range]: Hole size out of range (board setup constraints min hole 0.3000 mm; actual 0.2000 mm)
    Rule: board setup constraints; error
    @(155.0262 mm, 109.3632 mm): PTH pad 17 [<no net>] of U4
[drill_out_of_range]: Hole size out of range (board setup constraints min hole 0.3000 mm; actual 0.2000 mm)
    Rule: board setup constraints; error
    @(155.0262 mm, 108.8632 mm): PTH pad 18 [<no net>] of U4
[drill_out_of_range]: Hole size out of range (board setup constraints min hole 0.3000 mm; actual 0.2000 mm)
    Rule: board setup constraints; error
    @(155.5262 mm, 109.8632 mm): PTH pad 19 [<no net>] of U4
[drill_out_of_range]: Hole size out of range (board setup constraints min hole 0.3000 mm; actual 0.2000 mm)
    Rule: board setup constraints; error
    @(155.5262 mm, 109.3632 mm): PTH pad 20 [<no net>] of U4
[drill_out_of_range]: Hole size out of range (board setup constraints min hole 0.3000 mm; actual 0.2000 mm)
    Rule: board setup constraints; error
    @(155.5262 mm, 108.8632 mm): PTH pad 21 [<no net>] of U4
[drill_out_of_range]: Hole size out of range (board setup constraints min hole 0.3000 mm; actual 0.2000 mm)
    Rule: board setup constraints; error
    @(156.0262 mm, 109.8632 mm): PTH pad 22 [<no net>] of U4
[drill_out_of_range]: Hole size out of range (board setup constraints min hole 0.3000 mm; actual 0.2000 mm)
    Rule: board setup constraints; error
    @(156.0262 mm, 109.3632 mm): PTH pad 23 [<no net>] of U4
[drill_out_of_range]: Hole size out of range (board setup constraints min hole 0.3000 mm; actual 0.2000 mm)
    Rule: board setup constraints; error
    @(156.0262 mm, 108.8632 mm): PTH pad 24 [<no net>] of U4
[drill_out_of_range]: Hole size out of range (board setup constraints min hole 0.3000 mm; actual 0.2000 mm)
    Rule: board setup constraints; error
    @(156.5262 mm, 109.8632 mm): PTH pad 25 [<no net>] of U4
[drill_out_of_range]: Hole size out of range (board setup constraints min hole 0.3000 mm; actual 0.2000 mm)
    Rule: board setup constraints; error
    @(156.5262 mm, 109.3632 mm): PTH pad 26 [<no net>] of U4
[drill_out_of_range]: Hole size out of range (board setup constraints min hole 0.3000 mm; actual 0.2000 mm)
    Rule: board setup constraints; error
    @(156.5262 mm, 108.8632 mm): PTH pad 27 [<no net>] of U4
[drill_out_of_range]: Hole size out of range (board setup constraints min hole 0.3000 mm; actual 0.2000 mm)
    Rule: board setup constraints; error
    @(157.0262 mm, 109.8632 mm): PTH pad 28 [<no net>] of U4
[drill_out_of_range]: Hole size out of range (board setup constraints min hole 0.3000 mm; actual 0.2000 mm)
    Rule: board setup constraints; error
    @(157.0262 mm, 109.3632 mm): PTH pad 29 [<no net>] of U4
[drill_out_of_range]: Hole size out of range (board setup constraints min hole 0.3000 mm; actual 0.2000 mm)
    Rule: board setup constraints; error
    @(157.0262 mm, 108.8632 mm): PTH pad 30 [<no net>] of U4
[drill_out_of_range]: Hole size out of range (board setup constraints min hole 0.3000 mm; actual 0.1502 mm)
    Rule: netclass 'Default'; error
    @(153.3771 mm, 107.5954 mm): Via [+3.7VBAT] on Top Layer - Bottom Layer
[drill_out_of_range]: Hole size out of range (board setup constraints min hole 0.3000 mm; actual 0.1502 mm)
    Rule: netclass 'Default'; error
    @(155.9620 mm, 112.4197 mm): Via [Net-(U4-FB)] on Top Layer - Bottom Layer
[drill_out_of_range]: Hole size out of range (board setup constraints min hole 0.3000 mm; actual 0.1502 mm)
    Rule: netclass 'Default'; error
    @(118.1356 mm, 98.4080 mm): Via [SD2_CD_B] on Top Layer - Bottom Layer
[drill_out_of_range]: Hole size out of range (board setup constraints min hole 0.3000 mm; actual 0.1502 mm)
    Rule: netclass 'Default'; error
    @(152.0804 mm, 145.0197 mm): Via [+3.3V] on Top Layer - Bottom Layer
[drill_out_of_range]: Hole size out of range (board setup constraints min hole 0.3000 mm; actual 0.1502 mm)
    Rule: netclass 'Default'; error
    @(150.3616 mm, 96.2487 mm): Via [+3.7VBAT] on Top Layer - Bottom Layer
[drill_out_of_range]: Hole size out of range (board setup constraints min hole 0.3000 mm; actual 0.1502 mm)
    Rule: netclass 'Default'; error
    @(118.2053 mm, 148.6573 mm): Via [+5V] on Top Layer - Bottom Layer
[drill_out_of_range]: Hole size out of range (board setup constraints min hole 0.3000 mm; actual 0.1502 mm)
    Rule: netclass 'Default'; error
    @(145.0878 mm, 54.0147 mm): Via [+5V] on Top Layer - Bottom Layer
[drill_out_of_range]: Hole size out of range (board setup constraints min hole 0.3000 mm; actual 0.1502 mm)
    Rule: netclass 'Default'; error
    @(146.2007 mm, 57.2985 mm): Via [+5V] on Top Layer - Bottom Layer
[drill_out_of_range]: Hole size out of range (board setup constraints min hole 0.3000 mm; actual 0.1502 mm)
    Rule: netclass 'Default'; error
    @(146.3234 mm, 58.4866 mm): Via [+5V] on Top Layer - Bottom Layer
[drill_out_of_range]: Hole size out of range (board setup constraints min hole 0.3000 mm; actual 0.1502 mm)
    Rule: netclass 'Default'; error
    @(146.4528 mm, 103.3026 mm): Via [+5V] on Top Layer - Bottom Layer
[drill_out_of_range]: Hole size out of range (board setup constraints min hole 0.3000 mm; actual 0.1502 mm)
    Rule: netclass 'Default'; error
    @(149.0064 mm, 103.5078 mm): Via [+5V] on Top Layer - Bottom Layer
[drill_out_of_range]: Hole size out of range (board setup constraints min hole 0.3000 mm; actual 0.1502 mm)
    Rule: netclass 'Default'; error
    @(150.1043 mm, 103.3938 mm): Via [+5V] on Top Layer - Bottom Layer
[drill_out_of_range]: Hole size out of range (board setup constraints min hole 0.3000 mm; actual 0.1502 mm)
    Rule: netclass 'Default'; error
    @(150.5975 mm, 103.8464 mm): Via [+5V] on Top Layer - Bottom Layer
[drill_out_of_range]: Hole size out of range (board setup constraints min hole 0.3000 mm; actual 0.1502 mm)
    Rule: netclass 'Default'; error
    @(152.9938 mm, 100.7120 mm): Via [+5V] on Top Layer - Bottom Layer
[drill_out_of_range]: Hole size out of range (board setup constraints min hole 0.3000 mm; actual 0.1502 mm)
    Rule: netclass 'Default'; error
    @(153.0338 mm, 96.1763 mm): Via [+5V] on Top Layer - Bottom Layer
[drill_out_of_range]: Hole size out of range (board setup constraints min hole 0.3000 mm; actual 0.1502 mm)
    Rule: netclass 'Default'; error
    @(153.0565 mm, 99.2456 mm): Via [+5V] on Top Layer - Bottom Layer
[drill_out_of_range]: Hole size out of range (board setup constraints min hole 0.3000 mm; actual 0.1502 mm)
    Rule: netclass 'Default'; error
    @(153.3265 mm, 61.6398 mm): Via [+5V] on Top Layer - Bottom Layer
[drill_out_of_range]: Hole size out of range (board setup constraints min hole 0.3000 mm; actual 0.1502 mm)
    Rule: netclass 'Default'; error
    @(159.7746 mm, 89.1589 mm): Via [+5V] on Top Layer - Bottom Layer
[drill_out_of_range]: Hole size out of range (board setup constraints min hole 0.3000 mm; actual 0.1502 mm)
    Rule: netclass 'Default'; error
    @(162.7772 mm, 88.9755 mm): Via [+5V] on Top Layer - Bottom Layer
[drill_out_of_range]: Hole size out of range (board setup constraints min hole 0.3000 mm; actual 0.1502 mm)
    Rule: netclass 'Default'; error
    @(141.3406 mm, 29.7425 mm): Via [/CSI_CLK_P] on Top Layer - Bottom Layer
[drill_out_of_range]: Hole size out of range (board setup constraints min hole 0.3000 mm; actual 0.1502 mm)
    Rule: netclass 'Default'; error
    @(114.2094 mm, 148.6632 mm): Via [/DSI_D0_P] on Top Layer - Bottom Layer
[drill_out_of_range]: Hole size out of range (board setup constraints min hole 0.3000 mm; actual 0.1502 mm)
    Rule: netclass 'Default'; error
    @(107.1482 mm, 120.0439 mm): Via [GND] on Top Layer - Bottom Layer
[drill_out_of_range]: Hole size out of range (board setup constraints min hole 0.3000 mm; actual 0.1502 mm)
    Rule: netclass 'Default'; error
    @(107.9851 mm, 114.8911 mm): Via [GND] on Top Layer - Bottom Layer
[drill_out_of_range]: Hole size out of range (board setup constraints min hole 0.3000 mm; actual 0.1502 mm)
    Rule: netclass 'Default'; error
    @(107.3825 mm, 125.0439 mm): Via [GND] on Top Layer - Bottom Layer
[drill_out_of_range]: Hole size out of range (board setup constraints min hole 0.3000 mm; actual 0.1502 mm)
    Rule: netclass 'Default'; error
    @(107.3617 mm, 98.9117 mm): Via [GND] on Top Layer - Bottom Layer
[drill_out_of_range]: Hole size out of range (board setup constraints min hole 0.3000 mm; actual 0.1502 mm)
    Rule: netclass 'Default'; error
    @(107.8678 mm, 118.5432 mm): Via [GND] on Top Layer - Bottom Layer
[drill_out_of_range]: Hole size out of range (board setup constraints min hole 0.3000 mm; actual 0.1502 mm)
    Rule: netclass 'Default'; error
    @(108.0838 mm, 122.1921 mm): Via [GND] on Top Layer - Bottom Layer
[drill_out_of_range]: Hole size out of range (board setup constraints min hole 0.3000 mm; actual 0.1502 mm)
    Rule: netclass 'Default'; error
    @(108.2970 mm, 119.7409 mm): Via [GND] on Top Layer - Bottom Layer
[drill_out_of_range]: Hole size out of range (board setup constraints min hole 0.3000 mm; actual 0.1502 mm)
    Rule: netclass 'Default'; error
    @(108.4476 mm, 122.8097 mm): Via [GND] on Top Layer - Bottom Layer
[drill_out_of_range]: Hole size out of range (board setup constraints min hole 0.3000 mm; actual 0.1502 mm)
    Rule: netclass 'Default'; error
    @(109.7075 mm, 118.7714 mm): Via [GND] on Top Layer - Bottom Layer
[drill_out_of_range]: Hole size out of range (board setup constraints min hole 0.3000 mm; actual 0.1502 mm)
    Rule: netclass 'Default'; error
    @(110.8168 mm, 120.5250 mm): Via [GND] on Top Layer - Bottom Layer
[drill_out_of_range]: Hole size out of range (board setup constraints min hole 0.3000 mm; actual 0.1502 mm)
    Rule: netclass 'Default'; error
    @(112.2910 mm, 122.0361 mm): Via [GND] on Top Layer - Bottom Layer
[drill_out_of_range]: Hole size out of range (board setup constraints min hole 0.3000 mm; actual 0.1502 mm)
    Rule: netclass 'Default'; error
    @(113.2767 mm, 124.0132 mm): Via [GND] on Top Layer - Bottom Layer
[drill_out_of_range]: Hole size out of range (board setup constraints min hole 0.3000 mm; actual 0.1502 mm)
    Rule: netclass 'Default'; error
    @(114.7196 mm, 144.4197 mm): Via [GND] on Top Layer - Bottom Layer
[drill_out_of_range]: Hole size out of range (board setup constraints min hole 0.3000 mm; actual 0.1502 mm)
    Rule: netclass 'Default'; error
    @(115.5530 mm, 144.4072 mm): Via [GND] on Top Layer - Bottom Layer
[drill_out_of_range]: Hole size out of range (board setup constraints min hole 0.3000 mm; actual 0.1502 mm)
    Rule: netclass 'Default'; error
    @(113.9668 mm, 119.9889 mm): Via [GND] on Top Layer - Bottom Layer
[drill_out_of_range]: Hole size out of range (board setup constraints min hole 0.3000 mm; actual 0.1502 mm)
    Rule: netclass 'Default'; error
    @(116.4100 mm, 144.4204 mm): Via [GND] on Top Layer - Bottom Layer
[drill_out_of_range]: Hole size out of range (board setup constraints min hole 0.3000 mm; actual 0.1502 mm)
    Rule: netclass 'Default'; error
    @(117.3167 mm, 148.6514 mm): Via [GND] on Top Layer - Bottom Layer
[drill_out_of_range]: Hole size out of range (board setup constraints min hole 0.3000 mm; actual 0.1502 mm)
    Rule: netclass 'Default'; error
    @(116.5246 mm, 148.6560 mm): Via [GND] on Top Layer - Bottom Layer
[drill_out_of_range]: Hole size out of range (board setup constraints min hole 0.3000 mm; actual 0.1502 mm)
    Rule: netclass 'Default'; error
    @(130.6182 mm, 142.8367 mm): Via [GND] on Top Layer - Bottom Layer
[drill_out_of_range]: Hole size out of range (board setup constraints min hole 0.3000 mm; actual 0.1502 mm)
    Rule: netclass 'Default'; error
    @(131.2514 mm, 142.8235 mm): Via [GND] on Top Layer - Bottom Layer
[drill_out_of_range]: Hole size out of range (board setup constraints min hole 0.3000 mm; actual 0.1502 mm)
    Rule: netclass 'Default'; error
    @(131.9124 mm, 142.8443 mm): Via [GND] on Top Layer - Bottom Layer
[drill_out_of_range]: Hole size out of range (board setup constraints min hole 0.3000 mm; actual 0.1502 mm)
    Rule: netclass 'Default'; error
    @(137.9872 mm, 29.1849 mm): Via [GND] on Top Layer - Bottom Layer
[drill_out_of_range]: Hole size out of range (board setup constraints min hole 0.3000 mm; actual 0.1502 mm)
    Rule: netclass 'Default'; error
    @(138.8407 mm, 33.4153 mm): Via [GND] on Top Layer - Bottom Layer
[drill_out_of_range]: Hole size out of range (board setup constraints min hole 0.3000 mm; actual 0.1502 mm)
    Rule: netclass 'Default'; error
    @(139.9570 mm, 87.2126 mm): Via [GND] on Top Layer - Bottom Layer
[drill_out_of_range]: Hole size out of range (board setup constraints min hole 0.3000 mm; actual 0.1502 mm)
    Rule: netclass 'Default'; error
    @(140.5022 mm, 33.4142 mm): Via [GND] on Top Layer - Bottom Layer
[drill_out_of_range]: Hole size out of range (board setup constraints min hole 0.3000 mm; actual 0.1502 mm)
    Rule: netclass 'Default'; error
    @(140.1096 mm, 128.1091 mm): Via [GND] on Top Layer - Bottom Layer
[drill_out_of_range]: Hole size out of range (board setup constraints min hole 0.3000 mm; actual 0.1502 mm)
    Rule: netclass 'Default'; error
    @(140.6227 mm, 29.1771 mm): Via [GND] on Top Layer - Bottom Layer
[drill_out_of_range]: Hole size out of range (board setup constraints min hole 0.3000 mm; actual 0.1502 mm)
    Rule: netclass 'Default'; error
    @(140.8130 mm, 120.1534 mm): Via [GND] on Top Layer - Bottom Layer
[drill_out_of_range]: Hole size out of range (board setup constraints min hole 0.3000 mm; actual 0.1502 mm)
    Rule: netclass 'Default'; error
    @(141.0272 mm, 122.6872 mm): Via [GND] on Top Layer - Bottom Layer
[drill_out_of_range]: Hole size out of range (board setup constraints min hole 0.3000 mm; actual 0.1502 mm)
    Rule: netclass 'Default'; error
    @(142.5111 mm, 54.6538 mm): Via [GND] on Top Layer - Bottom Layer
[drill_out_of_range]: Hole size out of range (board setup constraints min hole 0.3000 mm; actual 0.1502 mm)
    Rule: netclass 'Default'; error
    @(144.9933 mm, 50.6500 mm): Via [GND] on Top Layer - Bottom Layer
[drill_out_of_range]: Hole size out of range (board setup constraints min hole 0.3000 mm; actual 0.1502 mm)
    Rule: netclass 'Default'; error
    @(147.0493 mm, 149.3837 mm): Via [GND] on Top Layer - Bottom Layer
[drill_out_of_range]: Hole size out of range (board setup constraints min hole 0.3000 mm; actual 0.1502 mm)
    Rule: netclass 'Default'; error
    @(145.9848 mm, 116.7586 mm): Via [GND] on Top Layer - Bottom Layer
[drill_out_of_range]: Hole size out of range (board setup constraints min hole 0.3000 mm; actual 0.1502 mm)
    Rule: netclass 'Default'; error
    @(145.9772 mm, 121.4172 mm): Via [GND] on Top Layer - Bottom Layer
[drill_out_of_range]: Hole size out of range (board setup constraints min hole 0.3000 mm; actual 0.1502 mm)
    Rule: netclass 'Default'; error
    @(152.0778 mm, 151.8324 mm): Via [GND] on Top Layer - Bottom Layer
[drill_out_of_range]: Hole size out of range (board setup constraints min hole 0.3000 mm; actual 0.1502 mm)
    Rule: netclass 'Default'; error
    @(150.0554 mm, 51.1135 mm): Via [GND] on Top Layer - Bottom Layer
[drill_out_of_range]: Hole size out of range (board setup constraints min hole 0.3000 mm; actual 0.1502 mm)
    Rule: netclass 'Default'; error
    @(152.0526 mm, 104.4499 mm): Via [GND] on Top Layer - Bottom Layer
[drill_out_of_range]: Hole size out of range (board setup constraints min hole 0.3000 mm; actual 0.1502 mm)
    Rule: netclass 'Default'; error
    @(152.8505 mm, 148.7600 mm): Via [GND] on Top Layer - Bottom Layer
[drill_out_of_range]: Hole size out of range (board setup constraints min hole 0.3000 mm; actual 0.1502 mm)
    Rule: netclass 'Default'; error
    @(154.0893 mm, 114.5971 mm): Via [GND] on Top Layer - Bottom Layer
[drill_out_of_range]: Hole size out of range (board setup constraints min hole 0.3000 mm; actual 0.1502 mm)
    Rule: netclass 'Default'; error
    @(153.8065 mm, 142.3143 mm): Via [GND] on Top Layer - Bottom Layer
[drill_out_of_range]: Hole size out of range (board setup constraints min hole 0.3000 mm; actual 0.1502 mm)
    Rule: netclass 'Default'; error
    @(155.0283 mm, 111.3198 mm): Via [GND] on Top Layer - Bottom Layer
[drill_out_of_range]: Hole size out of range (board setup constraints min hole 0.3000 mm; actual 0.1502 mm)
    Rule: netclass 'Default'; error
    @(157.5246 mm, 104.8992 mm): Via [GND] on Top Layer - Bottom Layer
[drill_out_of_range]: Hole size out of range (board setup constraints min hole 0.3000 mm; actual 0.1502 mm)
    Rule: netclass 'Default'; error
    @(155.9560 mm, 62.6350 mm): Via [GND] on Top Layer - Bottom Layer
[drill_out_of_range]: Hole size out of range (board setup constraints min hole 0.3000 mm; actual 0.1502 mm)
    Rule: netclass 'Default'; error
    @(161.5603 mm, 84.2816 mm): Via [GND] on Top Layer - Bottom Layer
[drill_out_of_range]: Hole size out of range (board setup constraints min hole 0.3000 mm; actual 0.1502 mm)
    Rule: netclass 'Default'; error
    @(165.1447 mm, 90.9495 mm): Via [GND] on Top Layer - Bottom Layer
[drill_out_of_range]: Hole size out of range (board setup constraints min hole 0.3000 mm; actual 0.1502 mm)
    Rule: netclass 'Default'; error
    @(156.1833 mm, 107.4209 mm): Via [Net-(BT1-+)] on Top Layer - Bottom Layer
[drill_out_of_range]: Hole size out of range (board setup constraints min hole 0.3000 mm; actual 0.1502 mm)
    Rule: netclass 'Default'; error
    @(156.6691 mm, 100.8029 mm): Via [Net-(BT1-+)] on Top Layer - Bottom Layer
[drill_out_of_range]: Hole size out of range (board setup constraints min hole 0.3000 mm; actual 0.1502 mm)
    Rule: netclass 'Default'; error
    @(101.8604 mm, 122.0021 mm): Via [Net-(J6-Pin_1)] on Top Layer - Bottom Layer
[drill_out_of_range]: Hole size out of range (board setup constraints min hole 0.3000 mm; actual 0.1502 mm)
    Rule: netclass 'Default'; error
    @(133.7301 mm, 136.3398 mm): Via [Net-(U2-CAPP)] on Top Layer - Bottom Layer
[drill_out_of_range]: Hole size out of range (board setup constraints min hole 0.3000 mm; actual 0.1502 mm)
    Rule: netclass 'Default'; error
    @(154.6198 mm, 111.3902 mm): Via [Net-(U4-EN)] on Top Layer - Bottom Layer
[drill_out_of_range]: Hole size out of range (board setup constraints min hole 0.3000 mm; actual 0.1502 mm)
    Rule: netclass 'Default'; error
    @(112.8478 mm, 122.8089 mm): Via [PCM_CLK] on Top Layer - Bottom Layer
[drill_out_of_range]: Hole size out of range (board setup constraints min hole 0.3000 mm; actual 0.1502 mm)
    Rule: netclass 'Default'; error
    @(111.3773 mm, 122.8306 mm): Via [PCM_SYNC] on Top Layer - Bottom Layer
[drill_out_of_range]: Hole size out of range (board setup constraints min hole 0.3000 mm; actual 0.1502 mm)
    Rule: netclass 'Default'; error
    @(154.8480 mm, 107.4518 mm): Via [PG2] on Top Layer - Bottom Layer
[drill_out_of_range]: Hole size out of range (board setup constraints min hole 0.3000 mm; actual 0.1502 mm)
    Rule: netclass 'Default'; error
    @(110.2998 mm, 119.7322 mm): Via [REG_ON_WL] on Top Layer - Bottom Layer
[drill_out_of_range]: Hole size out of range (board setup constraints min hole 0.3000 mm; actual 0.1502 mm)
    Rule: netclass 'Default'; error
    @(117.8049 mm, 98.9917 mm): Via [SD2_CD_B] on Top Layer - Bottom Layer
[drill_out_of_range]: Hole size out of range (board setup constraints min hole 0.3000 mm; actual 0.1502 mm)
    Rule: netclass 'Default'; error
    @(117.6575 mm, 117.8762 mm): Via [GPIO_WF_2] on Top Layer - Bottom Layer
[drill_out_of_range]: Hole size out of range (board setup constraints min hole 0.3000 mm; actual 0.1502 mm)
    Rule: netclass 'Default'; error
    @(123.7120 mm, 96.3594 mm): Via [SD2_VDD] on Top Layer - Bottom Layer
[drill_out_of_range]: Hole size out of range (board setup constraints min hole 0.3000 mm; actual 0.1502 mm)
    Rule: netclass 'Default'; error
    @(129.2691 mm, 112.9436 mm): Via [BT_UART_T] on Top Layer - Bottom Layer
[drill_out_of_range]: Hole size out of range (board setup constraints min hole 0.3000 mm; actual 0.1502 mm)
    Rule: netclass 'Default'; error
    @(115.0525 mm, 105.8223 mm): Via [SDIO_1] on Top Layer - Bottom Layer
[drill_out_of_range]: Hole size out of range (board setup constraints min hole 0.3000 mm; actual 0.1502 mm)
    Rule: netclass 'Default'; error
    @(126.0395 mm, 60.4526 mm): Via [/DSI_D2_N] on Top Layer - Bottom Layer
[drill_out_of_range]: Hole size out of range (board setup constraints min hole 0.3000 mm; actual 0.1502 mm)
    Rule: netclass 'Default'; error
    @(112.5149 mm, 119.8350 mm): Via [SDIO_3] on Top Layer - Bottom Layer
[drill_out_of_range]: Hole size out of range (board setup constraints min hole 0.3000 mm; actual 0.1502 mm)
    Rule: netclass 'Default'; error
    @(140.6086 mm, 129.9600 mm): Via [GND] on Top Layer - Bottom Layer
[drill_out_of_range]: Hole size out of range (board setup constraints min hole 0.3000 mm; actual 0.1502 mm)
    Rule: netclass 'Default'; error
    @(129.8662 mm, 142.8318 mm): Via [GND] on Top Layer - Bottom Layer
[drill_out_of_range]: Hole size out of range (board setup constraints min hole 0.3000 mm; actual 0.1502 mm)
    Rule: netclass 'Default'; error
    @(140.2960 mm, 106.7067 mm): Via [GND] on Top Layer - Bottom Layer
[drill_out_of_range]: Hole size out of range (board setup constraints min hole 0.3000 mm; actual 0.1502 mm)
    Rule: netclass 'Default'; error
    @(148.1041 mm, 104.8154 mm): Via [+5V] on Top Layer - Bottom Layer
[drill_out_of_range]: Hole size out of range (board setup constraints min hole 0.3000 mm; actual 0.1502 mm)
    Rule: netclass 'Default'; error
    @(152.2203 mm, 66.1662 mm): Via [/SAI_MASTERCLOCK] on Top Layer - Bottom Layer
[drill_out_of_range]: Hole size out of range (board setup constraints min hole 0.3000 mm; actual 0.1502 mm)
    Rule: netclass 'Default'; error
    @(132.0668 mm, 60.2788 mm): Via [/DSI_CLK_N] on Top Layer - Bottom Layer
[drill_out_of_range]: Hole size out of range (board setup constraints min hole 0.3000 mm; actual 0.1502 mm)
    Rule: netclass 'Default'; error
    @(126.5784 mm, 90.0059 mm): Via [SDIO_2] on Top Layer - Bottom Layer
[drill_out_of_range]: Hole size out of range (board setup constraints min hole 0.3000 mm; actual 0.1502 mm)
    Rule: netclass 'Default'; error
    @(121.3707 mm, 142.8538 mm): Via [RST] on Top Layer - Bottom Layer
[drill_out_of_range]: Hole size out of range (board setup constraints min hole 0.3000 mm; actual 0.1502 mm)
    Rule: netclass 'Default'; error
    @(124.6650 mm, 60.2374 mm): Via [/DSI_D3_P] on Top Layer - Bottom Layer
[drill_out_of_range]: Hole size out of range (board setup constraints min hole 0.3000 mm; actual 0.1502 mm)
    Rule: netclass 'Default'; error
    @(131.1462 mm, 60.2191 mm): Via [/DSI_CLK_P] on Top Layer - Bottom Layer
[drill_out_of_range]: Hole size out of range (board setup constraints min hole 0.3000 mm; actual 0.1502 mm)
    Rule: netclass 'Default'; error
    @(136.5990 mm, 108.8530 mm): Via [Net-(C35-Pad2)] on Top Layer - Bottom Layer
[drill_out_of_range]: Hole size out of range (board setup constraints min hole 0.3000 mm; actual 0.1502 mm)
    Rule: netclass 'Default'; error
    @(152.2111 mm, 108.4918 mm): Via [+3.7VBAT] on Top Layer - Bottom Layer
[drill_out_of_range]: Hole size out of range (board setup constraints min hole 0.3000 mm; actual 0.1502 mm)
    Rule: netclass 'Default'; error
    @(124.3082 mm, 89.5460 mm): Via [SD2_DAT1] on Top Layer - Bottom Layer
[drill_out_of_range]: Hole size out of range (board setup constraints min hole 0.3000 mm; actual 0.1502 mm)
    Rule: netclass 'Default'; error
    @(120.6097 mm, 90.3956 mm): Via [GPIO_WF_2] on Top Layer - Bottom Layer
[drill_out_of_range]: Hole size out of range (board setup constraints min hole 0.3000 mm; actual 0.1502 mm)
    Rule: netclass 'Default'; error
    @(118.4359 mm, 93.1354 mm): Via [SDIO_1] on Top Layer - Bottom Layer
[drill_out_of_range]: Hole size out of range (board setup constraints min hole 0.3000 mm; actual 0.1502 mm)
    Rule: netclass 'Default'; error
    @(120.8625 mm, 138.8148 mm): Via [/AUDIO_DATA_OUT] on Top Layer - Bottom Layer
[drill_out_of_range]: Hole size out of range (board setup constraints min hole 0.3000 mm; actual 0.1502 mm)
    Rule: netclass 'Default'; error
    @(129.8213 mm, 111.1910 mm): Via [BT_UART_R] on Top Layer - Bottom Layer
[drill_out_of_range]: Hole size out of range (board setup constraints min hole 0.3000 mm; actual 0.1502 mm)
    Rule: netclass 'Default'; error
    @(116.4735 mm, 97.5389 mm): Via [SD2_DAT3] on Top Layer - Bottom Layer
[drill_out_of_range]: Hole size out of range (board setup constraints min hole 0.3000 mm; actual 0.1502 mm)
    Rule: netclass 'Default'; error
    @(146.0699 mm, 60.8306 mm): Via [GND] on Top Layer - Bottom Layer
[drill_out_of_range]: Hole size out of range (board setup constraints min hole 0.3000 mm; actual 0.1502 mm)
    Rule: netclass 'Default'; error
    @(151.9539 mm, 114.4358 mm): Via [Net-(R11-Pad1)] on Top Layer - Bottom Layer
[drill_out_of_range]: Hole size out of range (board setup constraints min hole 0.3000 mm; actual 0.1502 mm)
    Rule: netclass 'Default'; error
    @(146.8659 mm, 119.2704 mm): Via [Net-(D5-A)] on Top Layer - Bottom Layer
[drill_out_of_range]: Hole size out of range (board setup constraints min hole 0.3000 mm; actual 0.1502 mm)
    Rule: netclass 'Default'; error
    @(146.3437 mm, 83.6688 mm): Via [GND] on Top Layer - Bottom Layer
[drill_out_of_range]: Hole size out of range (board setup constraints min hole 0.3000 mm; actual 0.1502 mm)
    Rule: netclass 'Default'; error
    @(126.8306 mm, 142.8497 mm): Via [GND] on Top Layer - Bottom Layer
[drill_out_of_range]: Hole size out of range (board setup constraints min hole 0.3000 mm; actual 0.1502 mm)
    Rule: netclass 'Default'; error
    @(144.0187 mm, 102.3056 mm): Via [GND] on Top Layer - Bottom Layer
[drill_out_of_range]: Hole size out of range (board setup constraints min hole 0.3000 mm; actual 0.1502 mm)
    Rule: netclass 'Default'; error
    @(167.1638 mm, 46.9683 mm): Via [GND] on Top Layer - Bottom Layer
[drill_out_of_range]: Hole size out of range (board setup constraints min hole 0.3000 mm; actual 0.1502 mm)
    Rule: netclass 'Default'; error
    @(123.5127 mm, 65.9400 mm): Via [GND] on Top Layer - Bottom Layer
[drill_out_of_range]: Hole size out of range (board setup constraints min hole 0.3000 mm; actual 0.1502 mm)
    Rule: netclass 'Default'; error
    @(126.5628 mm, 60.6477 mm): Via [GND] on Top Layer - Bottom Layer
[drill_out_of_range]: Hole size out of range (board setup constraints min hole 0.3000 mm; actual 0.1502 mm)
    Rule: netclass 'Default'; error
    @(153.6097 mm, 109.1727 mm): Via [GND] on Top Layer - Bottom Layer
[drill_out_of_range]: Hole size out of range (board setup constraints min hole 0.3000 mm; actual 0.1502 mm)
    Rule: netclass 'Default'; error
    @(135.4614 mm, 64.9440 mm): Via [GND] on Top Layer - Bottom Layer
[drill_out_of_range]: Hole size out of range (board setup constraints min hole 0.3000 mm; actual 0.1502 mm)
    Rule: netclass 'Default'; error
    @(126.4273 mm, 75.9784 mm): Via [GND] on Top Layer - Bottom Layer
[drill_out_of_range]: Hole size out of range (board setup constraints min hole 0.3000 mm; actual 0.1502 mm)
    Rule: netclass 'Default'; error
    @(138.5453 mm, 62.8870 mm): Via [GND] on Top Layer - Bottom Layer
[drill_out_of_range]: Hole size out of range (board setup constraints min hole 0.3000 mm; actual 0.1502 mm)
    Rule: netclass 'Default'; error
    @(134.7454 mm, 63.6192 mm): Via [GND] on Top Layer - Bottom Layer
[drill_out_of_range]: Hole size out of range (board setup constraints min hole 0.3000 mm; actual 0.1502 mm)
    Rule: netclass 'Default'; error
    @(142.3457 mm, 62.9114 mm): Via [GND] on Top Layer - Bottom Layer
[drill_out_of_range]: Hole size out of range (board setup constraints min hole 0.3000 mm; actual 0.1502 mm)
    Rule: netclass 'Default'; error
    @(134.9125 mm, 84.3717 mm): Via [GND] on Top Layer - Bottom Layer
[drill_out_of_range]: Hole size out of range (board setup constraints min hole 0.3000 mm; actual 0.1502 mm)
    Rule: netclass 'Default'; error
    @(111.1468 mm, 131.3056 mm): Via [GND] on Top Layer - Bottom Layer
[drill_out_of_range]: Hole size out of range (board setup constraints min hole 0.3000 mm; actual 0.1502 mm)
    Rule: netclass 'Default'; error
    @(150.3169 mm, 101.2923 mm): Via [GND] on Top Layer - Bottom Layer
[drill_out_of_range]: Hole size out of range (board setup constraints min hole 0.3000 mm; actual 0.1502 mm)
    Rule: netclass 'Default'; error
    @(142.4474 mm, 58.0643 mm): Via [+5V] on Top Layer - Bottom Layer
[drill_out_of_range]: Hole size out of range (board setup constraints min hole 0.3000 mm; actual 0.1502 mm)
    Rule: netclass 'Default'; error
    @(120.6043 mm, 114.5071 mm): Via [/DSI_D3_P] on Top Layer - Bottom Layer
[drill_out_of_range]: Hole size out of range (board setup constraints min hole 0.3000 mm; actual 0.1502 mm)
    Rule: netclass 'Default'; error
    @(125.2040 mm, 58.5048 mm): Via [/DSI_D3_N] on Top Layer - Bottom Layer
[drill_out_of_range]: Hole size out of range (board setup constraints min hole 0.3000 mm; actual 0.1502 mm)
    Rule: netclass 'Default'; error
    @(124.7870 mm, 89.7691 mm): Via [/AUDIO_DATA_OUT] on Top Layer - Bottom Layer
[drill_out_of_range]: Hole size out of range (board setup constraints min hole 0.3000 mm; actual 0.1502 mm)
    Rule: netclass 'Default'; error
    @(122.8452 mm, 91.7847 mm): Via [/DSI_D2_P] on Top Layer - Bottom Layer
[drill_out_of_range]: Hole size out of range (board setup constraints min hole 0.3000 mm; actual 0.1502 mm)
    Rule: netclass 'Default'; error
    @(127.3874 mm, 141.2473 mm): Via [/SAI_MASTERCLOCK] on Top Layer - Bottom Layer
[drill_out_of_range]: Hole size out of range (board setup constraints min hole 0.3000 mm; actual 0.1502 mm)
    Rule: netclass 'Default'; error
    @(150.1195 mm, 81.1898 mm): Via [SDIO_0] on Top Layer - Bottom Layer
[drill_out_of_range]: Hole size out of range (board setup constraints min hole 0.3000 mm; actual 0.1502 mm)
    Rule: netclass 'Default'; error
    @(125.2409 mm, 139.7458 mm): Via [+3.3V] on Top Layer - Bottom Layer
[drill_out_of_range]: Hole size out of range (board setup constraints min hole 0.3000 mm; actual 0.1502 mm)
    Rule: netclass 'Default'; error
    @(139.1849 mm, 146.8149 mm): Via [Net-(J1-CC2)] on Top Layer - Bottom Layer
[drill_out_of_range]: Hole size out of range (board setup constraints min hole 0.3000 mm; actual 0.1502 mm)
    Rule: netclass 'Default'; error
    @(136.0443 mm, 143.3528 mm): Via [Net-(J1-CC2)] on Top Layer - Bottom Layer
[drill_out_of_range]: Hole size out of range (board setup constraints min hole 0.3000 mm; actual 0.1502 mm)
    Rule: netclass 'Default'; error
    @(126.9257 mm, 152.1513 mm): Via [/I2C3_SDA] on Top Layer - Bottom Layer
[drill_out_of_range]: Hole size out of range (board setup constraints min hole 0.3000 mm; actual 0.1502 mm)
    Rule: netclass 'Default'; error
    @(129.0471 mm, 139.1130 mm): Via [Net-(J5-Pin_8)] on Top Layer - Bottom Layer
[drill_out_of_range]: Hole size out of range (board setup constraints min hole 0.3000 mm; actual 0.1502 mm)
    Rule: netclass 'Default'; error
    @(150.5945 mm, 120.0892 mm): Via [Net-(C35-Pad2)] on Top Layer - Bottom Layer
[drill_out_of_range]: Hole size out of range (board setup constraints min hole 0.3000 mm; actual 0.1502 mm)
    Rule: netclass 'Default'; error
    @(158.7768 mm, 53.9827 mm): Via [ONOFF] on Top Layer - Bottom Layer
[drill_out_of_range]: Hole size out of range (board setup constraints min hole 0.3000 mm; actual 0.1502 mm)
    Rule: netclass 'Default'; error
    @(115.8563 mm, 102.1839 mm): Via [SD2_DAT3] on Top Layer - Bottom Layer
[drill_out_of_range]: Hole size out of range (board setup constraints min hole 0.3000 mm; actual 0.1502 mm)
    Rule: netclass 'Default'; error
    @(119.2943 mm, 92.2246 mm): Via [SDIO_0] on Top Layer - Bottom Layer
[drill_out_of_range]: Hole size out of range (board setup constraints min hole 0.3000 mm; actual 0.1502 mm)
    Rule: netclass 'Default'; error
    @(131.8699 mm, 137.1097 mm): Via [Net-(U2-CAPP)] on Top Layer - Bottom Layer
[drill_out_of_range]: Hole size out of range (board setup constraints min hole 0.3000 mm; actual 0.1502 mm)
    Rule: netclass 'Default'; error
    @(123.4399 mm, 89.5301 mm): Via [SD2_DAT0] on Top Layer - Bottom Layer
[drill_out_of_range]: Hole size out of range (board setup constraints min hole 0.3000 mm; actual 0.1502 mm)
    Rule: netclass 'Default'; error
    @(124.0395 mm, 95.1606 mm): Via [SD2_DAT1] on Top Layer - Bottom Layer
[drill_out_of_range]: Hole size out of range (board setup constraints min hole 0.3000 mm; actual 0.1502 mm)
    Rule: netclass 'Default'; error
    @(123.8653 mm, 96.8081 mm): Via [SD2_CD_B] on Top Layer - Bottom Layer
[drill_out_of_range]: Hole size out of range (board setup constraints min hole 0.3000 mm; actual 0.1502 mm)
    Rule: netclass 'Default'; error
    @(138.7620 mm, 100.7413 mm): Via [REG_ON_BL] on Top Layer - Bottom Layer
[drill_out_of_range]: Hole size out of range (board setup constraints min hole 0.3000 mm; actual 0.1502 mm)
    Rule: netclass 'Default'; error
    @(116.0288 mm, 131.9881 mm): Via [/DSI_D2_N] on Top Layer - Bottom Layer
[drill_out_of_range]: Hole size out of range (board setup constraints min hole 0.3000 mm; actual 0.1502 mm)
    Rule: netclass 'Default'; error
    @(139.6837 mm, 58.5036 mm): Via [RESET] on Top Layer - Bottom Layer
[drill_out_of_range]: Hole size out of range (board setup constraints min hole 0.3000 mm; actual 0.1502 mm)
    Rule: netclass 'Default'; error
    @(160.4951 mm, 39.4308 mm): Via [+3.7VBAT] on Top Layer - Bottom Layer
[drill_out_of_range]: Hole size out of range (board setup constraints min hole 0.3000 mm; actual 0.1502 mm)
    Rule: netclass 'Default'; error
    @(116.4165 mm, 98.2443 mm): Via [SD2_CLK] on Top Layer - Bottom Layer
[drill_out_of_range]: Hole size out of range (board setup constraints min hole 0.3000 mm; actual 0.1502 mm)
    Rule: netclass 'Default'; error
    @(163.7194 mm, 108.4773 mm): Via [L_2] on Top Layer - Bottom Layer
[drill_out_of_range]: Hole size out of range (board setup constraints min hole 0.3000 mm; actual 0.1502 mm)
    Rule: netclass 'Default'; error
    @(124.2343 mm, 87.4201 mm): Via [/DSI_D2_P] on Top Layer - Bottom Layer
[drill_out_of_range]: Hole size out of range (board setup constraints min hole 0.3000 mm; actual 0.1502 mm)
    Rule: netclass 'Default'; error
    @(143.6992 mm, 87.5081 mm): Via [CAM_I2C_SCL] on Top Layer - Bottom Layer
[drill_out_of_range]: Hole size out of range (board setup constraints min hole 0.3000 mm; actual 0.1502 mm)
    Rule: netclass 'Default'; error
    @(150.4797 mm, 70.7863 mm): Via [GND] on Top Layer - Bottom Layer
[drill_out_of_range]: Hole size out of range (board setup constraints min hole 0.3000 mm; actual 0.1502 mm)
    Rule: netclass 'Default'; error
    @(127.3173 mm, 82.1469 mm): Via [/DSI_D1_P] on Top Layer - Bottom Layer
[drill_out_of_range]: Hole size out of range (board setup constraints min hole 0.3000 mm; actual 0.1502 mm)
    Rule: netclass 'Default'; error
    @(108.8228 mm, 120.7135 mm): Via [GND] on Top Layer - Bottom Layer
[drill_out_of_range]: Hole size out of range (board setup constraints min hole 0.3000 mm; actual 0.1502 mm)
    Rule: netclass 'Default'; error
    @(148.1136 mm, 114.7926 mm): Via [GND] on Top Layer - Bottom Layer
[drill_out_of_range]: Hole size out of range (board setup constraints min hole 0.3000 mm; actual 0.1502 mm)
    Rule: netclass 'Default'; error
    @(146.3127 mm, 66.2514 mm): Via [GND] on Top Layer - Bottom Layer
[drill_out_of_range]: Hole size out of range (board setup constraints min hole 0.3000 mm; actual 0.1502 mm)
    Rule: netclass 'Default'; error
    @(148.5602 mm, 68.3787 mm): Via [GND] on Top Layer - Bottom Layer
[drill_out_of_range]: Hole size out of range (board setup constraints min hole 0.3000 mm; actual 0.1502 mm)
    Rule: netclass 'Default'; error
    @(143.3653 mm, 56.5970 mm): Via [+5V] on Top Layer - Bottom Layer
[drill_out_of_range]: Hole size out of range (board setup constraints min hole 0.3000 mm; actual 0.1502 mm)
    Rule: netclass 'Default'; error
    @(131.0586 mm, 139.1133 mm): Via [GND] on Top Layer - Bottom Layer
[drill_out_of_range]: Hole size out of range (board setup constraints min hole 0.3000 mm; actual 0.1502 mm)
    Rule: netclass 'Default'; error
    @(165.4690 mm, 37.1204 mm): Via [GND] on Top Layer - Bottom Layer
[drill_out_of_range]: Hole size out of range (board setup constraints min hole 0.3000 mm; actual 0.1502 mm)
    Rule: netclass 'Default'; error
    @(128.9241 mm, 87.2113 mm): Via [GND] on Top Layer - Bottom Layer
[drill_out_of_range]: Hole size out of range (board setup constraints min hole 0.3000 mm; actual 0.1502 mm)
    Rule: netclass 'Default'; error
    @(123.5125 mm, 70.2247 mm): Via [GND] on Top Layer - Bottom Layer
[drill_out_of_range]: Hole size out of range (board setup constraints min hole 0.3000 mm; actual 0.1502 mm)
    Rule: netclass 'Default'; error
    @(161.6630 mm, 89.8565 mm): Via [GND] on Top Layer - Bottom Layer
[drill_out_of_range]: Hole size out of range (board setup constraints min hole 0.3000 mm; actual 0.1502 mm)
    Rule: netclass 'Default'; error
    @(125.0384 mm, 72.1785 mm): Via [GND] on Top Layer - Bottom Layer
[drill_out_of_range]: Hole size out of range (board setup constraints min hole 0.3000 mm; actual 0.1502 mm)
    Rule: netclass 'Default'; error
    @(131.1127 mm, 84.3720 mm): Via [GND] on Top Layer - Bottom Layer
[drill_out_of_range]: Hole size out of range (board setup constraints min hole 0.3000 mm; actual 0.1502 mm)
    Rule: netclass 'Default'; error
    @(144.6172 mm, 54.6807 mm): Via [GND] on Top Layer - Bottom Layer
[drill_out_of_range]: Hole size out of range (board setup constraints min hole 0.3000 mm; actual 0.1502 mm)
    Rule: netclass 'Default'; error
    @(149.1138 mm, 54.3403 mm): Via [GND] on Top Layer - Bottom Layer
[drill_out_of_range]: Hole size out of range (board setup constraints min hole 0.3000 mm; actual 0.1502 mm)
    Rule: netclass 'Default'; error
    @(147.3365 mm, 52.1014 mm): Via [GND] on Top Layer - Bottom Layer
[drill_out_of_range]: Hole size out of range (board setup constraints min hole 0.3000 mm; actual 0.1502 mm)
    Rule: netclass 'Default'; error
    @(153.4917 mm, 57.4165 mm): Via [GND] on Top Layer - Bottom Layer
[drill_out_of_range]: Hole size out of range (board setup constraints min hole 0.3000 mm; actual 0.1502 mm)
    Rule: netclass 'Default'; error
    @(153.5088 mm, 55.6803 mm): Via [GND] on Top Layer - Bottom Layer
[drill_out_of_range]: Hole size out of range (board setup constraints min hole 0.3000 mm; actual 0.1502 mm)
    Rule: netclass 'Default'; error
    @(146.6137 mm, 55.4558 mm): Via [GND] on Top Layer - Bottom Layer
[drill_out_of_range]: Hole size out of range (board setup constraints min hole 0.3000 mm; actual 0.1502 mm)
    Rule: netclass 'Default'; error
    @(143.2864 mm, 51.3963 mm): Via [+5V] on Top Layer - Bottom Layer
[drill_out_of_range]: Hole size out of range (board setup constraints min hole 0.3000 mm; actual 0.1502 mm)
    Rule: netclass 'Default'; error
    @(152.1023 mm, 149.8371 mm): Via [+5V] on Top Layer - Bottom Layer
[drill_out_of_range]: Hole size out of range (board setup constraints min hole 0.3000 mm; actual 0.1502 mm)
    Rule: netclass 'Default'; error
    @(152.1087 mm, 101.9633 mm): Via [+5V] on Top Layer - Bottom Layer
[drill_out_of_range]: Hole size out of range (board setup constraints min hole 0.3000 mm; actual 0.1502 mm)
    Rule: netclass 'Default'; error
    @(152.0817 mm, 58.5133 mm): Via [+5V] on Top Layer - Bottom Layer
[drill_out_of_range]: Hole size out of range (board setup constraints min hole 0.3000 mm; actual 0.1502 mm)
    Rule: netclass 'Default'; error
    @(143.4553 mm, 87.2115 mm): Via [CAM_I2C_SDA] on Top Layer - Bottom Layer
[drill_out_of_range]: Hole size out of range (board setup constraints min hole 0.3000 mm; actual 0.1502 mm)
    Rule: netclass 'Default'; error
    @(133.7548 mm, 91.6689 mm): Via [SDIO_0] on Top Layer - Bottom Layer
[drill_out_of_range]: Hole size out of range (board setup constraints min hole 0.3000 mm; actual 0.1502 mm)
    Rule: netclass 'Default'; error
    @(149.9458 mm, 85.3570 mm): Via [SDIO_3] on Top Layer - Bottom Layer
[drill_out_of_range]: Hole size out of range (board setup constraints min hole 0.3000 mm; actual 0.1502 mm)
    Rule: netclass 'Default'; error
    @(136.3999 mm, 91.8929 mm): Via [SDIO_1] on Top Layer - Bottom Layer
[drill_out_of_range]: Hole size out of range (board setup constraints min hole 0.3000 mm; actual 0.1502 mm)
    Rule: netclass 'Default'; error
    @(150.1796 mm, 83.2894 mm): Via [SDIO_1] on Top Layer - Bottom Layer
[drill_out_of_range]: Hole size out of range (board setup constraints min hole 0.3000 mm; actual 0.1502 mm)
    Rule: netclass 'Default'; error
    @(150.4011 mm, 86.3879 mm): Via [RST] on Top Layer - Bottom Layer
[drill_out_of_range]: Hole size out of range (board setup constraints min hole 0.3000 mm; actual 0.1502 mm)
    Rule: netclass 'Default'; error
    @(121.2289 mm, 85.2070 mm): Via [SD2_DAT3] on Top Layer - Bottom Layer
[drill_out_of_range]: Hole size out of range (board setup constraints min hole 0.3000 mm; actual 0.1502 mm)
    Rule: netclass 'Default'; error
    @(136.0028 mm, 51.6254 mm): Via [RESET] on Top Layer - Bottom Layer
[copper_edge_clearance]: Board edge clearance violation (board setup constraints edge clearance 0.3000 mm; actual 0.2000 mm)
    Rule: board setup constraints edge; error
    @(171.5000 mm, 150.5000 mm): Segment on Edge.Cuts
    @(170.9000 mm, 67.2500 mm): Pad 4.3 [<no net>] of ON/OFF1 on Top Layer
[copper_edge_clearance]: Board edge clearance violation (board setup constraints edge clearance 0.3000 mm; actual 0.2000 mm)
    Rule: board setup constraints edge; error
    @(171.5000 mm, 150.5000 mm): Segment on Edge.Cuts
    @(170.9000 mm, 59.9500 mm): Pad 4.4 [<no net>] of ON/OFF1 on Top Layer
[copper_edge_clearance]: Board edge clearance violation (board setup constraints edge clearance 0.3000 mm; actual 0.1900 mm)
    Rule: board setup constraints edge; error
    @(101.0000 mm, 150.5000 mm): Segment on Edge.Cuts
    @(102.5900 mm, 98.8950 mm): Pad 11 [<no net>] of J7 on Top Layer
[copper_edge_clearance]: Board edge clearance violation (board setup constraints edge clearance 0.3000 mm; actual 0.1900 mm)
    Rule: board setup constraints edge; error
    @(101.0000 mm, 150.5000 mm): Segment on Edge.Cuts
    @(102.1400 mm, 112.3950 mm): Pad 11 [<no net>] of J7 on Top Layer
[clearance]: Clearance violation ( clearance 0.1000 mm; actual 0.0979 mm)
    Local override; error
    @(153.8341 mm, 101.4928 mm): Track [USB_DP] on Top Layer, length 1.6202 mm
    @(153.6266 mm, 101.4069 mm): Track [USB_DN] on Top Layer, length 0.0421 mm
[clearance]: Clearance violation ( clearance 0.1000 mm; actual 0.0920 mm)
    Local override; error
    @(144.1988 mm, 134.0910 mm): Track [Net-(J5-Pin_9)] on Bottom Layer, length 11.8971 mm
    @(137.5970 mm, 134.2720 mm): Track [Net-(J5-Pin_8)] on Bottom Layer, length 6.4608 mm
[clearance]: Clearance violation ( clearance 0.1000 mm; actual 0.0953 mm)
    Local override; error
    @(160.8517 mm, 109.5567 mm): Via [L_2] on Top Layer - Bottom Layer
    @(161.1168 mm, 109.8879 mm): Track [Net-(U4-FB)] on Top Layer, length 3.8215 mm
[hole_clearance]: Hole clearance violation (board setup constraints hole clearance 0.2500 mm; actual 0.2439 mm)
    Rule: board setup constraints hole; error
    @(140.2000 mm, 28.7106 mm): Track [/CSI_D0_P] on Top Layer, length 0.3117 mm
    @(139.6095 mm, 28.5770 mm): Via [GND] on Top Layer - Bottom Layer
[clearance]: Clearance violation ( clearance 0.1000 mm; actual 0.0933 mm)
    Local override; error
    @(153.6500 mm, 101.3719 mm): Track [USB_DN] on Top Layer, length 1.6202 mm
    @(155.0114 mm, 100.2709 mm): Track [USB_DP] on Top Layer, length 33.2223 mm
[clearance]: Clearance violation ( clearance 0.1000 mm; actual 0.0979 mm)
    Local override; error
    @(142.6194 mm, 149.9007 mm): Track [USB_DN] on Top Layer, length 0.5650 mm
    @(143.2031 mm, 149.6221 mm): Track [USB_DP] on Top Layer, length 0.0421 mm
[clearance]: Clearance violation ( clearance 0.1000 mm; actual 0.0979 mm)
    Local override; error
    @(154.7957 mm, 100.2262 mm): Track [USB_DN] on Top Layer, length 33.1330 mm
    @(155.0114 mm, 67.0486 mm): Track [USB_DP] on Top Layer, length 0.0421 mm
[clearance]: Clearance violation ( clearance 0.1000 mm; actual 0.0979 mm)
    Local override; error
    @(142.6194 mm, 149.9007 mm): Track [USB_DN] on Top Layer, length 0.5650 mm
    @(143.2264 mm, 149.5871 mm): Track [USB_DP] on Top Layer, length 0.0421 mm
[hole_clearance]: Hole clearance violation (board setup constraints hole clearance 0.2500 mm; actual 0.1662 mm)
    Rule: board setup constraints hole; error
    @(114.2094 mm, 148.6632 mm): Track [/DSI_D0_P] on Top Layer, length 0.1724 mm
    @(114.4158 mm, 148.9637 mm): Via [GND] on Top Layer - Bottom Layer
[clearance]: Clearance violation ( clearance 0.1000 mm; actual 0.0979 mm)
    Local override; error
    @(143.2346 mm, 149.5459 mm): Track [USB_DP] on Top Layer, length 18.9111 mm
    @(143.0190 mm, 130.5900 mm): Track [USB_DN] on Top Layer, length 0.0421 mm
[clearance]: Clearance violation ( clearance 0.1000 mm; actual 0.0949 mm)
    Local override; error
    @(134.9259 mm, 40.9510 mm): Track [/CSI_D0_N] on Top Layer, length 17.2461 mm
    @(133.5290 mm, 42.0406 mm): Track [/CSI_D1_N] on Top Layer, length 7.4181 mm
[clearance]: Clearance violation ( clearance 0.1000 mm; actual 0.0979 mm)
    Local override; error
    @(154.7957 mm, 67.0932 mm): Track [USB_DN] on Top Layer, length 3.6659 mm
    @(155.0114 mm, 67.0486 mm): Track [USB_DP] on Top Layer, length 0.0421 mm
[hole_clearance]: Hole clearance violation (board setup constraints hole clearance 0.2500 mm; actual 0.2027 mm)
    Rule: board setup constraints hole; error
    @(137.5932 mm, 87.8305 mm): Track [SDIO_0] on Bottom Layer, length 6.1556 mm
    @(143.6992 mm, 87.5081 mm): Via [CAM_I2C_SCL] on Top Layer - Bottom Layer
[clearance]: Clearance violation ( clearance 0.1000 mm; actual 0.0951 mm)
    Local override; error
    @(150.7775 mm, 67.6090 mm): Track [/SAI_MASTERCLOCK] on Bottom Layer, length 22.4994 mm
    @(150.5127 mm, 69.4160 mm): Via [/I2C3_SDA] on Top Layer - Bottom Layer
[hole_clearance]: Hole clearance violation (board setup constraints hole clearance 0.2500 mm; actual 0.1712 mm)
    Rule: board setup constraints hole; error
    @(118.4000 mm, 148.0800 mm): Pad 26 [GND] of J4 on Top Layer
    @(118.2053 mm, 148.6573 mm): Via [+5V] on Top Layer - Bottom Layer
[clearance]: Clearance violation ( clearance 0.1000 mm; actual 0.0933 mm)
    Local override; error
    @(143.2346 mm, 130.6347 mm): Track [USB_DP] on Top Layer, length 9.8255 mm
    @(149.9982 mm, 123.5661 mm): Track [USB_DN] on Top Layer, length 5.8111 mm
[hole_clearance]: Hole clearance violation (board setup constraints hole clearance 0.2500 mm; actual 0.2434 mm)
    Rule: board setup constraints hole; error
    @(112.6225 mm, 120.7330 mm): Track [BT_UART_RTS_N] on Top Layer, length 0.8900 mm
    @(112.9843 mm, 120.7040 mm): Via [PCM_OUT] on Top Layer - Bottom Layer
[clearance]: Clearance violation ( clearance 0.1000 mm; actual 0.0938 mm)
    Local override; error
    @(113.3891 mm, 146.0234 mm): Track [+3.3V] on Top Layer, length 4.1775 mm
    @(117.3516 mm, 145.8384 mm): Track [/I2C3_SCL] on Top Layer, length 0.1276 mm
[clearance]: Clearance violation ( clearance 0.1000 mm; actual 0.0979 mm)
    Local override; error
    @(150.1823 mm, 123.6871 mm): Track [USB_DP] on Top Layer, length 0.0421 mm
    @(149.9982 mm, 123.5661 mm): Track [USB_DN] on Top Layer, length 5.8111 mm
[clearance]: Clearance violation ( clearance 0.1000 mm; actual 0.0979 mm)
    Local override; error
    @(150.2057 mm, 123.6521 mm): Track [USB_DP] on Top Layer, length 0.0421 mm
    @(149.9982 mm, 123.5661 mm): Track [USB_DN] on Top Layer, length 5.8111 mm
[clearance]: Clearance violation ( clearance 0.1000 mm; actual 0.0979 mm)
    Local override; error
    @(152.2035 mm, 64.5011 mm): Track [USB_DN] on Top Layer, length 0.0421 mm
    @(154.9798 mm, 66.9723 mm): Track [USB_DP] on Top Layer, length 3.6659 mm
[hole_clearance]: Hole clearance violation (board setup constraints hole clearance 0.2500 mm; actual 0.1662 mm)
    Rule: board setup constraints hole; error
    @(114.3818 mm, 148.6632 mm): Track [/DSI_D0_P] on Top Layer, length 0.0257 mm
    @(114.4158 mm, 148.9637 mm): Via [GND] on Top Layer - Bottom Layer
[clearance]: Clearance violation ( clearance 0.1000 mm; actual 0.0934 mm)
    Local override; error
    @(143.7488 mm, 87.8305 mm): Track [SDIO_0] on Bottom Layer, length 9.0095 mm
    @(143.6992 mm, 87.5081 mm): Via [CAM_I2C_SCL] on Top Layer - Bottom Layer
[hole_clearance]: Hole clearance violation (board setup constraints hole clearance 0.2500 mm; actual 0.2423 mm)
    Rule: board setup constraints hole; error
    @(112.6225 mm, 120.3615 mm): Track [BT_UART_RTS_N] on Top Layer, length 0.3715 mm
    @(112.9843 mm, 120.7040 mm): Via [PCM_OUT] on Top Layer - Bottom Layer
[hole_clearance]: Hole clearance violation (board setup constraints hole clearance 0.2500 mm; actual 0.2444 mm)
    Rule: board setup constraints hole; error
    @(150.2139 mm, 123.6108 mm): Track [USB_DP] on Top Layer, length 5.8111 mm
    @(150.5945 mm, 120.0892 mm): Via [Net-(C35-Pad2)] on Top Layer - Bottom Layer
[clearance]: Clearance violation ( clearance 0.1000 mm; actual 0.0921 mm)
    Local override; error
    @(113.8466 mm, 121.9364 mm): Track [SDIO_3] on Bottom Layer, length 1.8832 mm
    @(112.9843 mm, 120.7040 mm): Via [PCM_OUT] on Top Layer - Bottom Layer
[clearance]: Clearance violation ( clearance 0.1000 mm; actual 0.0933 mm)
    Local override; error
    @(149.9982 mm, 123.5661 mm): Track [USB_DN] on Top Layer, length 5.8111 mm
    @(150.2139 mm, 117.7997 mm): Track [USB_DP] on Top Layer, length 3.4759 mm
[clearance]: Clearance violation ( clearance 0.1000 mm; actual 0.0979 mm)
    Local override; error
    @(152.1801 mm, 64.4661 mm): Track [USB_DN] on Top Layer, length 0.0421 mm
    @(154.9798 mm, 66.9723 mm): Track [USB_DP] on Top Layer, length 3.6659 mm
[clearance]: Clearance violation ( clearance 0.1000 mm; actual 0.0963 mm)
    Local override; error
    @(136.8246 mm, 108.8530 mm): Track [Net-(C35-Pad2)] on Bottom Layer, length 15.7451 mm
    @(146.8659 mm, 119.2704 mm): Via [Net-(D5-A)] on Top Layer - Bottom Layer
[clearance]: Clearance violation ( clearance 0.1000 mm; actual 0.0979 mm)
    Local override; error
    @(152.6717 mm, 115.3418 mm): Track [USB_DP] on Top Layer, length 0.0421 mm
    @(152.4876 mm, 115.2209 mm): Track [USB_DN] on Top Layer, length 5.6041 mm
[clearance]: Clearance violation ( clearance 0.1000 mm; actual 0.0949 mm)
    Local override; error
    @(140.2000 mm, 35.6769 mm): Track [/CSI_D0_N] on Top Layer, length 7.4587 mm
    @(138.7744 mm, 36.7952 mm): Track [/CSI_D1_N] on Top Layer, length 2.7746 mm
[hole_clearance]: Hole clearance violation (board setup constraints hole clearance 0.2500 mm; actual 0.2057 mm)
    Rule: board setup constraints hole; error
    @(147.9581 mm, 119.9864 mm): Track [Net-(C35-Pad2)] on Bottom Layer, length 0.3666 mm
    @(148.2834 mm, 120.2175 mm): Via [Net-(BT1-+)] on Top Layer - Bottom Layer
[clearance]: Clearance violation ( clearance 0.1000 mm; actual 0.0979 mm)
    Local override; error
    @(152.4876 mm, 115.2209 mm): Track [USB_DN] on Top Layer, length 5.6041 mm
    @(152.6951 mm, 115.3068 mm): Track [USB_DP] on Top Layer, length 0.0421 mm
[clearance]: Clearance violation ( clearance 0.1000 mm; actual 0.0986 mm)
    Local override; error
    @(138.0141 mm, 92.2974 mm): Via [GPIO_WF_1] on Top Layer - Bottom Layer
    @(138.4907 mm, 92.5657 mm): Track [GPIO_WF_0] on Top Layer, length 0.9324 mm
[hole_clearance]: Hole clearance violation (board setup constraints hole clearance 0.2500 mm; actual 0.2063 mm)
    Rule: board setup constraints hole; error
    @(147.9581 mm, 120.3531 mm): Track [Net-(C35-Pad2)] on Bottom Layer, length 0.2532 mm
    @(148.2834 mm, 120.2175 mm): Via [Net-(BT1-+)] on Top Layer - Bottom Layer
[clearance]: Clearance violation ( clearance 0.1000 mm; actual 0.0933 mm)
    Local override; error
    @(152.1719 mm, 64.4248 mm): Track [USB_DN] on Top Layer, length 3.5309 mm
    @(154.9798 mm, 66.9723 mm): Track [USB_DP] on Top Layer, length 3.6659 mm
[clearance]: Clearance violation ( clearance 0.1000 mm; actual 0.0948 mm)
    Local override; error
    @(131.0061 mm, 136.7749 mm): Track [+3.3V] on Top Layer, length 1.6002 mm
    @(130.7760 mm, 137.0415 mm): Via [Net-(U2-CAPM)] on Top Layer - Bottom Layer
[clearance]: Clearance violation ( clearance 0.1000 mm; actual 0.0933 mm)
    Local override; error
    @(152.4876 mm, 115.2209 mm): Track [USB_DN] on Top Layer, length 5.6041 mm
    @(152.7033 mm, 115.2656 mm): Track [USB_DP] on Top Layer, length 5.6041 mm
[hole_clearance]: Hole clearance violation (board setup constraints hole clearance 0.2500 mm; actual 0.1829 mm)
    Rule: board setup constraints hole; error
    @(114.4000 mm, 148.6450 mm): Track [/DSI_D0_P] on Top Layer, length 0.2150 mm
    @(114.4158 mm, 148.9637 mm): Via [GND] on Top Layer - Bottom Layer
[hole_clearance]: Hole clearance violation (board setup constraints hole clearance 0.2500 mm; actual 0.1950 mm)
    Rule: board setup constraints hole; error
    @(148.1371 mm, 120.5321 mm): Track [Net-(C35-Pad2)] on Bottom Layer, length 2.0145 mm
    @(148.2834 mm, 120.2175 mm): Via [Net-(BT1-+)] on Top Layer - Bottom Layer
[clearance]: Clearance violation ( clearance 0.1000 mm; actual 0.0933 mm)
    Local override; error
    @(152.7033 mm, 109.6614 mm): Track [USB_DP] on Top Layer, length 0.3193 mm
    @(152.4876 mm, 115.2209 mm): Track [USB_DN] on Top Layer, length 5.6041 mm
[clearance]: Clearance violation ( clearance 0.1000 mm; actual 0.0933 mm)
    Local override; error
    @(152.1719 mm, 60.8939 mm): Track [USB_DN] on Top Layer, length 0.1656 mm
    @(152.3876 mm, 64.3801 mm): Track [USB_DP] on Top Layer, length 3.5992 mm
[hole_clearance]: Hole clearance violation (board setup constraints hole clearance 0.2500 mm; actual 0.2318 mm)
    Rule: board setup constraints hole; error
    @(117.2894 mm, 96.9771 mm): Track [/DSI_D3_N] on Bottom Layer, length 25.9555 mm
    @(117.6575 mm, 117.8762 mm): Via [GPIO_WF_2] on Top Layer - Bottom Layer
[hole_clearance]: Hole clearance violation (board setup constraints hole clearance 0.2500 mm; actual 0.1770 mm)
    Rule: board setup constraints hole; error
    @(143.4553 mm, 87.2115 mm): Track [CAM_I2C_SDA] on Top Layer, length 0.6787 mm
    @(143.6992 mm, 87.5081 mm): Via [CAM_I2C_SCL] on Top Layer - Bottom Layer
[hole_clearance]: Hole clearance violation (board setup constraints hole clearance 0.2500 mm; actual 0.1649 mm)
    Rule: board setup constraints hole; error
    @(136.1694 mm, 140.9044 mm): Track [+3.3V] on Bottom Layer, length 12.9983 mm
    @(147.7623 mm, 140.6177 mm): Via [Net-(J5-Pin_8)] on Top Layer - Bottom Layer
[hole_clearance]: Hole clearance violation (board setup constraints hole clearance 0.2500 mm; actual 0.1609 mm)
    Rule: board setup constraints hole; error
    @(157.5095 mm, 109.8119 mm): Track [Net-(R11-Pad1)] on Bottom Layer, length 0.5739 mm
    @(157.0262 mm, 109.8632 mm): PTH pad 28 [<no net>] of U4
[hole_clearance]: Hole clearance violation (board setup constraints hole clearance 0.2500 mm; actual 0.2032 mm)
    Rule: board setup constraints hole; error
    @(153.2847 mm, 108.8060 mm): Track [+3.7VBAT] on Top Layer, length 1.0513 mm
    @(153.6097 mm, 109.1727 mm): Via [GND] on Top Layer - Bottom Layer
[hole_clearance]: Hole clearance violation (board setup constraints hole clearance 0.2500 mm; actual 0.1906 mm)
    Rule: board setup constraints hole; error
    @(115.4595 mm, 124.7626 mm): Track [/DSI_D3_N] on Bottom Layer, length 5.8767 mm
    @(115.7863 mm, 130.4465 mm): Via [/DSI_D0_N] on Top Layer - Bottom Layer
[hole_clearance]: Hole clearance violation (board setup constraints hole clearance 0.2500 mm; actual 0.2366 mm)
    Rule: board setup constraints hole; error
    @(131.1969 mm, 135.8802 mm): Track [+3.3V] on Top Layer, length 0.4651 mm
    @(131.5113 mm, 136.0523 mm): Via [Net-(U2-CAPM)] on Top Layer - Bottom Layer
[clearance]: Clearance violation ( clearance 0.1000 mm; actual 0.0964 mm)
    Local override; error
    @(165.2500 mm, 142.8500 mm): Pad 1 [Net-(J5-Pin_9)] of AUD-R1 on Top Layer
    @(160.5830 mm, 148.7164 mm): Track [Net-(J5-Pin_8)] on Top Layer, length 7.5045 mm
[clearance]: Clearance violation ( clearance 0.1000 mm; actual 0.0949 mm)
    Local override; error
    @(165.2500 mm, 142.8500 mm): Pad 1 [Net-(J5-Pin_9)] of AUD-R1 on Top Layer
    @(165.8895 mm, 143.4099 mm): Track [Net-(J5-Pin_8)] on Top Layer, length 1.2640 mm
[clearance]: Clearance violation ( clearance 0.1000 mm; actual 0.0933 mm)
    Local override; error
    @(152.2747 mm, 60.6732 mm): Track [USB_DP] on Top Layer, length 0.2786 mm
    @(152.0065 mm, 60.9016 mm): Track [USB_DN] on Top Layer, length 0.0000 mm
[hole_clearance]: Hole clearance violation (board setup constraints hole clearance 0.2500 mm; actual 0.2099 mm)
    Rule: board setup constraints hole; error
    @(157.1037 mm, 110.2177 mm): Track [Net-(R11-Pad1)] on Bottom Layer, length 1.7379 mm
    @(155.5262 mm, 109.8632 mm): PTH pad 19 [<no net>] of U4
[hole_clearance]: Hole clearance violation (board setup constraints hole clearance 0.2500 mm; actual 0.2312 mm)
    Rule: board setup constraints hole; error
    @(115.4595 mm, 130.6393 mm): Track [/DSI_D3_N] on Bottom Layer, length 1.6530 mm
    @(115.7863 mm, 130.4465 mm): Via [/DSI_D0_N] on Top Layer - Bottom Layer
[hole_clearance]: Hole clearance violation (board setup constraints hole clearance 0.2500 mm; actual 0.2218 mm)
    Rule: board setup constraints hole; error
    @(118.3186 mm, 99.1514 mm): Track [SD2_CMD] on Top Layer, length 6.3150 mm
    @(118.6600 mm, 100.5452 mm): Via [SD2_DAT0] on Top Layer - Bottom Layer
[hole_clearance]: Hole clearance violation (board setup constraints hole clearance 0.2500 mm; actual 0.2449 mm)
    Rule: board setup constraints hole; error
    @(138.7744 mm, 34.0206 mm): Track [/CSI_D1_N] on Top Layer, length 0.8847 mm
    @(138.8407 mm, 33.4153 mm): Via [GND] on Top Layer - Bottom Layer
[clearance]: Clearance violation ( clearance 0.1000 mm; actual 0.0979 mm)
    Local override; error
    @(152.7450 mm, 109.3147 mm): Track [USB_DN] on Top Layer, length 2.8051 mm
    @(152.9291 mm, 109.4356 mm): Track [USB_DP] on Top Layer, length 0.0421 mm
[clearance]: Clearance violation ( clearance 0.1000 mm; actual 0.0937 mm)
    Local override; error
    @(156.6691 mm, 91.9475 mm): Track [Net-(BT1-+)] on Bottom Layer, length 4.0293 mm
    @(159.7746 mm, 89.1589 mm): Via [+5V] on Top Layer - Bottom Layer
[clearance]: Clearance violation ( clearance 0.1000 mm; actual 0.0937 mm)
    Local override; error
    @(159.5183 mm, 89.0983 mm): Track [Net-(BT1-+)] on Bottom Layer, length 8.7701 mm
    @(159.7746 mm, 89.1589 mm): Via [+5V] on Top Layer - Bottom Layer
[clearance]: Clearance violation ( clearance 0.1000 mm; actual 0.0923 mm)
    Local override; error
    @(155.3658 mm, 110.2177 mm): Track [Net-(R11-Pad1)] on Bottom Layer, length 4.8251 mm
    @(154.7760 mm, 111.0640 mm): Track [Net-(U4-EN)] on Bottom Layer, length 0.1700 mm
[hole_clearance]: Hole clearance violation (board setup constraints hole clearance 0.2500 mm; actual 0.2484 mm)
    Rule: board setup constraints hole; error
    @(118.4829 mm, 100.2019 mm): Track [SD2_DAT1] on Bottom Layer, length 0.6033 mm
    @(118.6600 mm, 100.5452 mm): Via [SD2_DAT0] on Top Layer - Bottom Layer
[clearance]: Clearance violation ( clearance 0.1000 mm; actual 0.0921 mm)
    Local override; error
    @(117.6000 mm, 145.0000 mm): Pad 21 [/I2C3_SCL] of J4 on Top Layer
    @(117.8388 mm, 145.7512 mm): Track [+3.3V] on Top Layer, length 0.6900 mm
[clearance]: Clearance violation ( clearance 0.1000 mm; actual 0.0921 mm)
    Local override; error
    @(117.6000 mm, 145.0000 mm): Pad 21 [/I2C3_SCL] of J4 on Top Layer
    @(117.8388 mm, 145.0612 mm): Track [+3.3V] on Top Layer, length 0.0866 mm
[clearance]: Clearance violation ( clearance 0.1000 mm; actual 0.0939 mm)
    Local override; error
    @(118.4359 mm, 93.1354 mm): Via [SDIO_1] on Top Layer - Bottom Layer
    @(118.1557 mm, 94.9027 mm): Track [/DSI_D3_P] on Top Layer, length 2.3972 mm
[clearance]: Clearance violation ( clearance 0.1000 mm; actual 0.0933 mm)
    Local override; error
    @(152.2747 mm, 60.6732 mm): Track [USB_DP] on Top Layer, length 0.2786 mm
    @(152.0065 mm, 60.9016 mm): Track [USB_DN] on Top Layer, length 0.2786 mm
[hole_clearance]: Hole clearance violation (board setup constraints hole clearance 0.2500 mm; actual 0.1738 mm)
    Rule: board setup constraints hole; error
    @(121.4050 mm, 89.0852 mm): Track [SD2_CLK] on Bottom Layer, length 0.6918 mm
    @(122.0915 mm, 88.8137 mm): Via [SD2_DAT2] on Top Layer - Bottom Layer
[hole_clearance]: Hole clearance violation (board setup constraints hole clearance 0.2500 mm; actual 0.2245 mm)
    Rule: board setup constraints hole; error
    @(118.3186 mm, 99.1514 mm): Track [SD2_CMD] on Top Layer, length 6.3150 mm
    @(117.9744 mm, 101.3144 mm): Via [SD2_DAT0] on Top Layer - Bottom Layer
[clearance]: Clearance violation ( clearance 0.1000 mm; actual 0.0946 mm)
    Local override; error
    @(119.2789 mm, 80.0768 mm): Track [PCM_IN] on Bottom Layer, length 9.9538 mm
    @(112.0568 mm, 86.9603 mm): Track [PCM_CLK] on Bottom Layer, length 34.4074 mm
[hole_clearance]: Hole clearance violation (board setup constraints hole clearance 0.2500 mm; actual 0.1825 mm)
    Rule: board setup constraints hole; error
    @(148.5910 mm, 79.2341 mm): Track [/I2C3_SDA] on Bottom Layer, length 2.7966 mm
    @(150.1195 mm, 81.1898 mm): Via [SDIO_0] on Top Layer - Bottom Layer
[clearance]: Clearance violation ( clearance 0.1000 mm; actual 0.0979 mm)
    Local override; error
    @(152.7450 mm, 109.3147 mm): Track [USB_DN] on Top Layer, length 2.8051 mm
    @(152.9525 mm, 109.4006 mm): Track [USB_DP] on Top Layer, length 0.0421 mm
[hole_clearance]: Hole clearance violation (board setup constraints hole clearance 0.2500 mm; actual 0.2035 mm)
    Rule: board setup constraints hole; error
    @(139.6095 mm, 28.5770 mm): Track [GND] on Top Layer, length 0.2694 mm
    @(139.9796 mm, 28.4902 mm): Via [/CSI_D0_P] on Top Layer - Bottom Layer
[hole_clearance]: Hole clearance violation (board setup constraints hole clearance 0.2500 mm; actual 0.1705 mm)
    Rule: board setup constraints hole; error
    @(118.7260 mm, 92.3161 mm): Track [GPIO_WF_0] on Bottom Layer, length 1.0828 mm
    @(118.4359 mm, 93.1354 mm): Via [SDIO_1] on Top Layer - Bottom Layer
[clearance]: Clearance violation ( clearance 0.1000 mm; actual 0.0913 mm)
    Local override; error
    @(139.4500 mm, 147.0400 mm): Track [Net-(J1-CC2)] on Top Layer, length 0.1449 mm
    @(139.6687 mm, 146.8587 mm): Track [Net-(U5-CE)] on Top Layer, length 0.4322 mm
[hole_clearance]: Hole clearance violation (board setup constraints hole clearance 0.2500 mm; actual 0.2414 mm)
    Rule: board setup constraints hole; error
    @(127.3015 mm, 96.2410 mm): Track [/DSI_D2_P] on Top Layer, length 4.7585 mm
    @(126.9238 mm, 97.6175 mm): Via [/DSI_CLK_N] on Top Layer - Bottom Layer
[hole_clearance]: Hole clearance violation (board setup constraints hole clearance 0.2500 mm; actual 0.1548 mm)
    Rule: board setup constraints hole; error
    @(112.2405 mm, 87.1152 mm): Track [PCM_IN] on Bottom Layer, length 33.9576 mm
    @(112.5149 mm, 119.8350 mm): Via [SDIO_3] on Top Layer - Bottom Layer
[hole_clearance]: Hole clearance violation (board setup constraints hole clearance 0.2500 mm; actual 0.2313 mm)
    Rule: board setup constraints hole; error
    @(149.3573 mm, 105.2401 mm): Track [Power Good] on Top Layer, length 8.4825 mm
    @(149.0064 mm, 103.5078 mm): Via [+5V] on Top Layer - Bottom Layer
[clearance]: Clearance violation ( clearance 0.1000 mm; actual 0.0963 mm)
    Local override; error
    @(151.9965 mm, 60.6862 mm): Track [USB_DP] on Top Layer, length 0.2428 mm
    @(151.7282 mm, 60.9146 mm): Track [USB_DN] on Top Layer, length 0.0267 mm
[hole_clearance]: Hole clearance violation (board setup constraints hole clearance 0.2500 mm; actual 0.1623 mm)
    Rule: board setup constraints hole; error
    @(150.5685 mm, 81.2116 mm): Track [/I2C3_SDA] on Bottom Layer, length 3.9312 mm
    @(150.2865 mm, 85.0186 mm): Via [SDIO_CLK] on Top Layer - Bottom Layer
[hole_clearance]: Hole clearance violation (board setup constraints hole clearance 0.2500 mm; actual 0.2108 mm)
    Rule: board setup constraints hole; error
    @(139.8000 mm, 28.7675 mm): Track [GND] on Top Layer, length 0.5211 mm
    @(139.9796 mm, 28.4902 mm): Via [/CSI_D0_P] on Top Layer - Bottom Layer
[hole_clearance]: Hole clearance violation (board setup constraints hole clearance 0.2500 mm; actual 0.1742 mm)
    Rule: board setup constraints hole; error
    @(121.8942 mm, 88.5961 mm): Track [SD2_CLK] on Bottom Layer, length 0.2052 mm
    @(122.0915 mm, 88.8137 mm): Via [SD2_DAT2] on Top Layer - Bottom Layer
[hole_clearance]: Hole clearance violation (board setup constraints hole clearance 0.2500 mm; actual 0.1719 mm)
    Rule: board setup constraints hole; error
    @(120.5664 mm, 138.9545 mm): Track [/DSI_D2_P] on Top Layer, length 1.8894 mm
    @(120.8625 mm, 138.8148 mm): Via [/AUDIO_DATA_OUT] on Top Layer - Bottom Layer
[hole_clearance]: Hole clearance violation (board setup constraints hole clearance 0.2500 mm; actual 0.2089 mm)
    Rule: board setup constraints hole; error
    @(121.2077 mm, 138.8725 mm): Track [/DSI_D1_P] on Bottom Layer, length 8.3116 mm
    @(120.8625 mm, 138.8148 mm): Via [/AUDIO_DATA_OUT] on Top Layer - Bottom Layer
[clearance]: Clearance violation ( clearance 0.1000 mm; actual 0.0946 mm)
    Local override; error
    @(112.2405 mm, 121.0728 mm): Track [PCM_IN] on Bottom Layer, length 0.4593 mm
    @(112.0568 mm, 86.9603 mm): Track [PCM_CLK] on Bottom Layer, length 34.4074 mm
[hole_clearance]: Hole clearance violation (board setup constraints hole clearance 0.2500 mm; actual 0.1738 mm)
    Rule: board setup constraints hole; error
    @(115.6893 mm, 135.9478 mm): Track [/DSI_D3_N] on Bottom Layer, length 5.2726 mm
    @(115.9993 mm, 136.2004 mm): Via [/DSI_D2_N] on Top Layer - Bottom Layer
[clearance]: Clearance violation ( clearance 0.1000 mm; actual 0.0924 mm)
    Local override; error
    @(130.0999 mm, 120.2828 mm): Track [/DSI_CLK_P] on Bottom Layer, length 11.6149 mm
    @(129.8213 mm, 111.1910 mm): Via [BT_UART_R] on Top Layer - Bottom Layer
[clearance]: Clearance violation ( clearance 0.1000 mm; actual 0.0933 mm)
    Local override; error
    @(152.7450 mm, 109.3147 mm): Track [USB_DN] on Top Layer, length 2.8051 mm
    @(152.9607 mm, 109.3594 mm): Track [USB_DP] on Top Layer, length 2.8944 mm
[clearance]: Clearance violation ( clearance 0.1000 mm; actual 0.0962 mm)
    Local override; error
    @(151.9965 mm, 60.6862 mm): Track [USB_DP] on Top Layer, length 0.2428 mm
    @(151.7016 mm, 60.9126 mm): Track [USB_DN] on Top Layer, length 0.0421 mm
[clearance]: Clearance violation ( clearance 0.1000 mm; actual 0.0913 mm)
    Local override; error
    @(139.4500 mm, 146.8951 mm): Track [Net-(J1-CC2)] on Top Layer, length 0.1135 mm
    @(139.6687 mm, 146.8587 mm): Track [Net-(U5-CE)] on Top Layer, length 0.4322 mm
[hole_clearance]: Hole clearance violation (board setup constraints hole clearance 0.2500 mm; actual 0.2481 mm)
    Rule: board setup constraints hole; error
    @(116.8412 mm, 93.2259 mm): Track [SDIO_2] on Top Layer, length 6.0482 mm
    @(116.4735 mm, 97.5389 mm): Via [SD2_DAT3] on Top Layer - Bottom Layer
[hole_clearance]: Hole clearance violation (board setup constraints hole clearance 0.2500 mm; actual 0.2347 mm)
    Rule: board setup constraints hole; error
    @(116.5938 mm, 99.3312 mm): Track [SDIO_2] on Top Layer, length 1.4271 mm
    @(115.6188 mm, 99.8052 mm): Via [GPIO_WF_0] on Top Layer - Bottom Layer
[hole_clearance]: Hole clearance violation (board setup constraints hole clearance 0.2500 mm; actual 0.1692 mm)
    Rule: board setup constraints hole; error
    @(150.5685 mm, 85.1428 mm): Track [/I2C3_SDA] on Bottom Layer, length 17.2098 mm
    @(149.9458 mm, 85.3570 mm): Via [SDIO_3] on Top Layer - Bottom Layer
[clearance]: Clearance violation ( clearance 0.1000 mm; actual 0.0948 mm)
    Local override; error
    @(151.9965 mm, 60.6862 mm): Track [USB_DP] on Top Layer, length 0.2428 mm
    @(151.6628 mm, 60.8962 mm): Track [USB_DN] on Top Layer, length 0.0110 mm
[hole_clearance]: Hole clearance violation (board setup constraints hole clearance 0.2500 mm; actual 0.1820 mm)
    Rule: board setup constraints hole; error
    @(118.2873 mm, 144.4627 mm): Track [+3.3V] on Top Layer, length 1.8902 mm
    @(118.0457 mm, 144.2785 mm): Via [/I2C3_SCL] on Top Layer - Bottom Layer
[clearance]: Clearance violation ( clearance 0.1000 mm; actual 0.0979 mm)
    Local override; error
    @(152.7450 mm, 109.3147 mm): Track [USB_DN] on Top Layer, length 2.8051 mm
    @(152.9607 mm, 106.4649 mm): Track [USB_DP] on Top Layer, length 0.0421 mm
[hole_clearance]: Hole clearance violation (board setup constraints hole clearance 0.2500 mm; actual 0.1541 mm)
    Rule: board setup constraints hole; error
    @(117.7720 mm, 142.7030 mm): Track [/I2C3_SDA] on Bottom Layer, length 4.2538 mm
    @(118.0457 mm, 144.2785 mm): Via [/I2C3_SCL] on Top Layer - Bottom Layer
[hole_clearance]: Hole clearance violation (board setup constraints hole clearance 0.2500 mm; actual 0.1638 mm)
    Rule: board setup constraints hole; error
    @(119.5785 mm, 149.6035 mm): Track [/DSI_D3_P] on Top Layer, length 1.7935 mm
    @(119.4466 mm, 149.3034 mm): Via [GND] on Top Layer - Bottom Layer
[clearance]: Clearance violation ( clearance 0.1000 mm; actual 0.0980 mm)
    Local override; error
    @(137.9872 mm, 29.1849 mm): Track [GND] on Top Layer, length 0.1024 mm
    @(137.8000 mm, 29.7500 mm): Pad 18 [CAM_I2C_SDA] of J3 on Top Layer
[clearance]: Clearance violation ( clearance 0.1000 mm; actual 0.0913 mm)
    Local override; error
    @(139.3697 mm, 146.8149 mm): Track [Net-(J1-CC2)] on Top Layer, length 0.1849 mm
    @(139.6687 mm, 146.8587 mm): Track [Net-(U5-CE)] on Top Layer, length 0.4322 mm
[clearance]: Clearance violation ( clearance 0.1000 mm; actual 0.0930 mm)
    Local override; error
    @(112.9949 mm, 145.3739 mm): Track [/I2C3_SCL] on Top Layer, length 0.6570 mm
    @(113.1208 mm, 145.8064 mm): Track [+3.3V] on Top Layer, length 0.3063 mm
[clearance]: Clearance violation ( clearance 0.1000 mm; actual 0.0948 mm)
    Local override; error
    @(151.9965 mm, 60.6862 mm): Track [USB_DP] on Top Layer, length 0.2428 mm
    @(151.6537 mm, 60.8901 mm): Track [USB_DN] on Top Layer, length 0.0684 mm
[clearance]: Clearance violation ( clearance 0.1000 mm; actual 0.0979 mm)
    Local override; error
    @(152.7450 mm, 109.3147 mm): Track [USB_DN] on Top Layer, length 2.8051 mm
    @(152.9525 mm, 106.4237 mm): Track [USB_DP] on Top Layer, length 0.0421 mm
[hole_clearance]: Hole clearance violation (board setup constraints hole clearance 0.2500 mm; actual 0.1612 mm)
    Rule: board setup constraints hole; error
    @(137.8000 mm, 35.2640 mm): Track [CAM_I2C_SCL] on Top Layer, length 2.8660 mm
    @(136.0829 mm, 36.5839 mm): Via [CAM_GPIO] on Top Layer - Bottom Layer
[hole_clearance]: Hole clearance violation (board setup constraints hole clearance 0.2500 mm; actual 0.1643 mm)
    Rule: board setup constraints hole; error
    @(112.3500 mm, 122.9051 mm): Track [PCM_OUT] on Top Layer, length 0.8971 mm
    @(112.8478 mm, 122.8089 mm): Via [PCM_CLK] on Top Layer - Bottom Layer
[clearance]: Clearance violation ( clearance 0.1000 mm; actual 0.0969 mm)
    Local override; error
    @(137.9872 mm, 29.2872 mm): Track [GND] on Top Layer, length 0.0592 mm
    @(137.8000 mm, 29.7500 mm): Pad 18 [CAM_I2C_SDA] of J3 on Top Layer
[hole_clearance]: Hole clearance violation (board setup constraints hole clearance 0.2500 mm; actual 0.1581 mm)
    Rule: board setup constraints hole; error
    @(129.5554 mm, 141.9684 mm): Track [+3.7VBAT] on Bottom Layer, length 4.6904 mm
    @(131.0105 mm, 140.1175 mm): Via [/SAI_BITCLOCK] on Top Layer - Bottom Layer
[clearance]: Clearance violation ( clearance 0.1000 mm; actual 0.0933 mm)
    Local override; error
    @(152.7450 mm, 109.3147 mm): Track [USB_DN] on Top Layer, length 2.8051 mm
    @(152.9291 mm, 106.3887 mm): Track [USB_DP] on Top Layer, length 0.1521 mm
[clearance]: Clearance violation ( clearance 0.1000 mm; actual 0.0885 mm)
    Local override; error
    @(156.0262 mm, 109.3632 mm): Pad 15 [GND] of U4 on Top Layer
    @(158.4423 mm, 108.8069 mm): Via [Net-(U4-EN)] on Top Layer - Bottom Layer
[clearance]: Clearance violation ( clearance 0.1000 mm; actual 0.0954 mm)
    Local override; error
    @(151.6602 mm, 60.6702 mm): Track [USB_DP] on Top Layer, length 0.0816 mm
    @(151.5863 mm, 60.9015 mm): Track [USB_DN] on Top Layer, length 0.0119 mm
[hole_clearance]: Hole clearance violation (board setup constraints hole clearance 0.2500 mm; actual 0.1570 mm)
    Rule: board setup constraints hole; error
    @(143.5486 mm, 134.4015 mm): Track [Net-(D4-K)] on Top Layer, length 0.2939 mm
    @(143.8252 mm, 134.5347 mm): Via [+3.7VBAT] on Top Layer - Bottom Layer
[hole_clearance]: Hole clearance violation (board setup constraints hole clearance 0.2500 mm; actual 0.1702 mm)
    Rule: board setup constraints hole; error
    @(149.5735 mm, 128.3765 mm): Track [Net-(D4-K)] on Top Layer, length 8.5206 mm
    @(143.8252 mm, 134.5347 mm): Via [+3.7VBAT] on Top Layer - Bottom Layer
[clearance]: Clearance violation ( clearance 0.1000 mm; actual 0.0930 mm)
    Local override; error
    @(143.8252 mm, 134.5347 mm): Via [+3.7VBAT] on Top Layer - Bottom Layer
    @(137.5970 mm, 134.2720 mm): Track [Net-(J5-Pin_8)] on Bottom Layer, length 6.4608 mm
[clearance]: Clearance violation ( clearance 0.1000 mm; actual 0.0976 mm)
    Local override; error
    @(158.7095 mm, 115.9788 mm): Track [PG2] on Bottom Layer, length 8.3972 mm
    @(158.4423 mm, 108.8069 mm): Via [Net-(U4-EN)] on Top Layer - Bottom Layer
[clearance]: Clearance violation ( clearance 0.1000 mm; actual 0.0933 mm)
    Local override; error
    @(152.8216 mm, 106.2811 mm): Track [USB_DP] on Top Layer, length 2.0867 mm
    @(152.6375 mm, 104.0735 mm): Track [USB_DN] on Top Layer, length 1.3873 mm
[hole_clearance]: Hole clearance violation (board setup constraints hole clearance 0.2500 mm; actual 0.1896 mm)
    Rule: board setup constraints hole; error
    @(143.5486 mm, 134.6954 mm): Track [Net-(D4-K)] on Top Layer, length 1.5813 mm
    @(143.8252 mm, 134.5347 mm): Via [+3.7VBAT] on Top Layer - Bottom Layer
[clearance]: Clearance violation ( clearance 0.1000 mm; actual 0.0933 mm)
    Local override; error
    @(152.8216 mm, 104.1944 mm): Track [USB_DP] on Top Layer, length 1.3873 mm
    @(152.6375 mm, 104.0735 mm): Track [USB_DN] on Top Layer, length 1.3873 mm
[clearance]: Clearance violation ( clearance 0.1000 mm; actual 0.0930 mm)
    Local override; error
    @(113.1208 mm, 145.8064 mm): Track [+3.3V] on Top Layer, length 0.3063 mm
    @(113.4594 mm, 145.8384 mm): Track [/I2C3_SCL] on Top Layer, length 3.8922 mm
[hole_clearance]: Hole clearance violation (board setup constraints hole clearance 0.2500 mm; actual 0.2211 mm)
    Rule: board setup constraints hole; error
    @(149.9458 mm, 85.3570 mm): Track [SDIO_3] on Top Layer, length 1.2353 mm
    @(150.2865 mm, 85.0186 mm): Via [SDIO_CLK] on Top Layer - Bottom Layer
[hole_clearance]: Hole clearance violation (board setup constraints hole clearance 0.2500 mm; actual 0.1569 mm)
    Rule: board setup constraints hole; error
    @(127.6352 mm, 83.3923 mm): Track [SDIO_CMD] on Top Layer, length 22.1057 mm
    @(146.3437 mm, 83.6688 mm): Via [GND] on Top Layer - Bottom Layer
[clearance]: Clearance violation ( clearance 0.1000 mm; actual 0.0979 mm)
    Local override; error
    @(152.6375 mm, 104.0735 mm): Track [USB_DN] on Top Layer, length 1.3873 mm
    @(153.8025 mm, 103.2135 mm): Track [USB_DP] on Top Layer, length 0.0421 mm
[clearance]: Clearance violation ( clearance 0.1000 mm; actual 0.0979 mm)
    Local override; error
    @(153.8259 mm, 103.1785 mm): Track [USB_DP] on Top Layer, length 0.0421 mm
    @(152.6375 mm, 104.0735 mm): Track [USB_DN] on Top Layer, length 1.3873 mm
[clearance]: Clearance violation ( clearance 0.1000 mm; actual 0.0935 mm)
    Local override; error
    @(115.4095 mm, 139.4942 mm): Via [/DSI_D0_P] on Top Layer - Bottom Layer
    @(115.6893 mm, 135.9478 mm): Track [/DSI_D3_N] on Bottom Layer, length 5.2726 mm
[clearance]: Clearance violation ( clearance 0.1000 mm; actual 0.0933 mm)
    Local override; error
    @(153.6500 mm, 101.3719 mm): Track [USB_DN] on Top Layer, length 1.6202 mm
    @(153.8341 mm, 103.1372 mm): Track [USB_DP] on Top Layer, length 1.6444 mm
[hole_clearance]: Hole clearance violation (board setup constraints hole clearance 0.2500 mm; actual 0.1676 mm)
    Rule: board setup constraints hole; error
    @(150.5685 mm, 85.1428 mm): Track [/I2C3_SDA] on Bottom Layer, length 17.2098 mm
    @(150.2865 mm, 85.0186 mm): Via [SDIO_CLK] on Top Layer - Bottom Layer
[hole_clearance]: Hole clearance violation (board setup constraints hole clearance 0.2500 mm; actual 0.1787 mm)
    Rule: board setup constraints hole; error
    @(154.9894 mm, 108.4429 mm): Track [Net-(BT1-+)] on Bottom Layer, length 9.4837 mm
    @(155.0262 mm, 108.8632 mm): PTH pad 18 [<no net>] of U4
[clearance]: Clearance violation ( clearance 0.1000 mm; actual 0.0933 mm)
    Local override; error
    @(153.8341 mm, 101.4928 mm): Track [USB_DP] on Top Layer, length 1.6202 mm
    @(154.7957 mm, 100.2262 mm): Track [USB_DN] on Top Layer, length 33.1330 mm
[clearance]: Clearance violation ( clearance 0.1000 mm; actual 0.0918 mm)
    Local override; error
    @(135.4591 mm, 41.8272 mm): Track [CAM_GPIO] on Bottom Layer, length 5.4284 mm
    @(135.7206 mm, 46.4722 mm): Via [/CSI_CLK_P] on Top Layer - Bottom Layer
[clearance]: Clearance violation ( clearance 0.1000 mm; actual 0.0979 mm)
    Local override; error
    @(154.9798 mm, 100.3471 mm): Track [USB_DP] on Top Layer, length 0.0421 mm
    @(154.7957 mm, 100.2262 mm): Track [USB_DN] on Top Layer, length 33.1330 mm
[clearance]: Clearance violation ( clearance 0.1000 mm; actual 0.0934 mm)
    Local override; error
    @(115.9725 mm, 140.0479 mm): Via [/DSI_D2_N] on Top Layer - Bottom Layer
    @(118.6890 mm, 136.9358 mm): Track [/DSI_D1_N] on Top Layer, length 4.9342 mm
[clearance]: Clearance violation ( clearance 0.1000 mm; actual 0.0979 mm)
    Local override; error
    @(155.0032 mm, 100.3121 mm): Track [USB_DP] on Top Layer, length 0.0421 mm
    @(154.7957 mm, 100.2262 mm): Track [USB_DN] on Top Layer, length 33.1330 mm
[clearance]: Clearance violation ( clearance 0.1000 mm; actual 0.0933 mm)
    Local override; error
    @(154.7957 mm, 67.0932 mm): Track [USB_DN] on Top Layer, length 3.6659 mm
    @(155.0114 mm, 100.2709 mm): Track [USB_DP] on Top Layer, length 33.2223 mm
[hole_clearance]: Hole clearance violation (board setup constraints hole clearance 0.2500 mm; actual 0.2309 mm)
    Rule: board setup constraints hole; error
    @(128.4174 mm, 60.7786 mm): Track [/DSI_D0_N] on Top Layer, length 1.3838 mm
    @(129.4337 mm, 60.4114 mm): Via [/DSI_D0_P] on Top Layer - Bottom Layer
[clearance]: Clearance violation ( clearance 0.1000 mm; actual 0.0969 mm)
    Local override; error
    @(115.9725 mm, 140.0479 mm): Via [/DSI_D2_N] on Top Layer - Bottom Layer
    @(115.6893 mm, 135.9478 mm): Track [/DSI_D3_N] on Bottom Layer, length 5.2726 mm
[clearance]: Clearance violation ( clearance 0.1000 mm; actual 0.0979 mm)
    Local override; error
    @(154.7957 mm, 67.0932 mm): Track [USB_DN] on Top Layer, length 3.6659 mm
    @(155.0032 mm, 67.0073 mm): Track [USB_DP] on Top Layer, length 0.0421 mm
[hole_clearance]: Hole clearance violation (board setup constraints hole clearance 0.2500 mm; actual 0.2049 mm)
    Rule: board setup constraints hole; error
    @(135.6791 mm, 27.9924 mm): Track [/CSI_D1_P] on Top Layer, length 2.6342 mm
    @(137.6046 mm, 28.3335 mm): Via [GND] on Top Layer - Bottom Layer
[clearance]: Clearance violation ( clearance 0.1000 mm; actual 0.0923 mm)
    Local override; error
    @(115.9621 mm, 144.2912 mm): Track [/DSI_D2_N] on Top Layer, length 4.2329 mm
    @(116.2407 mm, 141.7718 mm): Via [/DSI_D3_N] on Top Layer - Bottom Layer
[hole_clearance]: Hole clearance violation (board setup constraints hole clearance 0.2500 mm; actual 0.2246 mm)
    Rule: board setup constraints hole; error
    @(158.7095 mm, 107.5816 mm): Track [PG2] on Bottom Layer, length 0.6776 mm
    @(158.1515 mm, 107.5104 mm): Via [Net-(R11-Pad1)] on Top Layer - Bottom Layer
[hole_clearance]: Hole clearance violation (board setup constraints hole clearance 0.2500 mm; actual 0.1988 mm)
    Rule: board setup constraints hole; error
    @(158.2304 mm, 107.1025 mm): Track [PG2] on Bottom Layer, length 3.0330 mm
    @(156.1833 mm, 107.4209 mm): Via [Net-(BT1-+)] on Top Layer - Bottom Layer
[clearance]: Clearance violation ( clearance 0.1000 mm; actual 0.0966 mm)
    Local override; error
    @(137.4000 mm, 29.7500 mm): Pad 20 [unconnected-(J3-Pin_20-Pad20)] of J3 on Top Layer
    @(137.6412 mm, 30.4624 mm): Track [CAM_I2C_SDA] on Top Layer, length 0.6535 mm
[clearance]: Clearance violation ( clearance 0.1000 mm; actual 0.0933 mm)
    Local override; error
    @(154.7957 mm, 67.0932 mm): Track [USB_DN] on Top Layer, length 3.6659 mm
    @(154.9798 mm, 66.9723 mm): Track [USB_DP] on Top Layer, length 3.6659 mm
[hole_clearance]: Hole clearance violation (board setup constraints hole clearance 0.2500 mm; actual 0.1965 mm)
    Rule: board setup constraints hole; error
    @(121.5293 mm, 90.8725 mm): Track [SD2_DAT2] on Bottom Layer, length 1.4966 mm
    @(121.4050 mm, 89.0852 mm): Via [SD2_CLK] on Top Layer - Bottom Layer
[hole_clearance]: Hole clearance violation (board setup constraints hole clearance 0.2500 mm; actual 0.1591 mm)
    Rule: board setup constraints hole; error
    @(123.2173 mm, 86.7401 mm): Track [/DSI_D2_P] on Top Layer, length 25.4749 mm
    @(123.5127 mm, 65.9400 mm): Via [GND] on Top Layer - Bottom Layer
[clearance]: Clearance violation ( clearance 0.1000 mm; actual 0.0977 mm)
    Local override; error
    @(123.1337 mm, 91.4962 mm): Track [/DSI_D2_P] on Bottom Layer, length 2.2099 mm
    @(122.8247 mm, 89.4035 mm): Track [/DSI_D1_N] on Bottom Layer, length 0.4646 mm
[clearance]: Clearance violation ( clearance 0.1000 mm; actual 0.0933 mm)
    Local override; error
    @(154.7957 mm, 67.0932 mm): Track [USB_DN] on Top Layer, length 3.6659 mm
    @(152.3876 mm, 64.3801 mm): Track [USB_DP] on Top Layer, length 3.5992 mm
[hole_clearance]: Hole clearance violation (board setup constraints hole clearance 0.2500 mm; actual 0.1738 mm)
    Rule: board setup constraints hole; error
    @(121.5293 mm, 89.3759 mm): Track [SD2_DAT2] on Bottom Layer, length 0.7951 mm
    @(121.4050 mm, 89.0852 mm): Via [SD2_CLK] on Top Layer - Bottom Layer
[clearance]: Clearance violation ( clearance 0.1000 mm; actual 0.0973 mm)
    Local override; error
    @(117.4419 mm, 145.7482 mm): Track [/I2C3_SCL] on Top Layer, length 0.6900 mm
    @(117.2000 mm, 145.0000 mm): Pad 19 [GND] of J4 on Top Layer
[hole_clearance]: Hole clearance violation (board setup constraints hole clearance 0.2500 mm; actual 0.1909 mm)
    Rule: board setup constraints hole; error
    @(139.1290 mm, 58.6161 mm): Track [+5V] on Top Layer, length 0.5659 mm
    @(139.6837 mm, 58.5036 mm): Via [RESET] on Top Layer - Bottom Layer
[clearance]: Clearance violation ( clearance 0.1000 mm; actual 0.0966 mm)
    Local override; error
    @(137.4000 mm, 29.7500 mm): Pad 20 [unconnected-(J3-Pin_20-Pad20)] of J3 on Top Layer
    @(137.6412 mm, 29.8088 mm): Track [CAM_I2C_SDA] on Top Layer, length 0.0832 mm
[hole_clearance]: Hole clearance violation (board setup constraints hole clearance 0.2500 mm; actual 0.1693 mm)
    Rule: board setup constraints hole; error
    @(130.8680 mm, 135.5513 mm): Track [+3.3V] on Top Layer, length 1.3841 mm
    @(129.7112 mm, 135.2602 mm): Via [GND] on Top Layer - Bottom Layer
[clearance]: Clearance violation ( clearance 0.1000 mm; actual 0.0973 mm)
    Local override; error
    @(117.2000 mm, 145.0000 mm): Pad 19 [GND] of J4 on Top Layer
    @(117.4419 mm, 145.0582 mm): Track [/I2C3_SCL] on Top Layer, length 0.0822 mm
[clearance]: Clearance violation ( clearance 0.1000 mm; actual 0.0926 mm)
    Local override; error
    @(126.1233 mm, 60.3688 mm): Track [/DSI_D2_N] on Top Layer, length 0.9538 mm
    @(126.5628 mm, 60.6477 mm): Via [GND] on Top Layer - Bottom Layer
[hole_clearance]: Hole clearance violation (board setup constraints hole clearance 0.2500 mm; actual 0.1659 mm)
    Rule: board setup constraints hole; error
    @(139.5292 mm, 58.2159 mm): Track [+5V] on Top Layer, length 0.4921 mm
    @(139.6837 mm, 58.5036 mm): Via [RESET] on Top Layer - Bottom Layer
[hole_clearance]: Hole clearance violation (board setup constraints hole clearance 0.2500 mm; actual 0.2049 mm)
    Rule: board setup constraints hole; error
    @(128.7899 mm, 92.2175 mm): Track [SDIO_2] on Bottom Layer, length 8.7741 mm
    @(136.3999 mm, 91.8929 mm): Via [SDIO_1] on Top Layer - Bottom Layer
[clearance]: Clearance violation ( clearance 0.1000 mm; actual 0.0969 mm)
    Local override; error
    @(107.6250 mm, 121.5000 mm): Pad 38 [HOST_WAKE] of U6 on Top Layer
    @(107.5000 mm, 121.0500 mm): Track [Net-(U6-LPO_IN(32KHZ))] on Top Layer, length 0.4332 mm
[hole_clearance]: Hole clearance violation (board setup constraints hole clearance 0.2500 mm; actual 0.1525 mm)
    Rule: board setup constraints hole; error
    @(119.0262 mm, 116.5075 mm): Track [GPIO_WF_2] on Bottom Layer, length 18.2111 mm
    @(118.7540 mm, 102.0493 mm): Via [SD2_VDD] on Top Layer - Bottom Layer
[hole_clearance]: Hole clearance violation (board setup constraints hole clearance 0.2500 mm; actual 0.1879 mm)
    Rule: board setup constraints hole; error
    @(124.4992 mm, 96.1741 mm): Track [SD2_CD_B] on Bottom Layer, length 6.3872 mm
    @(124.3082 mm, 89.5460 mm): Via [SD2_DAT1] on Top Layer - Bottom Layer
[hole_clearance]: Hole clearance violation (board setup constraints hole clearance 0.2500 mm; actual 0.1714 mm)
    Rule: board setup constraints hole; error
    @(126.3350 mm, 59.6358 mm): Track [/DSI_D3_N] on Bottom Layer, length 0.8050 mm
    @(126.5628 mm, 60.6477 mm): Via [GND] on Top Layer - Bottom Layer
[clearance]: Clearance violation ( clearance 0.1000 mm; actual 0.0916 mm)
    Local override; error
    @(118.3376 mm, 97.9544 mm): Via [SD2_DAT1] on Top Layer - Bottom Layer
    @(119.0262 mm, 98.2965 mm): Track [GPIO_WF_2] on Bottom Layer, length 0.6379 mm
[clearance]: Clearance violation ( clearance 0.1000 mm; actual 0.0977 mm)
    Local override; error
    @(123.1337 mm, 89.2863 mm): Track [/DSI_D2_P] on Bottom Layer, length 1.5565 mm
    @(122.8247 mm, 89.4035 mm): Track [/DSI_D1_N] on Bottom Layer, length 0.4646 mm
[hole_clearance]: Hole clearance violation (board setup constraints hole clearance 0.2500 mm; actual 0.2355 mm)
    Rule: board setup constraints hole; error
    @(114.8000 mm, 148.5749 mm): Track [GND] on Top Layer, length 0.5433 mm
    @(114.2094 mm, 148.6632 mm): Via [/DSI_D0_P] on Top Layer - Bottom Layer
[hole_clearance]: Hole clearance violation (board setup constraints hole clearance 0.2500 mm; actual 0.1644 mm)
    Rule: board setup constraints hole; error
    @(114.2094 mm, 148.6632 mm): Via [/DSI_D0_P] on Top Layer - Bottom Layer
    @(114.4158 mm, 148.9637 mm): Via [GND] on Top Layer - Bottom Layer
[clearance]: Clearance violation ( clearance 0.1000 mm; actual 0.0916 mm)
    Local override; error
    @(118.3376 mm, 97.9544 mm): Via [SD2_DAT1] on Top Layer - Bottom Layer
    @(118.5751 mm, 97.8454 mm): Track [GPIO_WF_2] on Bottom Layer, length 0.4736 mm
[hole_clearance]: Hole clearance violation (board setup constraints hole clearance 0.2500 mm; actual 0.1937 mm)
    Rule: board setup constraints hole; error
    @(116.1122 mm, 102.2549 mm): Track [SD2_CLK] on Top Layer, length 0.9623 mm
    @(116.4256 mm, 102.5184 mm): Via [GND] on Top Layer - Bottom Layer
[clearance]: Clearance violation ( clearance 0.1000 mm; actual 0.0945 mm)
    Local override; error
    @(124.3082 mm, 89.5460 mm): Via [SD2_DAT1] on Top Layer - Bottom Layer
    @(124.4992 mm, 89.7870 mm): Track [SD2_CD_B] on Bottom Layer, length 0.3859 mm
[hole_clearance]: Hole clearance violation (board setup constraints hole clearance 0.2500 mm; actual 0.1715 mm)
    Rule: board setup constraints hole; error
    @(114.8595 mm, 149.0913 mm): Track [/DSI_D1_P] on Top Layer, length 1.3547 mm
    @(115.1673 mm, 150.2182 mm): Via [GND] on Top Layer - Bottom Layer
[clearance]: Clearance violation ( clearance 0.1000 mm; actual 0.0923 mm)
    Local override; error
    @(155.3658 mm, 110.2177 mm): Track [Net-(R11-Pad1)] on Bottom Layer, length 4.8251 mm
    @(155.1836 mm, 110.9479 mm): Track [Net-(U4-EN)] on Bottom Layer, length 0.4238 mm
[hole_clearance]: Hole clearance violation (board setup constraints hole clearance 0.2500 mm; actual 0.1634 mm)
    Rule: board setup constraints hole; error
    @(106.1298 mm, 120.6620 mm): Track [Net-(U6-SR_VLX)] on Top Layer, length 1.3604 mm
    @(107.1482 mm, 120.0439 mm): Via [GND] on Top Layer - Bottom Layer
[hole_clearance]: Hole clearance violation (board setup constraints hole clearance 0.2500 mm; actual 0.1506 mm)
    Rule: board setup constraints hole; error
    @(106.8780 mm, 114.1180 mm): Track [/I2C3_SCL] on Bottom Layer, length 7.0476 mm
    @(107.1482 mm, 120.0439 mm): Via [GND] on Top Layer - Bottom Layer
[clearance]: Clearance violation ( clearance 0.1000 mm; actual 0.0968 mm)
    Local override; error
    @(155.0283 mm, 111.3198 mm): Via [GND] on Top Layer - Bottom Layer
    @(154.7760 mm, 111.0640 mm): Track [Net-(U4-EN)] on Bottom Layer, length 0.1700 mm
[hole_clearance]: Hole clearance violation (board setup constraints hole clearance 0.2500 mm; actual 0.1715 mm)
    Rule: board setup constraints hole; error
    @(114.8595 mm, 150.4460 mm): Track [/DSI_D1_P] on Bottom Layer, length 3.0471 mm
    @(115.1673 mm, 150.2182 mm): Via [GND] on Top Layer - Bottom Layer
[clearance]: Clearance violation ( clearance 0.1000 mm; actual 0.0968 mm)
    Local override; error
    @(154.7760 mm, 111.2340 mm): Track [Net-(U4-EN)] on Bottom Layer, length 0.2209 mm
    @(155.0283 mm, 111.3198 mm): Via [GND] on Top Layer - Bottom Layer
[hole_clearance]: Hole clearance violation (board setup constraints hole clearance 0.2500 mm; actual 0.1827 mm)
    Rule: board setup constraints hole; error
    @(115.1673 mm, 150.2182 mm): Via [GND] on Top Layer - Bottom Layer
    @(114.8595 mm, 150.4460 mm): Via [/DSI_D1_P] on Top Layer - Bottom Layer
[hole_clearance]: Hole clearance violation (board setup constraints hole clearance 0.2500 mm; actual 0.2495 mm)
    Rule: board setup constraints hole; error
    @(118.4000 mm, 148.3300 mm): Track [GND] on Top Layer, length 0.3979 mm
    @(118.2053 mm, 148.6573 mm): Via [+5V] on Top Layer - Bottom Layer
[hole_clearance]: Hole clearance violation (board setup constraints hole clearance 0.2500 mm; actual 0.1549 mm)
    Rule: board setup constraints hole; error
    @(116.1724 mm, 101.7495 mm): Track [SDIO_0] on Bottom Layer, length 0.6628 mm
    @(116.4256 mm, 102.5184 mm): Via [GND] on Top Layer - Bottom Layer
[hole_clearance]: Hole clearance violation (board setup constraints hole clearance 0.2500 mm; actual 0.2297 mm)
    Rule: board setup constraints hole; error
    @(124.6363 mm, 89.4263 mm): Track [SD2_CD_B] on Bottom Layer, length 1.2181 mm
    @(124.3082 mm, 89.5460 mm): Via [SD2_DAT1] on Top Layer - Bottom Layer
[hole_clearance]: Hole clearance violation (board setup constraints hole clearance 0.2500 mm; actual 0.1956 mm)
    Rule: board setup constraints hole; error
    @(129.5277 mm, 139.0783 mm): Track [Net-(U2-VNEG)] on Top Layer, length 1.3131 mm
    @(129.0471 mm, 139.1130 mm): Via [Net-(J5-Pin_8)] on Top Layer - Bottom Layer
[hole_clearance]: Hole clearance violation (board setup constraints hole clearance 0.2500 mm; actual 0.1522 mm)
    Rule: board setup constraints hole; error
    @(152.2203 mm, 66.1662 mm): Track [/SAI_MASTERCLOCK] on Bottom Layer, length 2.0404 mm
    @(150.5060 mm, 67.5950 mm): Via [CAM_GPIO] on Top Layer - Bottom Layer
[hole_clearance]: Hole clearance violation (board setup constraints hole clearance 0.2500 mm; actual 0.2227 mm)
    Rule: board setup constraints hole; error
    @(107.7270 mm, 124.7467 mm): Track [+3.3V] on Top Layer, length 3.2309 mm
    @(107.3825 mm, 125.0439 mm): Via [GND] on Top Layer - Bottom Layer
[hole_clearance]: Hole clearance violation (board setup constraints hole clearance 0.2500 mm; actual 0.1943 mm)
    Rule: board setup constraints hole; error
    @(107.6964 mm, 124.2366 mm): Track [/I2C3_SCL] on Bottom Layer, length 7.3065 mm
    @(107.3825 mm, 125.0439 mm): Via [GND] on Top Layer - Bottom Layer
[hole_clearance]: Hole clearance violation (board setup constraints hole clearance 0.2500 mm; actual 0.1522 mm)
    Rule: board setup constraints hole; error
    @(150.7775 mm, 67.6090 mm): Track [/SAI_MASTERCLOCK] on Bottom Layer, length 22.4994 mm
    @(150.5060 mm, 67.5950 mm): Via [CAM_GPIO] on Top Layer - Bottom Layer
[clearance]: Clearance violation ( clearance 0.1000 mm; actual 0.0914 mm)
    Local override; error
    @(125.2409 mm, 139.7458 mm): Via [+3.3V] on Top Layer - Bottom Layer
    @(128.5991 mm, 140.0069 mm): Track [Net-(U2-VNEG)] on Top Layer, length 3.5189 mm
[hole_clearance]: Hole clearance violation (board setup constraints hole clearance 0.2500 mm; actual 0.1786 mm)
    Rule: board setup constraints hole; error
    @(125.0802 mm, 140.0069 mm): Track [Net-(U2-VNEG)] on Top Layer, length 0.4579 mm
    @(125.2409 mm, 139.7458 mm): Via [+3.3V] on Top Layer - Bottom Layer
[hole_clearance]: Hole clearance violation (board setup constraints hole clearance 0.2500 mm; actual 0.1745 mm)
    Rule: board setup constraints hole; error
    @(108.1619 mm, 118.6289 mm): Track [Net-(U6-SR_VLX)] on Top Layer, length 0.2879 mm
    @(107.8678 mm, 118.5432 mm): Via [GND] on Top Layer - Bottom Layer
[hole_clearance]: Hole clearance violation (board setup constraints hole clearance 0.2500 mm; actual 0.1500 mm)
    Rule: board setup constraints hole; error
    @(126.7064 mm, 136.7936 mm): Track [Net-(U2-VNEG)] on Top Layer, length 1.8693 mm
    @(127.8910 mm, 137.0633 mm): Via [GND] on Top Layer - Bottom Layer
[clearance]: Clearance violation ( clearance 0.1000 mm; actual 0.0942 mm)
    Local override; error
    @(135.1709 mm, 47.0220 mm): Track [/CSI_CLK_P] on Top Layer, length 10.6200 mm
    @(136.0262 mm, 50.7559 mm): Pad 1 [RESET] of R5 on Top Layer
[hole_clearance]: Hole clearance violation (board setup constraints hole clearance 0.2500 mm; actual 0.1539 mm)
    Rule: board setup constraints hole; error
    @(106.5893 mm, 121.9607 mm): Track [Net-(U6-LPO_IN(32KHZ))] on Top Layer, length 1.3694 mm
    @(106.8628 mm, 123.0257 mm): Via [Net-(J6-Pin_1)] on Top Layer - Bottom Layer
[hole_clearance]: Hole clearance violation (board setup constraints hole clearance 0.2500 mm; actual 0.2188 mm)
    Rule: board setup constraints hole; error
    @(149.4765 mm, 85.0186 mm): Track [SDIO_CLK] on Bottom Layer, length 0.8100 mm
    @(149.9458 mm, 85.3570 mm): Via [SDIO_3] on Top Layer - Bottom Layer
[hole_clearance]: Hole clearance violation (board setup constraints hole clearance 0.2500 mm; actual 0.2478 mm)
    Rule: board setup constraints hole; error
    @(108.4625 mm, 122.3362 mm): Track [+3.7VBAT] on Top Layer, length 0.6187 mm
    @(108.0838 mm, 122.1921 mm): Via [GND] on Top Layer - Bottom Layer
[hole_clearance]: Hole clearance violation (board setup constraints hole clearance 0.2500 mm; actual 0.1851 mm)
    Rule: board setup constraints hole; error
    @(153.8065 mm, 142.7260 mm): Track [+3.7VBAT] on Top Layer, length 0.1049 mm
    @(153.8065 mm, 142.3143 mm): Via [GND] on Top Layer - Bottom Layer
[hole_clearance]: Hole clearance violation (board setup constraints hole clearance 0.2500 mm; actual 0.1560 mm)
    Rule: board setup constraints hole; error
    @(152.8216 mm, 106.2811 mm): Track [USB_DP] on Top Layer, length 2.0867 mm
    @(153.1137 mm, 104.9220 mm): Via [GND] on Top Layer - Bottom Layer
[hole_clearance]: Hole clearance violation (board setup constraints hole clearance 0.2500 mm; actual 0.1629 mm)
    Rule: board setup constraints hole; error
    @(132.9219 mm, 105.8621 mm): Track [REG_ON_BL] on Top Layer, length 7.5386 mm
    @(128.2932 mm, 110.0912 mm): Via [SDIO_3] on Top Layer - Bottom Layer
[hole_clearance]: Hole clearance violation (board setup constraints hole clearance 0.2500 mm; actual 0.2406 mm)
    Rule: board setup constraints hole; error
    @(139.9290 mm, 58.5761 mm): Track [RESET] on Top Layer, length 0.2007 mm
    @(140.0213 mm, 58.2159 mm): Via [+5V] on Top Layer - Bottom Layer
[hole_clearance]: Hole clearance violation (board setup constraints hole clearance 0.2500 mm; actual 0.2179 mm)
    Rule: board setup constraints hole; error
    @(139.6837 mm, 55.3063 mm): Track [RESET] on Bottom Layer, length 3.1973 mm
    @(140.0213 mm, 58.2159 mm): Via [+5V] on Top Layer - Bottom Layer
[hole_clearance]: Hole clearance violation (board setup constraints hole clearance 0.2500 mm; actual 0.2433 mm)
    Rule: board setup constraints hole; error
    @(140.0213 mm, 58.2159 mm): Via [+5V] on Top Layer - Bottom Layer
    @(139.6837 mm, 58.5036 mm): Via [RESET] on Top Layer - Bottom Layer
[hole_clearance]: Hole clearance violation (board setup constraints hole clearance 0.2500 mm; actual 0.1851 mm)
    Rule: board setup constraints hole; error
    @(153.8065 mm, 142.6211 mm): Track [+3.7VBAT] on Top Layer, length 0.4863 mm
    @(153.8065 mm, 142.3143 mm): Via [GND] on Top Layer - Bottom Layer
[clearance]: Clearance violation ( clearance 0.1000 mm; actual 0.0925 mm)
    Local override; error
    @(126.4273 mm, 75.9784 mm): Via [GND] on Top Layer - Bottom Layer
    @(126.7061 mm, 76.4278 mm): Track [/DSI_D0_P] on Bottom Layer, length 13.2888 mm
[clearance]: Clearance violation ( clearance 0.1000 mm; actual 0.0932 mm)
    Local override; error
    @(117.3697 mm, 129.3026 mm): Track [/DSI_D0_P] on Top Layer, length 8.2314 mm
    @(117.0902 mm, 131.8082 mm): Via [/DSI_D3_N] on Top Layer - Bottom Layer
[hole_clearance]: Hole clearance violation (board setup constraints hole clearance 0.2500 mm; actual 0.2050 mm)
    Rule: board setup constraints hole; error
    @(121.1975 mm, 77.9950 mm): Track [PCM_IN] on Top Layer, length 2.7134 mm
    @(119.4788 mm, 79.2546 mm): Via [PCM_CLK] on Top Layer - Bottom Layer
[hole_clearance]: Hole clearance violation (board setup constraints hole clearance 0.2500 mm; actual 0.1913 mm)
    Rule: board setup constraints hole; error
    @(108.7500 mm, 119.7306 mm): Track [+3.3V] on Top Layer, length 0.7883 mm
    @(108.2970 mm, 119.7409 mm): Via [GND] on Top Layer - Bottom Layer
[clearance]: Clearance violation ( clearance 0.1000 mm; actual 0.0913 mm)
    Local override; error
    @(117.6252 mm, 131.6423 mm): Track [REG_ON_WL] on Bottom Layer, length 0.8728 mm
    @(117.0902 mm, 131.8082 mm): Via [/DSI_D3_N] on Top Layer - Bottom Layer
[hole_clearance]: Hole clearance violation (board setup constraints hole clearance 0.2500 mm; actual 0.2382 mm)
    Rule: board setup constraints hole; error
    @(106.5893 mm, 123.3301 mm): Track [Net-(U6-LPO_IN(32KHZ))] on Top Layer, length 3.1037 mm
    @(107.9534 mm, 124.1881 mm): Via [GND] on Top Layer - Bottom Layer
[hole_clearance]: Hole clearance violation (board setup constraints hole clearance 0.2500 mm; actual 0.2484 mm)
    Rule: board setup constraints hole; error
    @(118.6600 mm, 100.5452 mm): Track [SD2_DAT0] on Bottom Layer, length 0.9696 mm
    @(118.0563 mm, 100.6286 mm): Via [SD2_DAT1] on Top Layer - Bottom Layer
[hole_clearance]: Hole clearance violation (board setup constraints hole clearance 0.2500 mm; actual 0.1873 mm)
    Rule: board setup constraints hole; error
    @(134.9699 mm, 96.3870 mm): Track [BT_UART_CTS_N] on Top Layer, length 13.2603 mm
    @(126.1420 mm, 105.6489 mm): Via [SDIO_CLK] on Top Layer - Bottom Layer
[clearance]: Clearance violation ( clearance 0.1000 mm; actual 0.0920 mm)
    Local override; error
    @(140.1096 mm, 128.1091 mm): Via [GND] on Top Layer - Bottom Layer
    @(139.8479 mm, 127.8287 mm): Track [Net-(U5-CE)] on Top Layer, length 18.6528 mm
[hole_clearance]: Hole clearance violation (board setup constraints hole clearance 0.2500 mm; actual 0.2026 mm)
    Rule: board setup constraints hole; error
    @(108.4625 mm, 122.3362 mm): Track [+3.7VBAT] on Top Layer, length 0.6187 mm
    @(108.4476 mm, 122.8097 mm): Via [GND] on Top Layer - Bottom Layer
[hole_clearance]: Hole clearance violation (board setup constraints hole clearance 0.2500 mm; actual 0.1594 mm)
    Rule: board setup constraints hole; error
    @(124.1996 mm, 140.0249 mm): Track [RST] on Bottom Layer, length 1.2197 mm
    @(125.2409 mm, 139.7458 mm): Via [+3.3V] on Top Layer - Bottom Layer
[hole_clearance]: Hole clearance violation (board setup constraints hole clearance 0.2500 mm; actual 0.2038 mm)
    Rule: board setup constraints hole; error
    @(125.4193 mm, 140.0249 mm): Track [RST] on Bottom Layer, length 0.3051 mm
    @(125.2409 mm, 139.7458 mm): Via [+3.3V] on Top Layer - Bottom Layer
[hole_clearance]: Hole clearance violation (board setup constraints hole clearance 0.2500 mm; actual 0.2018 mm)
    Rule: board setup constraints hole; error
    @(131.2833 mm, 72.2138 mm): Track [/DSI_CLK_P] on Bottom Layer, length 11.8576 mm
    @(130.9452 mm, 62.4515 mm): Via [GND] on Top Layer - Bottom Layer
[hole_clearance]: Hole clearance violation (board setup constraints hole clearance 0.2500 mm; actual 0.2411 mm)
    Rule: board setup constraints hole; error
    @(114.4158 mm, 148.9591 mm): Track [GND] on Top Layer, length 0.0047 mm
    @(114.2094 mm, 148.6632 mm): Via [/DSI_D0_P] on Top Layer - Bottom Layer
[hole_clearance]: Hole clearance violation (board setup constraints hole clearance 0.2500 mm; actual 0.1597 mm)
    Rule: board setup constraints hole; error
    @(125.6351 mm, 139.8092 mm): Track [RST] on Bottom Layer, length 9.9033 mm
    @(125.9143 mm, 138.1412 mm): Via [GND] on Top Layer - Bottom Layer
[hole_clearance]: Hole clearance violation (board setup constraints hole clearance 0.2500 mm; actual 0.1600 mm)
    Rule: board setup constraints hole; error
    @(134.3006 mm, 58.4749 mm): Track [/CSI_D0_P] on Bottom Layer, length 21.5076 mm
    @(134.5968 mm, 38.4299 mm): Via [CAM_I2C_SDA] on Top Layer - Bottom Layer
[hole_clearance]: Hole clearance violation (board setup constraints hole clearance 0.2500 mm; actual 0.2128 mm)
    Rule: board setup constraints hole; error
    @(125.2444 mm, 103.0565 mm): Track [/DSI_D2_P] on Top Layer, length 7.9760 mm
    @(125.5934 mm, 106.5068 mm): Via [BT_UART_CTS_N] on Top Layer - Bottom Layer
[hole_clearance]: Hole clearance violation (board setup constraints hole clearance 0.2500 mm; actual 0.2261 mm)
    Rule: board setup constraints hole; error
    @(125.4918 mm, 106.1195 mm): Track [SDIO_CLK] on Bottom Layer, length 3.6207 mm
    @(125.5934 mm, 106.5068 mm): Via [BT_UART_CTS_N] on Top Layer - Bottom Layer
[clearance]: Clearance violation ( clearance 0.1000 mm; actual 0.0959 mm)
    Local override; error
    @(125.0262 mm, 99.5152 mm): Track [/DSI_CLK_N] on Top Layer, length 12.0332 mm
    @(127.3015 mm, 100.9995 mm): Track [/DSI_D2_P] on Top Layer, length 2.9091 mm
[hole_clearance]: Hole clearance violation (board setup constraints hole clearance 0.2500 mm; actual 0.2198 mm)
    Rule: board setup constraints hole; error
    @(123.3100 mm, 139.7458 mm): Track [+3.3V] on Bottom Layer, length 4.7804 mm
    @(120.1401 mm, 143.3952 mm): Via [+3.7VBAT] on Top Layer - Bottom Layer
[hole_clearance]: Hole clearance violation (board setup constraints hole clearance 0.2500 mm; actual 0.2067 mm)
    Rule: board setup constraints hole; error
    @(122.0685 mm, 122.2510 mm): Track [/DSI_D3_P] on Top Layer, length 8.1179 mm
    @(121.7255 mm, 123.7227 mm): Via [/DSI_D1_N] on Top Layer - Bottom Layer
[clearance]: Clearance violation ( clearance 0.1000 mm; actual 0.0959 mm)
    Local override; error
    @(125.0262 mm, 99.5152 mm): Track [/DSI_CLK_N] on Top Layer, length 12.0332 mm
    @(125.2444 mm, 103.0565 mm): Track [/DSI_D2_P] on Top Layer, length 7.9760 mm
[clearance]: Clearance violation ( clearance 0.1000 mm; actual 0.0958 mm)
    Local override; error
    @(138.7620 mm, 100.7413 mm): Via [REG_ON_BL] on Top Layer - Bottom Layer
    @(134.2319 mm, 104.9103 mm): Track [RST] on Bottom Layer, length 6.0789 mm
[clearance]: Clearance violation ( clearance 0.1000 mm; actual 0.0959 mm)
    Local override; error
    @(125.2444 mm, 111.0326 mm): Track [/DSI_D2_P] on Top Layer, length 1.4129 mm
    @(125.0262 mm, 99.5152 mm): Track [/DSI_CLK_N] on Top Layer, length 12.0332 mm
[hole_clearance]: Hole clearance violation (board setup constraints hole clearance 0.2500 mm; actual 0.2339 mm)
    Rule: board setup constraints hole; error
    @(139.9796 mm, 31.2883 mm): Track [/CSI_D0_P] on Bottom Layer, length 2.7981 mm
    @(139.6095 mm, 28.5770 mm): Via [GND] on Top Layer - Bottom Layer
[hole_clearance]: Hole clearance violation (board setup constraints hole clearance 0.2500 mm; actual 0.1559 mm)
    Rule: board setup constraints hole; error
    @(123.3261 mm, 84.8152 mm): Track [/DSI_D0_P] on Bottom Layer, length 3.0814 mm
    @(124.1822 mm, 83.5460 mm): Via [GND] on Top Layer - Bottom Layer
[clearance]: Clearance violation ( clearance 0.1000 mm; actual 0.0985 mm)
    Local override; error
    @(134.3287 mm, 58.5029 mm): Via [/CSI_D0_P] on Top Layer - Bottom Layer
    @(134.5968 mm, 38.4299 mm): Track [CAM_I2C_SDA] on Bottom Layer, length 21.5197 mm
[clearance]: Clearance violation ( clearance 0.1000 mm; actual 0.0912 mm)
    Local override; error
    @(138.5303 mm, 100.6118 mm): Track [RST] on Bottom Layer, length 0.5146 mm
    @(138.7620 mm, 100.7413 mm): Via [REG_ON_BL] on Top Layer - Bottom Layer
[hole_clearance]: Hole clearance violation (board setup constraints hole clearance 0.2500 mm; actual 0.2273 mm)
    Rule: board setup constraints hole; error
    @(118.1557 mm, 92.5055 mm): Track [/DSI_D3_P] on Top Layer, length 1.9281 mm
    @(119.4229 mm, 91.7525 mm): Via [GPIO_WF_0] on Top Layer - Bottom Layer
[hole_clearance]: Hole clearance violation (board setup constraints hole clearance 0.2500 mm; actual 0.1622 mm)
    Rule: board setup constraints hole; error
    @(121.6156 mm, 113.8942 mm): Track [BT_UART_RTS_N] on Top Layer, length 1.5147 mm
    @(120.6043 mm, 114.5071 mm): Via [/DSI_D3_P] on Top Layer - Bottom Layer
[hole_clearance]: Hole clearance violation (board setup constraints hole clearance 0.2500 mm; actual 0.2001 mm)
    Rule: board setup constraints hole; error
    @(120.2680 mm, 123.3824 mm): Track [/DSI_D0_P] on Bottom Layer, length 23.3825 mm
    @(120.6043 mm, 114.5071 mm): Via [/DSI_D3_P] on Top Layer - Bottom Layer
[clearance]: Clearance violation ( clearance 0.1000 mm; actual 0.0933 mm)
    Local override; error
    @(152.1719 mm, 64.4248 mm): Track [USB_DN] on Top Layer, length 3.5309 mm
    @(152.2747 mm, 60.6732 mm): Track [USB_DP] on Top Layer, length 0.2786 mm
[hole_clearance]: Hole clearance violation (board setup constraints hole clearance 0.2500 mm; actual 0.1580 mm)
    Rule: board setup constraints hole; error
    @(119.7005 mm, 89.7305 mm): Track [SD2_CMD] on Bottom Layer, length 3.8272 mm
    @(119.4229 mm, 91.7525 mm): Via [GPIO_WF_0] on Top Layer - Bottom Layer
[hole_clearance]: Hole clearance violation (board setup constraints hole clearance 0.2500 mm; actual 0.1909 mm)
    Rule: board setup constraints hole; error
    @(124.7291 mm, 59.3584 mm): Pad 33 [/DSI_D3_P] of MCM93_MOD1 on Top Layer
    @(125.2040 mm, 58.5048 mm): Via [/DSI_D3_N] on Top Layer - Bottom Layer
[clearance]: Clearance violation ( clearance 0.1000 mm; actual 0.0933 mm)
    Local override; error
    @(152.1719 mm, 60.8939 mm): Track [USB_DN] on Top Layer, length 0.1656 mm
    @(151.9965 mm, 60.6862 mm): Track [USB_DP] on Top Layer, length 0.0000 mm
[clearance]: Clearance violation ( clearance 0.1000 mm; actual 0.0921 mm)
    Local override; error
    @(121.6491 mm, 142.3507 mm): Track [/DSI_D3_P] on Top Layer, length 5.1822 mm
    @(121.3707 mm, 142.8538 mm): Via [RST] on Top Layer - Bottom Layer
[clearance]: Clearance violation ( clearance 0.1000 mm; actual 0.0933 mm)
    Local override; error
    @(152.1719 mm, 60.8939 mm): Track [USB_DN] on Top Layer, length 0.1656 mm
    @(151.9965 mm, 60.6862 mm): Track [USB_DP] on Top Layer, length 0.2428 mm
[hole_clearance]: Hole clearance violation (board setup constraints hole clearance 0.2500 mm; actual 0.1599 mm)
    Rule: board setup constraints hole; error
    @(120.5664 mm, 135.5110 mm): Track [/DSI_D2_P] on Top Layer, length 3.4435 mm
    @(120.8625 mm, 138.8148 mm): Via [/AUDIO_DATA_OUT] on Top Layer - Bottom Layer
[hole_clearance]: Hole clearance violation (board setup constraints hole clearance 0.2500 mm; actual 0.1731 mm)
    Rule: board setup constraints hole; error
    @(137.0000 mm, 29.7500 mm): Pad 22 [unconnected-(J3-Pin_22-Pad22)] of J3 on Top Layer
    @(137.2359 mm, 29.1924 mm): Via [+5V] on Top Layer - Bottom Layer
[hole_clearance]: Hole clearance violation (board setup constraints hole clearance 0.2500 mm; actual 0.2198 mm)
    Rule: board setup constraints hole; error
    @(120.1401 mm, 143.3952 mm): Track [+3.7VBAT] on Bottom Layer, length 4.3261 mm
    @(119.9297 mm, 143.1261 mm): Via [+3.3V] on Top Layer - Bottom Layer
[hole_clearance]: Hole clearance violation (board setup constraints hole clearance 0.2500 mm; actual 0.1822 mm)
    Rule: board setup constraints hole; error
    @(119.0917 mm, 97.0181 mm): Via [SD2_DAT0] on Top Layer - Bottom Layer
    @(118.9402 mm, 96.6669 mm): Via [SD2_DAT1] on Top Layer - Bottom Layer
[hole_clearance]: Hole clearance violation (board setup constraints hole clearance 0.2500 mm; actual 0.2358 mm)
    Rule: board setup constraints hole; error
    @(119.4986 mm, 96.6112 mm): Track [SD2_DAT0] on Bottom Layer, length 0.5754 mm
    @(118.9402 mm, 96.6669 mm): Via [SD2_DAT1] on Top Layer - Bottom Layer
[hole_clearance]: Hole clearance violation (board setup constraints hole clearance 0.2500 mm; actual 0.1692 mm)
    Rule: board setup constraints hole; error
    @(121.6491 mm, 147.5329 mm): Track [/DSI_D3_P] on Top Layer, length 2.9283 mm
    @(119.4466 mm, 149.3034 mm): Via [GND] on Top Layer - Bottom Layer
[hole_clearance]: Hole clearance violation (board setup constraints hole clearance 0.2500 mm; actual 0.1597 mm)
    Rule: board setup constraints hole; error
    @(126.5358 mm, 90.0485 mm): Track [SDIO_2] on Top Layer, length 5.6764 mm
    @(124.7870 mm, 89.7691 mm): Via [/AUDIO_DATA_OUT] on Top Layer - Bottom Layer
[clearance]: Clearance violation ( clearance 0.1000 mm; actual 0.0933 mm)
    Local override; error
    @(151.7539 mm, 60.6975 mm): Track [USB_DP] on Top Layer, length 0.0184 mm
    @(152.0065 mm, 60.9016 mm): Track [USB_DN] on Top Layer, length 0.2786 mm
[hole_clearance]: Hole clearance violation (board setup constraints hole clearance 0.2500 mm; actual 0.2377 mm)
    Rule: board setup constraints hole; error
    @(119.4788 mm, 79.2546 mm): Track [PCM_CLK] on Bottom Layer, length 0.3352 mm
    @(118.9225 mm, 79.6520 mm): Via [PCM_SYNC] on Top Layer - Bottom Layer
[hole_clearance]: Hole clearance violation (board setup constraints hole clearance 0.2500 mm; actual 0.1688 mm)
    Rule: board setup constraints hole; error
    @(124.4992 mm, 96.1741 mm): Track [SD2_CD_B] on Bottom Layer, length 6.3872 mm
    @(124.7870 mm, 89.7691 mm): Via [/AUDIO_DATA_OUT] on Top Layer - Bottom Layer
[hole_clearance]: Hole clearance violation (board setup constraints hole clearance 0.2500 mm; actual 0.1947 mm)
    Rule: board setup constraints hole; error
    @(111.9000 mm, 122.8717 mm): Track [PCM_IN] on Top Layer, length 0.9409 mm
    @(112.2910 mm, 122.0361 mm): Via [GND] on Top Layer - Bottom Layer
[hole_clearance]: Hole clearance violation (board setup constraints hole clearance 0.2500 mm; actual 0.1748 mm)
    Rule: board setup constraints hole; error
    @(119.7356 mm, 97.2180 mm): Track [SD2_CD_B] on Top Layer, length 3.7197 mm
    @(120.2492 mm, 96.9236 mm): Via [SD2_VDD] on Top Layer - Bottom Layer
[hole_clearance]: Hole clearance violation (board setup constraints hole clearance 0.2500 mm; actual 0.1925 mm)
    Rule: board setup constraints hole; error
    @(143.7674 mm, 68.0618 mm): Track [CAM_I2C_SCL] on Bottom Layer, length 19.3781 mm
    @(143.4553 mm, 87.2115 mm): Via [CAM_I2C_SDA] on Top Layer - Bottom Layer
[hole_clearance]: Hole clearance violation (board setup constraints hole clearance 0.2500 mm; actual 0.2002 mm)
    Rule: board setup constraints hole; error
    @(119.2418 mm, 79.4916 mm): Track [PCM_CLK] on Bottom Layer, length 0.1418 mm
    @(118.9225 mm, 79.6520 mm): Via [PCM_SYNC] on Top Layer - Bottom Layer
[clearance]: Clearance violation ( clearance 0.1000 mm; actual 0.0976 mm)
    Local override; error
    @(151.7387 mm, 60.6872 mm): Track [USB_DP] on Top Layer, length 0.0421 mm
    @(151.6628 mm, 60.8962 mm): Track [USB_DN] on Top Layer, length 0.0110 mm
[clearance]: Clearance violation ( clearance 0.1000 mm; actual 0.0912 mm)
    Local override; error
    @(118.9225 mm, 79.6520 mm): Via [PCM_SYNC] on Top Layer - Bottom Layer
    @(119.2418 mm, 79.6334 mm): Track [PCM_CLK] on Bottom Layer, length 0.4469 mm
[hole_clearance]: Hole clearance violation (board setup constraints hole clearance 0.2500 mm; actual 0.1658 mm)
    Rule: board setup constraints hole; error
    @(123.9674 mm, 91.4993 mm): Track [BT_UART_RTS_N] on Top Layer, length 1.2218 mm
    @(122.8452 mm, 91.7847 mm): Via [/DSI_D2_P] on Top Layer - Bottom Layer
[hole_clearance]: Hole clearance violation (board setup constraints hole clearance 0.2500 mm; actual 0.2059 mm)
    Rule: board setup constraints hole; error
    @(117.7850 mm, 149.6035 mm): Track [/DSI_D3_P] on Top Layer, length 1.3930 mm
    @(117.3167 mm, 148.6514 mm): Via [GND] on Top Layer - Bottom Layer
[hole_clearance]: Hole clearance violation (board setup constraints hole clearance 0.2500 mm; actual 0.2397 mm)
    Rule: board setup constraints hole; error
    @(122.1119 mm, 93.0262 mm): Track [SD2_DAT0] on Bottom Layer, length 1.8782 mm
    @(122.8452 mm, 91.7847 mm): Via [/DSI_D2_P] on Top Layer - Bottom Layer
[hole_clearance]: Hole clearance violation (board setup constraints hole clearance 0.2500 mm; actual 0.1961 mm)
    Rule: board setup constraints hole; error
    @(113.3272 mm, 145.7802 mm): Track [/DSI_CLK_P] on Bottom Layer, length 8.7247 mm
    @(112.9949 mm, 144.1480 mm): Via [/I2C3_SCL] on Top Layer - Bottom Layer
[hole_clearance]: Hole clearance violation (board setup constraints hole clearance 0.2500 mm; actual 0.1620 mm)
    Rule: board setup constraints hole; error
    @(119.0048 mm, 80.0122 mm): Track [PCM_CLK] on Bottom Layer, length 9.8260 mm
    @(119.2789 mm, 80.0768 mm): Via [PCM_IN] on Top Layer - Bottom Layer
[clearance]: Clearance violation ( clearance 0.1000 mm; actual 0.0976 mm)
    Local override; error
    @(151.6999 mm, 60.6709 mm): Track [USB_DP] on Top Layer, length 0.0396 mm
    @(151.6628 mm, 60.8962 mm): Track [USB_DN] on Top Layer, length 0.0110 mm
[hole_clearance]: Hole clearance violation (board setup constraints hole clearance 0.2500 mm; actual 0.1547 mm)
    Rule: board setup constraints hole; error
    @(112.5653 mm, 122.2063 mm): Track [PCM_IN] on Top Layer, length 0.8087 mm
    @(112.2910 mm, 122.0361 mm): Via [GND] on Top Layer - Bottom Layer
[clearance]: Clearance violation ( clearance 0.1000 mm; actual 0.0993 mm)
    Local override; error
    @(151.4607 mm, 60.9242 mm): Track [USB_DN] on Top Layer, length 0.0203 mm
    @(151.4536 mm, 60.6933 mm): Track [USB_DP] on Top Layer, length 0.0055 mm
[clearance]: Clearance violation ( clearance 0.1000 mm; actual 0.0924 mm)
    Local override; error
    @(117.9420 mm, 101.2819 mm): Track [SD2_DAT0] on Top Layer, length 0.6619 mm
    @(117.2400 mm, 100.7950 mm): Pad 8 [SD2_DAT1] of J7 on Top Layer
[clearance]: Clearance violation ( clearance 0.1000 mm; actual 0.0946 mm)
    Local override; error
    @(112.2405 mm, 87.1152 mm): Track [PCM_IN] on Bottom Layer, length 33.9576 mm
    @(112.0568 mm, 86.9603 mm): Track [PCM_CLK] on Bottom Layer, length 34.4074 mm
[clearance]: Clearance violation ( clearance 0.1000 mm; actual 0.0924 mm)
    Local override; error
    @(117.2400 mm, 100.7950 mm): Pad 8 [SD2_DAT1] of J7 on Top Layer
    @(117.2801 mm, 101.2819 mm): Track [SD2_DAT0] on Top Layer, length 0.0567 mm
[clearance]: Clearance violation ( clearance 0.1000 mm; actual 0.0916 mm)
    Local override; error
    @(116.5246 mm, 148.6560 mm): Via [GND] on Top Layer - Bottom Layer
    @(116.8000 mm, 148.6185 mm): Track [/DSI_D3_P] on Top Layer, length 0.1885 mm
[clearance]: Clearance violation ( clearance 0.1000 mm; actual 0.0993 mm)
    Local override; error
    @(151.4424 mm, 60.9152 mm): Track [USB_DN] on Top Layer, length 0.0007 mm
    @(151.4684 mm, 60.6804 mm): Track [USB_DP] on Top Layer, length 0.0197 mm
[clearance]: Clearance violation ( clearance 0.1000 mm; actual 0.0933 mm)
    Local override; error
    @(151.6602 mm, 60.6702 mm): Track [USB_DP] on Top Layer, length 0.0816 mm
    @(151.6628 mm, 60.8962 mm): Track [USB_DN] on Top Layer, length 0.0110 mm
[hole_clearance]: Hole clearance violation (board setup constraints hole clearance 0.2500 mm; actual 0.1874 mm)
    Rule: board setup constraints hole; error
    @(112.0568 mm, 121.3677 mm): Track [PCM_CLK] on Bottom Layer, length 1.1186 mm
    @(112.2910 mm, 122.0361 mm): Via [GND] on Top Layer - Bottom Layer
[clearance]: Clearance violation ( clearance 0.1000 mm; actual 0.0990 mm)
    Local override; error
    @(151.4419 mm, 60.9147 mm): Track [USB_DN] on Top Layer, length 0.0007 mm
    @(151.4684 mm, 60.6804 mm): Track [USB_DP] on Top Layer, length 0.0197 mm
[hole_clearance]: Hole clearance violation (board setup constraints hole clearance 0.2500 mm; actual 0.2427 mm)
    Rule: board setup constraints hole; error
    @(114.7721 mm, 113.0550 mm): Track [/DSI_D2_N] on Bottom Layer, length 17.4608 mm
    @(115.1510 mm, 106.7479 mm): Via [SDIO_0] on Top Layer - Bottom Layer
[clearance]: Clearance violation ( clearance 0.1000 mm; actual 0.0969 mm)
    Local override; error
    @(114.0000 mm, 148.3300 mm): Track [GND] on Top Layer, length 0.3979 mm
    @(113.6000 mm, 148.0800 mm): Pad 2 [/DSI_CLK_P] of J4 on Top Layer
[clearance]: Clearance violation ( clearance 0.1000 mm; actual 0.0954 mm)
    Local override; error
    @(151.4413 mm, 60.9143 mm): Track [USB_DN] on Top Layer, length 0.0051 mm
    @(151.4684 mm, 60.6804 mm): Track [USB_DP] on Top Layer, length 0.0197 mm
[clearance]: Clearance violation ( clearance 0.1000 mm; actual 0.0954 mm)
    Local override; error
    @(151.4379 mm, 60.9105 mm): Track [USB_DN] on Top Layer, length 0.2062 mm
    @(151.4684 mm, 60.6804 mm): Track [USB_DP] on Top Layer, length 0.0197 mm
[clearance]: Clearance violation ( clearance 0.1000 mm; actual 0.0967 mm)
    Local override; error
    @(151.6628 mm, 60.8962 mm): Track [USB_DN] on Top Layer, length 0.0110 mm
    @(151.5798 mm, 60.6838 mm): Track [USB_DP] on Top Layer, length 0.0330 mm
[clearance]: Clearance violation ( clearance 0.1000 mm; actual 0.0970 mm)
    Local override; error
    @(136.5990 mm, 108.8530 mm): Via [Net-(C35-Pad2)] on Top Layer - Bottom Layer
    @(139.1063 mm, 106.7229 mm): Track [BT_UART_T] on Top Layer, length 8.7974 mm
[hole_clearance]: Hole clearance violation (board setup constraints hole clearance 0.2500 mm; actual 0.2200 mm)
    Rule: board setup constraints hole; error
    @(116.8000 mm, 148.4300 mm): Track [/DSI_D3_P] on Top Layer, length 0.3500 mm
    @(116.5246 mm, 148.6560 mm): Via [GND] on Top Layer - Bottom Layer
[clearance]: Clearance violation ( clearance 0.1000 mm; actual 0.0916 mm)
    Local override; error
    @(114.4417 mm, 140.4619 mm): Track [/DSI_D0_P] on Bottom Layer, length 7.9689 mm
    @(114.7196 mm, 144.4197 mm): Via [GND] on Top Layer - Bottom Layer
[hole_clearance]: Hole clearance violation (board setup constraints hole clearance 0.2500 mm; actual 0.1929 mm)
    Rule: board setup constraints hole; error
    @(132.0791 mm, 69.3454 mm): Pad G26 [GND] of MCM93_MOD1 on Top Layer
    @(134.0039 mm, 64.9275 mm): Via [SD2_VDD] on Top Layer - Bottom Layer
[clearance]: Clearance violation ( clearance 0.1000 mm; actual 0.0930 mm)
    Local override; error
    @(135.8596 mm, 90.8669 mm): Track [GPIO_WF_0] on Top Layer, length 15.5511 mm
    @(133.7548 mm, 91.6689 mm): Track [SDIO_0] on Top Layer, length 0.8767 mm
[clearance]: Clearance violation ( clearance 0.1000 mm; actual 0.0947 mm)
    Local override; error
    @(134.0039 mm, 64.9275 mm): Via [SD2_VDD] on Top Layer - Bottom Layer
    @(134.2849 mm, 74.6434 mm): Track [/DSI_CLK_N] on Bottom Layer, length 12.1465 mm
[hole_clearance]: Hole clearance violation (board setup constraints hole clearance 0.2500 mm; actual 0.2283 mm)
    Rule: board setup constraints hole; error
    @(114.4417 mm, 148.4309 mm): Track [/DSI_D0_P] on Bottom Layer, length 0.3285 mm
    @(114.4158 mm, 148.9637 mm): Via [GND] on Top Layer - Bottom Layer
[clearance]: Clearance violation ( clearance 0.1000 mm; actual 0.0930 mm)
    Local override; error
    @(135.8596 mm, 90.8669 mm): Track [GPIO_WF_0] on Top Layer, length 15.5511 mm
    @(133.1349 mm, 91.0490 mm): Track [SDIO_0] on Top Layer, length 11.9325 mm
[clearance]: Clearance violation ( clearance 0.1000 mm; actual 0.0915 mm)
    Local override; error
    @(113.2767 mm, 124.0132 mm): Via [GND] on Top Layer - Bottom Layer
    @(110.4994 mm, 124.2744 mm): Track [BT_UART_CTS_N] on Top Layer, length 2.9673 mm
[clearance]: Clearance violation ( clearance 0.1000 mm; actual 0.0930 mm)
    Local override; error
    @(135.8596 mm, 90.8669 mm): Track [GPIO_WF_0] on Top Layer, length 15.5511 mm
    @(121.2024 mm, 91.0490 mm): Track [SDIO_0] on Top Layer, length 1.6625 mm
[hole_clearance]: Hole clearance violation (board setup constraints hole clearance 0.2500 mm; actual 0.1965 mm)
    Rule: board setup constraints hole; error
    @(119.0110 mm, 126.8843 mm): Track [BT_UART_T] on Bottom Layer, length 6.5229 mm
    @(121.7255 mm, 123.7227 mm): Via [/DSI_D1_N] on Top Layer - Bottom Layer
[clearance]: Clearance violation ( clearance 0.1000 mm; actual 0.0969 mm)
    Local override; error
    @(107.7500 mm, 119.7000 mm): Track [Net-(U6-SR_VLX)] on Top Layer, length 0.3886 mm
    @(107.6250 mm, 119.1875 mm): Pad 33 [GND] of U6 on Top Layer
[hole_clearance]: Hole clearance violation (board setup constraints hole clearance 0.2500 mm; actual 0.2118 mm)
    Rule: board setup constraints hole; error
    @(116.7410 mm, 122.1506 mm): Track [/DSI_D2_N] on Bottom Layer, length 7.1267 mm
    @(116.3929 mm, 121.9364 mm): Via [SDIO_3] on Top Layer - Bottom Layer
[hole_clearance]: Hole clearance violation (board setup constraints hole clearance 0.2500 mm; actual 0.1545 mm)
    Rule: board setup constraints hole; error
    @(119.3119 mm, 97.4707 mm): Track [SD2_DAT0] on Top Layer, length 2.4227 mm
    @(119.0377 mm, 97.5441 mm): Via [SD2_CD_B] on Top Layer - Bottom Layer
[clearance]: Clearance violation ( clearance 0.1000 mm; actual 0.0951 mm)
    Local override; error
    @(158.5099 mm, 41.4161 mm): Track [+3.7VBAT] on Bottom Layer, length 16.5593 mm
    @(158.7768 mm, 53.9827 mm): Via [ONOFF] on Top Layer - Bottom Layer
[hole_clearance]: Hole clearance violation (board setup constraints hole clearance 0.2500 mm; actual 0.1959 mm)
    Rule: board setup constraints hole; error
    @(114.4000 mm, 144.3291 mm): Track [/DSI_D0_N] on Top Layer, length 12.4963 mm
    @(114.7196 mm, 144.4197 mm): Via [GND] on Top Layer - Bottom Layer
[hole_clearance]: Hole clearance violation (board setup constraints hole clearance 0.2500 mm; actual 0.1655 mm)
    Rule: board setup constraints hole; error
    @(138.9500 mm, 147.7650 mm): Pad A8 [<no net>] of J1 on Top Layer
    @(139.1849 mm, 146.8149 mm): Via [Net-(J1-CC2)] on Top Layer - Bottom Layer
[clearance]: Clearance violation ( clearance 0.1000 mm; actual 0.0959 mm)
    Local override; error
    @(159.0465 mm, 58.5120 mm): Track [+3.7VBAT] on Bottom Layer, length 29.0518 mm
    @(158.7788 mm, 62.5161 mm): Via [Net-(C10-Pad1)] on Top Layer - Bottom Layer
[clearance]: Clearance violation ( clearance 0.1000 mm; actual 0.0933 mm)
    Local override; error
    @(151.1785 mm, 60.9133 mm): Track [USB_DN] on Top Layer, length 0.0185 mm
    @(151.3539 mm, 60.6591 mm): Track [USB_DP] on Top Layer, length 0.2924 mm
[hole_clearance]: Hole clearance violation (board setup constraints hole clearance 0.2500 mm; actual 0.1529 mm)
    Rule: board setup constraints hole; error
    @(108.0248 mm, 119.4252 mm): Track [Net-(U6-SR_VLX)] on Top Layer, length 0.6592 mm
    @(107.8678 mm, 118.5432 mm): Via [GND] on Top Layer - Bottom Layer
[hole_clearance]: Hole clearance violation (board setup constraints hole clearance 0.2500 mm; actual 0.2238 mm)
    Rule: board setup constraints hole; error
    @(137.5584 mm, 92.5657 mm): Track [GPIO_WF_0] on Top Layer, length 2.4025 mm
    @(136.3999 mm, 91.8929 mm): Via [SDIO_1] on Top Layer - Bottom Layer
[hole_clearance]: Hole clearance violation (board setup constraints hole clearance 0.2500 mm; actual 0.2253 mm)
    Rule: board setup constraints hole; error
    @(115.2000 mm, 140.4249 mm): Track [/DSI_D1_N] on Top Layer, length 3.9043 mm
    @(115.5530 mm, 144.4072 mm): Via [GND] on Top Layer - Bottom Layer
[clearance]: Clearance violation ( clearance 0.1000 mm; actual 0.0933 mm)
    Local override; error
    @(151.1637 mm, 60.9022 mm): Track [USB_DN] on Top Layer, length 0.0201 mm
    @(151.3539 mm, 60.6591 mm): Track [USB_DP] on Top Layer, length 0.2924 mm
[clearance]: Clearance violation ( clearance 0.1000 mm; actual 0.0989 mm)
    Local override; error
    @(107.8678 mm, 118.5432 mm): Via [GND] on Top Layer - Bottom Layer
    @(108.0248 mm, 118.7660 mm): Track [Net-(U6-SR_VLX)] on Top Layer, length 0.1939 mm
[hole_clearance]: Hole clearance violation (board setup constraints hole clearance 0.2500 mm; actual 0.1693 mm)
    Rule: board setup constraints hole; error
    @(113.7250 mm, 119.7000 mm): Track [SDIO_CLK] on Top Layer, length 0.2565 mm
    @(113.9668 mm, 119.9889 mm): Via [GND] on Top Layer - Bottom Layer
[clearance]: Clearance violation ( clearance 0.1000 mm; actual 0.0933 mm)
    Local override; error
    @(151.1437 mm, 60.9049 mm): Track [USB_DN] on Top Layer, length 0.0096 mm
    @(151.3539 mm, 60.6591 mm): Track [USB_DP] on Top Layer, length 0.2924 mm
[hole_clearance]: Hole clearance violation (board setup constraints hole clearance 0.2500 mm; actual 0.1740 mm)
    Rule: board setup constraints hole; error
    @(121.5078 mm, 85.5110 mm): Track [/DSI_D3_P] on Bottom Layer, length 16.2853 mm
    @(121.1975 mm, 72.3950 mm): Via [PCM_OUT] on Top Layer - Bottom Layer
[hole_clearance]: Hole clearance violation (board setup constraints hole clearance 0.2500 mm; actual 0.1740 mm)
    Rule: board setup constraints hole; error
    @(116.0288 mm, 136.1710 mm): Track [/DSI_D2_N] on Top Layer, length 4.1829 mm
    @(116.3390 mm, 135.2981 mm): Via [/DSI_D3_N] on Top Layer - Bottom Layer
[clearance]: Clearance violation ( clearance 0.1000 mm; actual 0.0941 mm)
    Local override; error
    @(115.0525 mm, 105.8223 mm): Via [SDIO_1] on Top Layer - Bottom Layer
    @(114.7721 mm, 113.0550 mm): Track [/DSI_D2_N] on Bottom Layer, length 17.4608 mm
[hole_clearance]: Hole clearance violation (board setup constraints hole clearance 0.2500 mm; actual 0.2067 mm)
    Rule: board setup constraints hole; error
    @(119.3164 mm, 98.2940 mm): Track [/DSI_D0_N] on Bottom Layer, length 0.6461 mm
    @(119.0377 mm, 97.5441 mm): Via [SD2_CD_B] on Top Layer - Bottom Layer
[hole_clearance]: Hole clearance violation (board setup constraints hole clearance 0.2500 mm; actual 0.2326 mm)
    Rule: board setup constraints hole; error
    @(122.6564 mm, 89.8386 mm): Track [/AUDIO_DATA_OUT] on Top Layer, length 3.2721 mm
    @(121.4050 mm, 89.0852 mm): Via [SD2_CLK] on Top Layer - Bottom Layer
[clearance]: Clearance violation ( clearance 0.1000 mm; actual 0.0932 mm)
    Local override; error
    @(116.4486 mm, 126.8843 mm): Track [BT_UART_T] on Bottom Layer, length 2.5624 mm
    @(118.9593 mm, 127.1938 mm): Track [BT_UART_R] on Bottom Layer, length 15.3611 mm
[hole_clearance]: Hole clearance violation (board setup constraints hole clearance 0.2500 mm; actual 0.2358 mm)
    Rule: board setup constraints hole; error
    @(118.9402 mm, 96.6669 mm): Track [SD2_DAT1] on Top Layer, length 0.8522 mm
    @(119.0917 mm, 97.0181 mm): Via [SD2_DAT0] on Top Layer - Bottom Layer
[clearance]: Clearance violation ( clearance 0.1000 mm; actual 0.0932 mm)
    Local override; error
    @(118.9593 mm, 127.1938 mm): Track [BT_UART_R] on Bottom Layer, length 15.3611 mm
    @(119.0110 mm, 126.8843 mm): Track [BT_UART_T] on Bottom Layer, length 6.5229 mm
[hole_clearance]: Hole clearance violation (board setup constraints hole clearance 0.2500 mm; actual 0.1632 mm)
    Rule: board setup constraints hole; error
    @(116.7094 mm, 145.5491 mm): Track [/DSI_D1_P] on Bottom Layer, length 2.1783 mm
    @(116.4100 mm, 144.4204 mm): Via [GND] on Top Layer - Bottom Layer
[clearance]: Clearance violation ( clearance 0.1000 mm; actual 0.0933 mm)
    Local override; error
    @(116.4735 mm, 97.5389 mm): Via [SD2_DAT3] on Top Layer - Bottom Layer
    @(116.2106 mm, 98.0384 mm): Track [SD2_CLK] on Top Layer, length 6.3142 mm
[hole_clearance]: Hole clearance violation (board setup constraints hole clearance 0.2500 mm; actual 0.1499 mm)
    Rule: board setup constraints hole; error
    @(121.1189 mm, 90.7340 mm): Track [/DSI_D0_N] on Bottom Layer, length 1.7695 mm
    @(121.4050 mm, 89.0852 mm): Via [SD2_CLK] on Top Layer - Bottom Layer
[hole_clearance]: Hole clearance violation (board setup constraints hole clearance 0.2500 mm; actual 0.1681 mm)
    Rule: board setup constraints hole; error
    @(119.0377 mm, 97.6612 mm): Track [SD2_CD_B] on Top Layer, length 1.0561 mm
    @(118.3376 mm, 97.9544 mm): Via [SD2_DAT1] on Top Layer - Bottom Layer
[clearance]: Clearance violation ( clearance 0.1000 mm; actual 0.0987 mm)
    Local override; error
    @(151.4424 mm, 60.9152 mm): Track [USB_DN] on Top Layer, length 0.0007 mm
    @(151.4536 mm, 60.6933 mm): Track [USB_DP] on Top Layer, length 0.0055 mm
[hole_clearance]: Hole clearance violation (board setup constraints hole clearance 0.2500 mm; actual 0.2124 mm)
    Rule: board setup constraints hole; error
    @(117.6000 mm, 148.0800 mm): Pad 22 [/I2C3_SDA] of J4 on Top Layer
    @(117.3167 mm, 148.6514 mm): Via [GND] on Top Layer - Bottom Layer
[hole_clearance]: Hole clearance violation (board setup constraints hole clearance 0.2500 mm; actual 0.2313 mm)
    Rule: board setup constraints hole; error
    @(108.1619 mm, 118.3410 mm): Track [Net-(U6-SR_VLX)] on Top Layer, length 0.1490 mm
    @(107.8678 mm, 118.5432 mm): Via [GND] on Top Layer - Bottom Layer
[clearance]: Clearance violation ( clearance 0.1000 mm; actual 0.0932 mm)
    Local override; error
    @(118.9593 mm, 127.1938 mm): Track [BT_UART_R] on Bottom Layer, length 15.3611 mm
    @(123.6234 mm, 122.2719 mm): Track [BT_UART_T] on Bottom Layer, length 3.6826 mm
[hole_clearance]: Hole clearance violation (board setup constraints hole clearance 0.2500 mm; actual 0.1834 mm)
    Rule: board setup constraints hole; error
    @(114.4000 mm, 144.6500 mm): Track [/DSI_D0_N] on Top Layer, length 0.3209 mm
    @(114.7196 mm, 144.4197 mm): Via [GND] on Top Layer - Bottom Layer
[clearance]: Clearance violation ( clearance 0.1000 mm; actual 0.0969 mm)
    Local override; error
    @(110.1000 mm, 123.3000 mm): Pad 5 [BT_UART_RTS_N] of U6 on Top Layer
    @(109.6500 mm, 123.4250 mm): Track [BT_UART_CTS_N] on Top Layer, length 0.4332 mm
[hole_clearance]: Hole clearance violation (board setup constraints hole clearance 0.2500 mm; actual 0.1898 mm)
    Rule: board setup constraints hole; error
    @(119.4178 mm, 97.1771 mm): Track [/DSI_D3_P] on Top Layer, length 0.4384 mm
    @(119.0917 mm, 97.0181 mm): Via [SD2_DAT0] on Top Layer - Bottom Layer
[hole_clearance]: Hole clearance violation (board setup constraints hole clearance 0.2500 mm; actual 0.2142 mm)
    Rule: board setup constraints hole; error
    @(119.0377 mm, 97.5441 mm): Track [SD2_CD_B] on Bottom Layer, length 0.4611 mm
    @(119.0917 mm, 97.0181 mm): Via [SD2_DAT0] on Top Layer - Bottom Layer
[hole_clearance]: Hole clearance violation (board setup constraints hole clearance 0.2500 mm; actual 0.1519 mm)
    Rule: board setup constraints hole; error
    @(115.5848 mm, 100.3403 mm): Track [SDIO_2] on Top Layer, length 15.1685 mm
    @(115.8563 mm, 102.1839 mm): Via [SD2_DAT3] on Top Layer - Bottom Layer
[hole_clearance]: Hole clearance violation (board setup constraints hole clearance 0.2500 mm; actual 0.2412 mm)
    Rule: board setup constraints hole; error
    @(108.0565 mm, 118.2357 mm): Track [Net-(U6-SR_VLX)] on Top Layer, length 0.2007 mm
    @(107.8678 mm, 118.5432 mm): Via [GND] on Top Layer - Bottom Layer
[clearance]: Clearance violation ( clearance 0.1000 mm; actual 0.0987 mm)
    Local override; error
    @(151.4481 mm, 60.6937 mm): Track [USB_DP] on Top Layer, length 0.0414 mm
    @(151.4424 mm, 60.9152 mm): Track [USB_DN] on Top Layer, length 0.0007 mm
[clearance]: Clearance violation ( clearance 0.1000 mm; actual 0.0916 mm)
    Local override; error
    @(116.5246 mm, 148.6560 mm): Via [GND] on Top Layer - Bottom Layer
    @(117.7850 mm, 149.6035 mm): Track [/DSI_D3_P] on Top Layer, length 1.3930 mm
[clearance]: Clearance violation ( clearance 0.1000 mm; actual 0.0952 mm)
    Local override; error
    @(163.7194 mm, 108.4773 mm): Via [L_2] on Top Layer - Bottom Layer
    @(163.9864 mm, 97.3714 mm): Track [+3.3V] on Bottom Layer, length 28.7143 mm
[hole_clearance]: Hole clearance violation (board setup constraints hole clearance 0.2500 mm; actual 0.1964 mm)
    Rule: board setup constraints hole; error
    @(116.1724 mm, 101.7495 mm): Track [SDIO_0] on Bottom Layer, length 0.6628 mm
    @(115.8563 mm, 102.1839 mm): Via [SD2_DAT3] on Top Layer - Bottom Layer
[hole_clearance]: Hole clearance violation (board setup constraints hole clearance 0.2500 mm; actual 0.1714 mm)
    Rule: board setup constraints hole; error
    @(119.0418 mm, 90.0142 mm): Track [/DSI_D2_N] on Bottom Layer, length 1.8723 mm
    @(119.5190 mm, 89.1019 mm): Via [/DSI_D3_P] on Top Layer - Bottom Layer
[clearance]: Clearance violation ( clearance 0.1000 mm; actual 0.0927 mm)
    Local override; error
    @(118.0563 mm, 100.6286 mm): Via [SD2_DAT1] on Top Layer - Bottom Layer
    @(118.3186 mm, 99.1514 mm): Track [SD2_CMD] on Top Layer, length 6.3150 mm
[hole_clearance]: Hole clearance violation (board setup constraints hole clearance 0.2500 mm; actual 0.2237 mm)
    Rule: board setup constraints hole; error
    @(114.4000 mm, 144.3291 mm): Track [/DSI_D0_N] on Top Layer, length 12.4963 mm
    @(114.0401 mm, 144.0760 mm): Via [GND] on Top Layer - Bottom Layer
[clearance]: Clearance violation ( clearance 0.1000 mm; actual 0.0969 mm)
    Local override; error
    @(119.2789 mm, 80.0768 mm): Via [PCM_IN] on Top Layer - Bottom Layer
    @(119.2418 mm, 79.6334 mm): Track [PCM_CLK] on Bottom Layer, length 0.4469 mm
[hole_clearance]: Hole clearance violation (board setup constraints hole clearance 0.2500 mm; actual 0.1898 mm)
    Rule: board setup constraints hole; error
    @(136.0829 mm, 36.5839 mm): Track [CAM_GPIO] on Bottom Layer, length 4.6195 mm
    @(135.7734 mm, 37.2905 mm): Via [CAM_I2C_SCL] on Top Layer - Bottom Layer
[clearance]: Clearance violation ( clearance 0.1000 mm; actual 0.0958 mm)
    Local override; error
    @(109.5500 mm, 120.5250 mm): Pad 45 [GND] of U6 on Top Layer
    @(109.2000 mm, 119.6735 mm): Track [+3.7VBAT] on Top Layer, length 1.0430 mm
[clearance]: Clearance violation ( clearance 0.1000 mm; actual 0.0963 mm)
    Local override; error
    @(154.7957 mm, 100.2262 mm): Track [USB_DN] on Top Layer, length 33.1330 mm
    @(154.5131 mm, 85.2747 mm): Via [Net-(C10-Pad1)] on Top Layer - Bottom Layer
[hole_clearance]: Hole clearance violation (board setup constraints hole clearance 0.2500 mm; actual 0.2385 mm)
    Rule: board setup constraints hole; error
    @(108.4625 mm, 120.4110 mm): Track [+3.7VBAT] on Top Layer, length 1.9252 mm
    @(108.8228 mm, 120.7135 mm): Via [GND] on Top Layer - Bottom Layer
[hole_clearance]: Hole clearance violation (board setup constraints hole clearance 0.2500 mm; actual 0.1688 mm)
    Rule: board setup constraints hole; error
    @(152.5090 mm, 67.0435 mm): Track [/SAI_BITCLOCK] on Top Layer, length 24.4447 mm
    @(152.2205 mm, 71.6517 mm): Via [/AUDIO_FRAME_CLOCK] on Top Layer - Bottom Layer
[hole_clearance]: Hole clearance violation (board setup constraints hole clearance 0.2500 mm; actual 0.1853 mm)
    Rule: board setup constraints hole; error
    @(120.3657 mm, 87.8166 mm): Track [/DSI_D2_N] on Bottom Layer, length 1.9730 mm
    @(121.1146 mm, 87.5225 mm): Via [SD2_CMD] on Top Layer - Bottom Layer
[hole_clearance]: Hole clearance violation (board setup constraints hole clearance 0.2500 mm; actual 0.2188 mm)
    Rule: board setup constraints hole; error
    @(118.9402 mm, 96.2848 mm): Track [SD2_DAT1] on Bottom Layer, length 0.6569 mm
    @(119.4986 mm, 96.2050 mm): Via [SD2_DAT0] on Top Layer - Bottom Layer
[clearance]: Clearance violation ( clearance 0.1000 mm; actual 0.0918 mm)
    Local override; error
    @(138.2947 mm, 28.9212 mm): Track [+5V] on Top Layer, length 0.7876 mm
    @(137.9872 mm, 29.1849 mm): Via [GND] on Top Layer - Bottom Layer
[hole_clearance]: Hole clearance violation (board setup constraints hole clearance 0.2500 mm; actual 0.1888 mm)
    Rule: board setup constraints hole; error
    @(124.7176 mm, 89.8386 mm): Track [/AUDIO_DATA_OUT] on Top Layer, length 2.0612 mm
    @(123.4399 mm, 89.5301 mm): Via [SD2_DAT0] on Top Layer - Bottom Layer
[clearance]: Clearance violation ( clearance 0.1000 mm; actual 0.0922 mm)
    Local override; error
    @(122.6564 mm, 89.8386 mm): Track [/AUDIO_DATA_OUT] on Top Layer, length 3.2721 mm
    @(120.8313 mm, 86.3613 mm): Track [SD2_DAT2] on Top Layer, length 1.3957 mm
[clearance]: Clearance violation ( clearance 0.1000 mm; actual 0.0966 mm)
    Local override; error
    @(138.6000 mm, 33.2963 mm): Track [+3.3V] on Top Layer, length 0.1163 mm
    @(138.8407 mm, 33.4153 mm): Via [GND] on Top Layer - Bottom Layer
[hole_clearance]: Hole clearance violation (board setup constraints hole clearance 0.2500 mm; actual 0.2175 mm)
    Rule: board setup constraints hole; error
    @(119.2896 mm, 91.7525 mm): Track [GPIO_WF_0] on Bottom Layer, length 0.7971 mm
    @(119.2943 mm, 92.2246 mm): Via [SDIO_0] on Top Layer - Bottom Layer
[clearance]: Clearance violation ( clearance 0.1000 mm; actual 0.0931 mm)
    Local override; error
    @(118.1356 mm, 98.4080 mm): Via [SD2_CD_B] on Top Layer - Bottom Layer
    @(117.8727 mm, 95.7834 mm): Track [SD2_CMD] on Top Layer, length 2.6917 mm
[clearance]: Clearance violation ( clearance 0.1000 mm; actual 0.0914 mm)
    Local override; error
    @(127.3173 mm, 82.1469 mm): Via [/DSI_D1_P] on Top Layer - Bottom Layer
    @(127.0396 mm, 84.1803 mm): Track [/DSI_CLK_N] on Bottom Layer, length 2.2916 mm
[clearance]: Clearance violation ( clearance 0.1000 mm; actual 0.0967 mm)
    Local override; error
    @(150.9607 mm, 60.9126 mm): Track [USB_DN] on Top Layer, length 0.0171 mm
    @(151.0063 mm, 60.6814 mm): Track [USB_DP] on Top Layer, length 0.0211 mm
[clearance]: Clearance violation ( clearance 0.1000 mm; actual 0.0938 mm)
    Local override; error
    @(120.9912 mm, 101.9239 mm): Via [SDIO_CMD] on Top Layer - Bottom Layer
    @(121.2713 mm, 113.8401 mm): Track [/DSI_D3_P] on Top Layer, length 14.5236 mm
[clearance]: Clearance violation ( clearance 0.1000 mm; actual 0.0947 mm)
    Local override; error
    @(118.4000 mm, 144.7500 mm): Track [+3.7VBAT] on Top Layer, length 0.4063 mm
    @(118.8000 mm, 145.0000 mm): Pad 27 [RST] of J4 on Top Layer
[hole_clearance]: Hole clearance violation (board setup constraints hole clearance 0.2500 mm; actual 0.1994 mm)
    Rule: board setup constraints hole; error
    @(113.4666 mm, 124.2744 mm): Track [BT_UART_CTS_N] on Top Layer, length 13.9383 mm
    @(113.2767 mm, 124.0132 mm): Via [GND] on Top Layer - Bottom Layer
[hole_clearance]: Hole clearance violation (board setup constraints hole clearance 0.2500 mm; actual 0.2427 mm)
    Rule: board setup constraints hole; error
    @(127.0396 mm, 81.8887 mm): Track [/DSI_CLK_N] on Bottom Layer, length 10.2463 mm
    @(127.3173 mm, 82.1469 mm): Via [/DSI_D1_P] on Top Layer - Bottom Layer
[hole_clearance]: Hole clearance violation (board setup constraints hole clearance 0.2500 mm; actual 0.1527 mm)
    Rule: board setup constraints hole; error
    @(123.2235 mm, 77.0056 mm): Track [/DSI_D2_N] on Bottom Layer, length 9.5498 mm
    @(123.5125 mm, 70.2247 mm): Via [GND] on Top Layer - Bottom Layer
[clearance]: Clearance violation ( clearance 0.1000 mm; actual 0.0974 mm)
    Local override; error
    @(117.8727 mm, 98.4752 mm): Track [SD2_CMD] on Top Layer, length 0.0084 mm
    @(118.1356 mm, 98.4080 mm): Via [SD2_CD_B] on Top Layer - Bottom Layer
[clearance]: Clearance violation ( clearance 0.1000 mm; actual 0.0967 mm)
    Local override; error
    @(151.0063 mm, 60.6814 mm): Track [USB_DP] on Top Layer, length 0.0211 mm
    @(150.9512 mm, 60.8983 mm): Track [USB_DN] on Top Layer, length 0.0558 mm
[hole_clearance]: Hole clearance violation (board setup constraints hole clearance 0.2500 mm; actual 0.1899 mm)
    Rule: board setup constraints hole; error
    @(112.1373 mm, 127.1938 mm): Track [BT_UART_R] on Top Layer, length 4.4779 mm
    @(116.4486 mm, 126.8843 mm): Via [BT_UART_T] on Top Layer - Bottom Layer
[hole_clearance]: Hole clearance violation (board setup constraints hole clearance 0.2500 mm; actual 0.2461 mm)
    Rule: board setup constraints hole; error
    @(140.2000 mm, 32.8300 mm): Track [/CSI_D0_N] on Top Layer, length 0.3500 mm
    @(140.5022 mm, 33.4142 mm): Via [GND] on Top Layer - Bottom Layer
[hole_clearance]: Hole clearance violation (board setup constraints hole clearance 0.2500 mm; actual 0.2309 mm)
    Rule: board setup constraints hole; error
    @(149.9458 mm, 85.3570 mm): Track [SDIO_3] on Top Layer, length 1.2353 mm
    @(150.2964 mm, 84.4936 mm): Via [SDIO_2] on Top Layer - Bottom Layer
[hole_clearance]: Hole clearance violation (board setup constraints hole clearance 0.2500 mm; actual 0.2319 mm)
    Rule: board setup constraints hole; error
    @(116.6152 mm, 127.1938 mm): Track [BT_UART_R] on Bottom Layer, length 2.3441 mm
    @(116.4486 mm, 126.8843 mm): Via [BT_UART_T] on Top Layer - Bottom Layer
[hole_clearance]: Hole clearance violation (board setup constraints hole clearance 0.2500 mm; actual 0.1513 mm)
    Rule: board setup constraints hole; error
    @(116.4486 mm, 126.8843 mm): Via [BT_UART_T] on Top Layer - Bottom Layer
    @(116.6152 mm, 127.1938 mm): Via [BT_UART_R] on Top Layer - Bottom Layer
[clearance]: Clearance violation ( clearance 0.1000 mm; actual 0.0953 mm)
    Local override; error
    @(118.1356 mm, 98.4080 mm): Via [SD2_CD_B] on Top Layer - Bottom Layer
    @(117.8787 mm, 98.4811 mm): Track [SD2_CMD] on Top Layer, length 0.4372 mm
[clearance]: Clearance violation ( clearance 0.1000 mm; actual 0.0939 mm)
    Local override; error
    @(150.9852 mm, 60.6819 mm): Track [USB_DP] on Top Layer, length 0.0785 mm
    @(150.8955 mm, 60.8994 mm): Track [USB_DN] on Top Layer, length 0.2550 mm
[clearance]: Clearance violation ( clearance 0.1000 mm; actual 0.0920 mm)
    Local override; error
    @(134.8174 mm, 137.0517 mm): Track [Net-(J5-Pin_8)] on Bottom Layer, length 3.9310 mm
    @(144.1988 mm, 134.0910 mm): Track [Net-(J5-Pin_9)] on Bottom Layer, length 11.8971 mm
[hole_clearance]: Hole clearance violation (board setup constraints hole clearance 0.2500 mm; actual 0.1525 mm)
    Rule: board setup constraints hole; error
    @(150.5685 mm, 81.2116 mm): Track [/I2C3_SDA] on Bottom Layer, length 3.9312 mm
    @(150.2964 mm, 84.4936 mm): Via [SDIO_2] on Top Layer - Bottom Layer
[clearance]: Clearance violation ( clearance 0.1000 mm; actual 0.0966 mm)
    Local override; error
    @(138.3438 mm, 33.5525 mm): Track [+3.3V] on Top Layer, length 0.3624 mm
    @(138.8407 mm, 33.4153 mm): Via [GND] on Top Layer - Bottom Layer
[hole_clearance]: Hole clearance violation (board setup constraints hole clearance 0.2500 mm; actual 0.2368 mm)
    Rule: board setup constraints hole; error
    @(124.3599 mm, 114.4185 mm): Track [BT_UART_CTS_N] on Top Layer, length 1.9504 mm
    @(125.4457 mm, 112.8286 mm): Via [REG_ON_BL] on Top Layer - Bottom Layer
[clearance]: Clearance violation ( clearance 0.1000 mm; actual 0.0986 mm)
    Local override; error
    @(120.8625 mm, 138.8148 mm): Via [/AUDIO_DATA_OUT] on Top Layer - Bottom Layer
    @(116.7094 mm, 143.3707 mm): Track [/DSI_D1_P] on Bottom Layer, length 6.3615 mm
[clearance]: Clearance violation ( clearance 0.1000 mm; actual 0.0920 mm)
    Local override; error
    @(144.0579 mm, 134.2720 mm): Track [Net-(J5-Pin_8)] on Bottom Layer, length 5.2388 mm
    @(144.1988 mm, 134.0910 mm): Track [Net-(J5-Pin_9)] on Bottom Layer, length 11.8971 mm
[hole_clearance]: Hole clearance violation (board setup constraints hole clearance 0.2500 mm; actual 0.2080 mm)
    Rule: board setup constraints hole; error
    @(123.7120 mm, 96.3594 mm): Track [SD2_VDD] on Bottom Layer, length 3.3162 mm
    @(124.0395 mm, 95.1606 mm): Via [SD2_DAT1] on Top Layer - Bottom Layer
[hole_clearance]: Hole clearance violation (board setup constraints hole clearance 0.2500 mm; actual 0.1507 mm)
    Rule: board setup constraints hole; error
    @(124.3490 mm, 89.5051 mm): Track [SD2_DAT1] on Top Layer, length 0.3800 mm
    @(124.7870 mm, 89.7691 mm): Via [/AUDIO_DATA_OUT] on Top Layer - Bottom Layer
[hole_clearance]: Hole clearance violation (board setup constraints hole clearance 0.2500 mm; actual 0.1737 mm)
    Rule: board setup constraints hole; error
    @(125.7390 mm, 113.0394 mm): Track [BT_UART_CTS_N] on Top Layer, length 0.3119 mm
    @(125.4457 mm, 112.8286 mm): Via [REG_ON_BL] on Top Layer - Bottom Layer
[clearance]: Clearance violation ( clearance 0.1000 mm; actual 0.0927 mm)
    Local override; error
    @(118.0563 mm, 104.4415 mm): Via [SD2_VDD] on Top Layer - Bottom Layer
    @(118.3186 mm, 99.1514 mm): Track [SD2_CMD] on Top Layer, length 6.3150 mm
[clearance]: Clearance violation ( clearance 0.1000 mm; actual 0.0956 mm)
    Local override; error
    @(143.0130 mm, 96.8656 mm): Track [BT_UART_R] on Top Layer, length 8.5535 mm
    @(138.7620 mm, 100.7413 mm): Via [REG_ON_BL] on Top Layer - Bottom Layer
[hole_clearance]: Hole clearance violation (board setup constraints hole clearance 0.2500 mm; actual 0.1592 mm)
    Rule: board setup constraints hole; error
    @(125.7390 mm, 112.7275 mm): Track [BT_UART_CTS_N] on Top Layer, length 2.0527 mm
    @(125.4457 mm, 112.8286 mm): Via [REG_ON_BL] on Top Layer - Bottom Layer
[hole_clearance]: Hole clearance violation (board setup constraints hole clearance 0.2500 mm; actual 0.1991 mm)
    Rule: board setup constraints hole; error
    @(118.6873 mm, 144.4627 mm): Track [+3.7VBAT] on Top Layer, length 1.5097 mm
    @(119.9297 mm, 143.1261 mm): Via [+3.3V] on Top Layer - Bottom Layer
[clearance]: Clearance violation ( clearance 0.1000 mm; actual 0.0987 mm)
    Local override; error
    @(118.0503 mm, 98.8831 mm): Track [SD2_CMD] on Top Layer, length 0.3794 mm
    @(117.8049 mm, 98.9917 mm): Via [SD2_CD_B] on Top Layer - Bottom Layer
[hole_clearance]: Hole clearance violation (board setup constraints hole clearance 0.2500 mm; actual 0.1906 mm)
    Rule: board setup constraints hole; error
    @(140.7279 mm, 122.6055 mm): Track [Net-(U5-PROG)] on Top Layer, length 1.0781 mm
    @(141.0272 mm, 122.6872 mm): Via [GND] on Top Layer - Bottom Layer
[clearance]: Clearance violation ( clearance 0.1000 mm; actual 0.0925 mm)
    Local override; error
    @(153.6000 mm, 145.0000 mm): Pad 7 [unconnected-(J5-Pin_7-Pad7)] of J5 on Top Layer
    @(153.8263 mm, 145.4237 mm): Track [Net-(J5-Pin_9)] on Top Layer, length 0.4301 mm
[clearance]: Clearance violation ( clearance 0.1000 mm; actual 0.0994 mm)
    Local override; error
    @(151.1637 mm, 60.9022 mm): Track [USB_DN] on Top Layer, length 0.0201 mm
    @(151.0642 mm, 60.6979 mm): Track [USB_DP] on Top Layer, length 0.0368 mm
[hole_clearance]: Hole clearance violation (board setup constraints hole clearance 0.2500 mm; actual 0.2076 mm)
    Rule: board setup constraints hole; error
    @(123.9810 mm, 92.7742 mm): Track [SD2_VDD] on Bottom Layer, length 3.3162 mm
    @(124.3082 mm, 89.5460 mm): Via [SD2_DAT1] on Top Layer - Bottom Layer
[clearance]: Clearance violation ( clearance 0.1000 mm; actual 0.0972 mm)
    Local override; error
    @(119.7548 mm, 143.3952 mm): Track [+3.7VBAT] on Top Layer, length 0.3853 mm
    @(119.9297 mm, 143.1261 mm): Via [+3.3V] on Top Layer - Bottom Layer
[hole_clearance]: Hole clearance violation (board setup constraints hole clearance 0.2500 mm; actual 0.1507 mm)
    Rule: board setup constraints hole; error
    @(124.7290 mm, 89.5051 mm): Track [SD2_DAT1] on Top Layer, length 0.2341 mm
    @(124.7870 mm, 89.7691 mm): Via [/AUDIO_DATA_OUT] on Top Layer - Bottom Layer
[hole_clearance]: Hole clearance violation (board setup constraints hole clearance 0.2500 mm; actual 0.1841 mm)
    Rule: board setup constraints hole; error
    @(123.1291 mm, 88.6334 mm): Pad 71 [unconnected-(MCM93_MOD1C-1-Pad71)] of MCM93_MOD1 on Top Layer
    @(123.4399 mm, 89.5301 mm): Via [SD2_DAT0] on Top Layer - Bottom Layer
[hole_clearance]: Hole clearance violation (board setup constraints hole clearance 0.2500 mm; actual 0.2359 mm)
    Rule: board setup constraints hole; error
    @(137.4500 mm, 147.7650 mm): Pad A6 [USB_DP] of J1 on Top Layer
    @(137.0765 mm, 148.7062 mm): Via [USB_DN] on Top Layer - Bottom Layer
[hole_clearance]: Hole clearance violation (board setup constraints hole clearance 0.2500 mm; actual 0.2324 mm)
    Rule: board setup constraints hole; error
    @(146.5418 mm, 116.8177 mm): Track [Net-(D5-A)] on Top Layer, length 0.6481 mm
    @(145.9848 mm, 116.7586 mm): Via [GND] on Top Layer - Bottom Layer
[clearance]: Clearance violation ( clearance 0.1000 mm; actual 0.0969 mm)
    Local override; error
    @(126.5784 mm, 90.0059 mm): Via [SDIO_2] on Top Layer - Bottom Layer
    @(126.2952 mm, 95.6360 mm): Track [/DSI_D1_P] on Bottom Layer, length 9.0430 mm
[clearance]: Clearance violation ( clearance 0.1000 mm; actual 0.0924 mm)
    Local override; error
    @(110.9394 mm, 143.8980 mm): Track [+3.7VBAT] on Top Layer, length 2.9661 mm
    @(112.8913 mm, 146.2161 mm): Via [/DSI_CLK_P] on Top Layer - Bottom Layer
[clearance]: Clearance violation ( clearance 0.1000 mm; actual 0.0971 mm)
    Local override; error
    @(123.4399 mm, 89.5301 mm): Via [SD2_DAT0] on Top Layer - Bottom Layer
    @(123.7233 mm, 92.7376 mm): Track [/DSI_CLK_P] on Bottom Layer, length 3.3357 mm
[clearance]: Clearance violation ( clearance 0.1000 mm; actual 0.0938 mm)
    Local override; error
    @(119.6493 mm, 88.8384 mm): Track [SDIO_2] on Top Layer, length 0.2806 mm
    @(119.5190 mm, 89.1019 mm): Via [/DSI_D3_P] on Top Layer - Bottom Layer
[clearance]: Clearance violation ( clearance 0.1000 mm; actual 0.0917 mm)
    Local override; error
    @(129.1291 mm, 62.5954 mm): Pad G6 [GND] of MCM93_MOD1 on Top Layer
    @(128.4174 mm, 60.7786 mm): Via [/DSI_D0_N] on Top Layer - Bottom Layer
[clearance]: Clearance violation ( clearance 0.1000 mm; actual 0.0915 mm)
    Local override; error
    @(138.7900 mm, 32.2910 mm): Track [+3.3V] on Top Layer, length 0.2892 mm
    @(139.0000 mm, 32.8300 mm): Pad 11 [GND] of J3 on Top Layer
[clearance]: Clearance violation ( clearance 0.1000 mm; actual 0.0966 mm)
    Local override; error
    @(153.2000 mm, 148.0800 mm): Pad 6 [unconnected-(J5-Pin_6-Pad6)] of J5 on Top Layer
    @(153.4412 mm, 147.3312 mm): Track [Net-(J5-Pin_8)] on Top Layer, length 0.6900 mm
[clearance]: Clearance violation ( clearance 0.1000 mm; actual 0.0922 mm)
    Local override; error
    @(122.6564 mm, 89.8386 mm): Track [/AUDIO_DATA_OUT] on Top Layer, length 3.2721 mm
    @(120.8313 mm, 87.7570 mm): Track [SD2_DAT2] on Top Layer, length 1.4944 mm
[clearance]: Clearance violation ( clearance 0.1000 mm; actual 0.0966 mm)
    Local override; error
    @(153.4412 mm, 148.0212 mm): Track [Net-(J5-Pin_8)] on Top Layer, length 0.0832 mm
    @(153.2000 mm, 148.0800 mm): Pad 6 [unconnected-(J5-Pin_6-Pad6)] of J5 on Top Layer
[clearance]: Clearance violation ( clearance 0.1000 mm; actual 0.0967 mm)
    Local override; error
    @(150.9607 mm, 60.9126 mm): Track [USB_DN] on Top Layer, length 0.0171 mm
    @(150.9852 mm, 60.6819 mm): Track [USB_DP] on Top Layer, length 0.0000 mm
[clearance]: Clearance violation ( clearance 0.1000 mm; actual 0.0957 mm)
    Local override; error
    @(115.9248 mm, 132.2594 mm): Track [REG_ON_WL] on Bottom Layer, length 7.9549 mm
    @(116.0288 mm, 131.9881 mm): Via [/DSI_D2_N] on Top Layer - Bottom Layer
[clearance]: Clearance violation ( clearance 0.1000 mm; actual 0.0922 mm)
    Local override; error
    @(123.4334 mm, 102.0015 mm): Track [/DSI_CLK_P] on Bottom Layer, length 8.9739 mm
    @(123.7120 mm, 96.3594 mm): Via [SD2_VDD] on Top Layer - Bottom Layer
[clearance]: Clearance violation ( clearance 0.1000 mm; actual 0.0922 mm)
    Local override; error
    @(122.6564 mm, 89.8386 mm): Track [/AUDIO_DATA_OUT] on Top Layer, length 3.2721 mm
    @(121.8879 mm, 88.8137 mm): Track [SD2_DAT2] on Top Layer, length 0.2036 mm
[clearance]: Clearance violation ( clearance 0.1000 mm; actual 0.0963 mm)
    Local override; error
    @(126.9247 mm, 79.2729 mm): Track [/DSI_D1_N] on Bottom Layer, length 6.5341 mm
    @(125.5050 mm, 77.6288 mm): Track [/DSI_D0_P] on Bottom Layer, length 1.6985 mm
[clearance]: Clearance violation ( clearance 0.1000 mm; actual 0.0963 mm)
    Local override; error
    @(126.7061 mm, 76.4278 mm): Track [/DSI_D0_P] on Bottom Layer, length 13.2888 mm
    @(126.9247 mm, 79.2729 mm): Track [/DSI_D1_N] on Bottom Layer, length 6.5341 mm
[clearance]: Clearance violation ( clearance 0.1000 mm; actual 0.0933 mm)
    Local override; error
    @(150.9607 mm, 60.9126 mm): Track [USB_DN] on Top Layer, length 0.0171 mm
    @(150.9852 mm, 60.6819 mm): Track [USB_DP] on Top Layer, length 0.0785 mm
[clearance]: Clearance violation ( clearance 0.1000 mm; actual 0.0959 mm)
    Local override; error
    @(116.1969 mm, 102.1703 mm): Track [SD2_CLK] on Top Layer, length 0.1197 mm
    @(115.8563 mm, 102.1839 mm): Via [SD2_DAT3] on Top Layer - Bottom Layer
[clearance]: Clearance violation ( clearance 0.1000 mm; actual 0.0949 mm)
    Local override; error
    @(133.5290 mm, 42.0406 mm): Track [/CSI_D1_N] on Top Layer, length 7.4181 mm
    @(140.2000 mm, 35.6769 mm): Track [/CSI_D0_N] on Top Layer, length 7.4587 mm
[clearance]: Clearance violation ( clearance 0.1000 mm; actual 0.0911 mm)
    Local override; error
    @(129.4059 mm, 136.7749 mm): Track [+3.3V] on Top Layer, length 0.4718 mm
    @(129.3248 mm, 137.0679 mm): Via [Net-(J5-Pin_9)] on Top Layer - Bottom Layer
[clearance]: Clearance violation ( clearance 0.1000 mm; actual 0.0959 mm)
    Local override; error
    @(116.1122 mm, 102.2549 mm): Track [SD2_CLK] on Top Layer, length 0.9623 mm
    @(115.8563 mm, 102.1839 mm): Via [SD2_DAT3] on Top Layer - Bottom Layer
[clearance]: Clearance violation ( clearance 0.1000 mm; actual 0.0970 mm)
    Local override; error
    @(150.9607 mm, 60.9126 mm): Track [USB_DN] on Top Layer, length 0.0171 mm
    @(150.9067 mm, 60.6835 mm): Track [USB_DP] on Top Layer, length 0.2417 mm
[clearance]: Clearance violation ( clearance 0.1000 mm; actual 0.0911 mm)
    Local override; error
    @(150.1262 mm, 106.0083 mm): Pad 7 [+5V] of U3 on Top Layer
    @(150.7758 mm, 106.1880 mm): Track [Power Good] on Top Layer, length 0.3026 mm
[clearance]: Clearance violation ( clearance 0.1000 mm; actual 0.0954 mm)
    Local override; error
    @(154.5260 mm, 110.9430 mm): Track [Net-(U4-EN)] on Top Layer, length 0.3718 mm
    @(155.0283 mm, 111.3198 mm): Via [GND] on Top Layer - Bottom Layer
[clearance]: Clearance violation ( clearance 0.1000 mm; actual 0.0993 mm)
    Local override; error
    @(113.0367 mm, 145.9954 mm): Track [+3.7VBAT] on Top Layer, length 0.3088 mm
    @(113.1208 mm, 145.8064 mm): Track [+3.3V] on Top Layer, length 0.3063 mm
[clearance]: Clearance violation ( clearance 0.1000 mm; actual 0.0911 mm)
    Local override; error
    @(150.1262 mm, 106.0083 mm): Pad 7 [+5V] of U3 on Top Layer
    @(150.5618 mm, 105.9741 mm): Track [Power Good] on Top Layer, length 0.2030 mm
[clearance]: Clearance violation ( clearance 0.1000 mm; actual 0.0937 mm)
    Local override; error
    @(113.2850 mm, 146.1790 mm): Track [+3.7VBAT] on Top Layer, length 0.1869 mm
    @(113.3615 mm, 145.9959 mm): Track [+3.3V] on Top Layer, length 0.0390 mm
[clearance]: Clearance violation ( clearance 0.1000 mm; actual 0.0933 mm)
    Local override; error
    @(123.6003 mm, 115.4132 mm): Track [SDIO_3] on Bottom Layer, length 6.6368 mm
    @(127.4489 mm, 111.1927 mm): Via [REG_ON_BL] on Top Layer - Bottom Layer
[clearance]: Clearance violation ( clearance 0.1000 mm; actual 0.0918 mm)
    Local override; error
    @(107.9534 mm, 124.1881 mm): Via [GND] on Top Layer - Bottom Layer
    @(107.4236 mm, 123.9638 mm): Track [/I2C3_SCL] on Bottom Layer, length 0.3858 mm
[clearance]: Clearance violation ( clearance 0.1000 mm; actual 0.0933 mm)
    Local override; error
    @(137.8750 mm, 147.9825 mm): Track [USB_DN] on Top Layer, length 0.2060 mm
    @(137.5250 mm, 147.9825 mm): Track [USB_DP] on Top Layer, length 0.2060 mm
[clearance]: Clearance violation ( clearance 0.1000 mm; actual 0.0933 mm)
    Local override; error
    @(137.5922 mm, 148.4900 mm): Track [USB_DP] on Top Layer, length 0.0002 mm
    @(137.8078 mm, 148.1773 mm): Track [USB_DN] on Top Layer, length 0.3126 mm
[clearance]: Clearance violation ( clearance 0.1000 mm; actual 0.0933 mm)
    Local override; error
    @(137.8078 mm, 148.4899 mm): Track [USB_DN] on Top Layer, length 0.2583 mm
    @(137.5922 mm, 148.4900 mm): Track [USB_DP] on Top Layer, length 0.0002 mm
[clearance]: Clearance violation ( clearance 0.1000 mm; actual 0.0991 mm)
    Local override; error
    @(126.9247 mm, 79.2729 mm): Track [/DSI_D1_N] on Bottom Layer, length 6.5341 mm
    @(127.1461 mm, 79.4155 mm): Track [/DSI_CLK_P] on Bottom Layer, length 3.0645 mm
[clearance]: Clearance violation ( clearance 0.1000 mm; actual 0.0911 mm)
    Local override; error
    @(119.7356 mm, 97.2180 mm): Via [SD2_CD_B] on Top Layer - Bottom Layer
    @(119.6237 mm, 97.6689 mm): Track [/DSI_D3_P] on Top Layer, length 0.5332 mm
[clearance]: Clearance violation ( clearance 0.1000 mm; actual 0.0966 mm)
    Local override; error
    @(117.7588 mm, 147.3312 mm): Track [/I2C3_SDA] on Top Layer, length 0.6900 mm
    @(118.0000 mm, 148.0800 mm): Pad 24 [+5V] of J4 on Top Layer
[clearance]: Clearance violation ( clearance 0.1000 mm; actual 0.0991 mm)
    Local override; error
    @(126.9247 mm, 79.2729 mm): Track [/DSI_D1_N] on Bottom Layer, length 6.5341 mm
    @(127.1461 mm, 76.3510 mm): Track [/DSI_CLK_P] on Bottom Layer, length 5.8509 mm
[clearance]: Clearance violation ( clearance 0.1000 mm; actual 0.0933 mm)
    Local override; error
    @(137.5922 mm, 148.4902 mm): Track [USB_DP] on Top Layer, length 0.2585 mm
    @(137.8084 mm, 148.7482 mm): Track [USB_DN] on Top Layer, length 0.0000 mm
[clearance]: Clearance violation ( clearance 0.1000 mm; actual 0.0966 mm)
    Local override; error
    @(117.7588 mm, 148.0212 mm): Track [/I2C3_SDA] on Top Layer, length 0.0832 mm
    @(118.0000 mm, 148.0800 mm): Pad 24 [+5V] of J4 on Top Layer
[clearance]: Clearance violation ( clearance 0.1000 mm; actual 0.0933 mm)
    Local override; error
    @(137.5922 mm, 148.4902 mm): Track [USB_DP] on Top Layer, length 0.2585 mm
    @(137.8084 mm, 148.7482 mm): Track [USB_DN] on Top Layer, length 0.0734 mm
[clearance]: Clearance violation ( clearance 0.1000 mm; actual 0.0918 mm)
    Local override; error
    @(107.9534 mm, 124.1881 mm): Via [GND] on Top Layer - Bottom Layer
    @(107.6964 mm, 124.2366 mm): Track [/I2C3_SCL] on Bottom Layer, length 7.3065 mm
[clearance]: Clearance violation ( clearance 0.1000 mm; actual 0.0933 mm)
    Local override; error
    @(137.5927 mm, 148.7487 mm): Track [USB_DP] on Top Layer, length 0.1179 mm
    @(137.8086 mm, 148.8216 mm): Track [USB_DN] on Top Layer, length 1.5261 mm
[clearance]: Clearance violation ( clearance 0.1000 mm; actual 0.0974 mm)
    Local override; error
    @(150.1262 mm, 105.3583 mm): Pad 6 [+3.7VBAT] of U3 on Top Layer
    @(149.8002 mm, 105.6830 mm): Track [Power Good] on Top Layer, length 0.6264 mm
[clearance]: Clearance violation ( clearance 0.1000 mm; actual 0.0933 mm)
    Local override; error
    @(138.8877 mm, 149.9007 mm): Track [USB_DN] on Top Layer, length 3.7318 mm
    @(137.6246 mm, 148.9426 mm): Track [USB_DP] on Top Layer, length 1.6153 mm
[clearance]: Clearance violation ( clearance 0.1000 mm; actual 0.0933 mm)
    Local override; error
    @(142.6194 mm, 149.9007 mm): Track [USB_DN] on Top Layer, length 0.5650 mm
    @(138.8430 mm, 150.1164 mm): Track [USB_DP] on Top Layer, length 3.8211 mm
[clearance]: Clearance violation ( clearance 0.1000 mm; actual 0.0933 mm)
    Local override; error
    @(143.2346 mm, 130.6347 mm): Track [USB_DP] on Top Layer, length 9.8255 mm
    @(143.0190 mm, 149.5012 mm): Track [USB_DN] on Top Layer, length 18.9111 mm
[clearance]: Clearance violation ( clearance 0.1000 mm; actual 0.0979 mm)
    Local override; error
    @(143.2346 mm, 130.6347 mm): Track [USB_DP] on Top Layer, length 9.8255 mm
    @(143.0190 mm, 130.5900 mm): Track [USB_DN] on Top Layer, length 0.0421 mm
[clearance]: Clearance violation ( clearance 0.1000 mm; actual 0.0979 mm)
    Local override; error
    @(143.2346 mm, 130.6347 mm): Track [USB_DP] on Top Layer, length 9.8255 mm
    @(143.0272 mm, 130.5488 mm): Track [USB_DN] on Top Layer, length 0.0421 mm
[clearance]: Clearance violation ( clearance 0.1000 mm; actual 0.0979 mm)
    Local override; error
    @(150.1823 mm, 123.6871 mm): Track [USB_DP] on Top Layer, length 0.0421 mm
    @(143.0505 mm, 130.5138 mm): Track [USB_DN] on Top Layer, length 9.8255 mm
[clearance]: Clearance violation ( clearance 0.1000 mm; actual 0.0933 mm)
    Local override; error
    @(149.9982 mm, 123.5661 mm): Track [USB_DN] on Top Layer, length 5.8111 mm
    @(150.2139 mm, 123.6108 mm): Track [USB_DP] on Top Layer, length 5.8111 mm
[clearance]: Clearance violation ( clearance 0.1000 mm; actual 0.0979 mm)
    Local override; error
    @(149.9982 mm, 117.7550 mm): Track [USB_DN] on Top Layer, length 0.0421 mm
    @(150.2139 mm, 123.6108 mm): Track [USB_DP] on Top Layer, length 5.8111 mm
[clearance]: Clearance violation ( clearance 0.1000 mm; actual 0.0979 mm)
    Local override; error
    @(150.0064 mm, 117.7137 mm): Track [USB_DN] on Top Layer, length 0.0421 mm
    @(150.2139 mm, 123.6108 mm): Track [USB_DP] on Top Layer, length 5.8111 mm
[clearance]: Clearance violation ( clearance 0.1000 mm; actual 0.0933 mm)
    Local override; error
    @(150.0298 mm, 117.6787 mm): Track [USB_DN] on Top Layer, length 3.4759 mm
    @(150.2139 mm, 123.6108 mm): Track [USB_DP] on Top Layer, length 5.8111 mm
[clearance]: Clearance violation ( clearance 0.1000 mm; actual 0.0933 mm)
    Local override; error
    @(152.4876 mm, 115.2209 mm): Track [USB_DN] on Top Layer, length 5.6041 mm
    @(150.2139 mm, 117.7997 mm): Track [USB_DP] on Top Layer, length 3.4759 mm
[clearance]: Clearance violation ( clearance 0.1000 mm; actual 0.0979 mm)
    Local override; error
    @(152.4876 mm, 109.6167 mm): Track [USB_DN] on Top Layer, length 0.0421 mm
    @(152.7033 mm, 115.2656 mm): Track [USB_DP] on Top Layer, length 5.6041 mm
[clearance]: Clearance violation ( clearance 0.1000 mm; actual 0.0979 mm)
    Local override; error
    @(152.4958 mm, 109.5755 mm): Track [USB_DN] on Top Layer, length 0.0421 mm
    @(152.7033 mm, 115.2656 mm): Track [USB_DP] on Top Layer, length 5.6041 mm
[clearance]: Clearance violation ( clearance 0.1000 mm; actual 0.0933 mm)
    Local override; error
    @(152.5192 mm, 109.5405 mm): Track [USB_DN] on Top Layer, length 0.3193 mm
    @(152.7033 mm, 115.2656 mm): Track [USB_DP] on Top Layer, length 5.6041 mm
[clearance]: Clearance violation ( clearance 0.1000 mm; actual 0.0987 mm)
    Local override; error
    @(123.9291 mm, 88.6334 mm): Pad 72 [SD2_DAT0] of MCM93_MOD1 on Top Layer
    @(123.6415 mm, 87.7721 mm): Via [SDIO_CMD] on Top Layer - Bottom Layer
[clearance]: Clearance violation ( clearance 0.1000 mm; actual 0.0925 mm)
    Local override; error
    @(123.9203 mm, 88.1101 mm): Track [/DSI_D1_N] on Bottom Layer, length 2.7734 mm
    @(123.6415 mm, 87.7721 mm): Via [SDIO_CMD] on Top Layer - Bottom Layer
[clearance]: Clearance violation ( clearance 0.1000 mm; actual 0.0954 mm)
    Local override; error
    @(154.7889 mm, 111.2059 mm): Track [Net-(U4-EN)] on Top Layer, length 0.2411 mm
    @(155.0283 mm, 111.3198 mm): Via [GND] on Top Layer - Bottom Layer
[clearance]: Clearance violation ( clearance 0.1000 mm; actual 0.0933 mm)
    Local override; error
    @(152.7450 mm, 109.3147 mm): Track [USB_DN] on Top Layer, length 2.8051 mm
    @(152.7033 mm, 109.6614 mm): Track [USB_DP] on Top Layer, length 0.3193 mm
[clearance]: Clearance violation ( clearance 0.1000 mm; actual 0.0921 mm)
    Local override; error
    @(118.2388 mm, 145.7921 mm): Track [+3.7VBAT] on Top Layer, length 0.7308 mm
    @(118.0000 mm, 145.0000 mm): Pad 23 [+3.3V] of J4 on Top Layer
[clearance]: Clearance violation ( clearance 0.1000 mm; actual 0.0921 mm)
    Local override; error
    @(118.2388 mm, 145.0612 mm): Track [+3.7VBAT] on Top Layer, length 0.0866 mm
    @(118.0000 mm, 145.0000 mm): Pad 23 [+3.3V] of J4 on Top Layer
[clearance]: Clearance violation ( clearance 0.1000 mm; actual 0.0933 mm)
    Local override; error
    @(152.9607 mm, 109.3594 mm): Track [USB_DP] on Top Layer, length 2.8944 mm
    @(152.7450 mm, 106.5096 mm): Track [USB_DN] on Top Layer, length 0.1521 mm
[clearance]: Clearance violation ( clearance 0.1000 mm; actual 0.0979 mm)
    Local override; error
    @(152.9291 mm, 106.3887 mm): Track [USB_DP] on Top Layer, length 0.1521 mm
    @(152.6375 mm, 106.4021 mm): Track [USB_DN] on Top Layer, length 0.0421 mm
[clearance]: Clearance violation ( clearance 0.1000 mm; actual 0.0979 mm)
    Local override; error
    @(152.9291 mm, 106.3887 mm): Track [USB_DP] on Top Layer, length 0.1521 mm
    @(152.6141 mm, 106.3671 mm): Track [USB_DN] on Top Layer, length 0.0421 mm
[clearance]: Clearance violation ( clearance 0.1000 mm; actual 0.0933 mm)
    Local override; error
    @(152.8216 mm, 104.1944 mm): Track [USB_DP] on Top Layer, length 1.3873 mm
    @(152.6059 mm, 106.3258 mm): Track [USB_DN] on Top Layer, length 2.1760 mm
[clearance]: Clearance violation ( clearance 0.1000 mm; actual 0.0979 mm)
    Local override; error
    @(152.6059 mm, 104.1498 mm): Track [USB_DN] on Top Layer, length 0.0421 mm
    @(152.8216 mm, 104.1944 mm): Track [USB_DP] on Top Layer, length 1.3873 mm
[clearance]: Clearance violation ( clearance 0.1000 mm; actual 0.0979 mm)
    Local override; error
    @(152.6141 mm, 104.1085 mm): Track [USB_DN] on Top Layer, length 0.0421 mm
    @(152.8216 mm, 104.1944 mm): Track [USB_DP] on Top Layer, length 1.3873 mm
[clearance]: Clearance violation ( clearance 0.1000 mm; actual 0.0991 mm)
    Local override; error
    @(127.1461 mm, 79.4155 mm): Track [/DSI_CLK_P] on Bottom Layer, length 3.0645 mm
    @(125.7391 mm, 80.4585 mm): Track [/DSI_D1_N] on Bottom Layer, length 1.6766 mm
[clearance]: Clearance violation ( clearance 0.1000 mm; actual 0.0963 mm)
    Local override; error
    @(126.7061 mm, 76.4278 mm): Track [/DSI_D0_P] on Bottom Layer, length 13.2888 mm
    @(126.9247 mm, 72.7388 mm): Track [/DSI_D1_N] on Bottom Layer, length 4.0182 mm
[clearance]: Clearance violation ( clearance 0.1000 mm; actual 0.0933 mm)
    Local override; error
    @(153.8341 mm, 103.1372 mm): Track [USB_DP] on Top Layer, length 1.6444 mm
    @(152.6375 mm, 104.0735 mm): Track [USB_DN] on Top Layer, length 1.3873 mm
[clearance]: Clearance violation ( clearance 0.1000 mm; actual 0.0933 mm)
    Local override; error
    @(153.8341 mm, 101.4928 mm): Track [USB_DP] on Top Layer, length 1.6202 mm
    @(153.6184 mm, 103.0925 mm): Track [USB_DN] on Top Layer, length 1.6444 mm
[clearance]: Clearance violation ( clearance 0.1000 mm; actual 0.0979 mm)
    Local override; error
    @(153.8341 mm, 101.4928 mm): Track [USB_DP] on Top Layer, length 1.6202 mm
    @(153.6184 mm, 101.4481 mm): Track [USB_DN] on Top Layer, length 0.0421 mm
[clearance]: Clearance violation ( clearance 0.1000 mm; actual 0.0969 mm)
    Local override; error
    @(119.0813 mm, 144.4687 mm): Track [RST] on Top Layer, length 0.3979 mm
    @(119.2000 mm, 145.0000 mm): Pad 29 [unconnected-(J4-Pin_29-Pad29)] of J4 on Top Layer
[clearance]: Clearance violation ( clearance 0.1000 mm; actual 0.0949 mm)
    Local override; error
    @(121.5812 mm, 88.5022 mm): Track [/DSI_D0_N] on Bottom Layer, length 0.8193 mm
    @(122.3986 mm, 86.5581 mm): Track [/DSI_D3_N] on Bottom Layer, length 1.4252 mm
[clearance]: Clearance violation ( clearance 0.1000 mm; actual 0.0949 mm)
    Local override; error
    @(122.3986 mm, 86.5581 mm): Track [/DSI_D3_N] on Bottom Layer, length 1.4252 mm
    @(121.5812 mm, 87.6829 mm): Track [/DSI_D0_N] on Bottom Layer, length 1.6762 mm
[clearance]: Clearance violation ( clearance 0.1000 mm; actual 0.0935 mm)
    Local override; error
    @(126.3350 mm, 60.4408 mm): Track [/DSI_D3_N] on Bottom Layer, length 0.4072 mm
    @(126.0395 mm, 60.4526 mm): Via [/DSI_D2_N] on Top Layer - Bottom Layer
[clearance]: Clearance violation ( clearance 0.1000 mm; actual 0.0956 mm)
    Local override; error
    @(130.6955 mm, 91.3146 mm): Track [SDIO_1] on Top Layer, length 8.3032 mm
    @(125.2272 mm, 92.7590 mm): Track [BT_UART_RTS_N] on Top Layer, length 1.7816 mm
[clearance]: Clearance violation ( clearance 0.1000 mm; actual 0.0950 mm)
    Local override; error
    @(122.3986 mm, 78.1443 mm): Track [/DSI_D3_N] on Bottom Layer, length 8.4139 mm
    @(121.5812 mm, 87.6829 mm): Track [/DSI_D0_N] on Bottom Layer, length 1.6762 mm
[clearance]: Clearance violation ( clearance 0.1000 mm; actual 0.0956 mm)
    Local override; error
    @(123.9674 mm, 91.4993 mm): Track [BT_UART_RTS_N] on Top Layer, length 1.2218 mm
    @(130.6955 mm, 91.3146 mm): Track [SDIO_1] on Top Layer, length 8.3032 mm
[clearance]: Clearance violation ( clearance 0.1000 mm; actual 0.0963 mm)
    Local override; error
    @(151.4983 mm, 106.0080 mm): Track [+3.7VBAT] on Top Layer, length 0.9192 mm
    @(151.0262 mm, 106.1883 mm): Pad 8 [Power Good] of U3 on Top Layer
[clearance]: Clearance violation ( clearance 0.1000 mm; actual 0.0934 mm)
    Local override; error
    @(121.1146 mm, 87.5225 mm): Via [SD2_CMD] on Top Layer - Bottom Layer
    @(122.3986 mm, 86.5581 mm): Track [/DSI_D3_N] on Bottom Layer, length 1.4252 mm
[clearance]: Clearance violation ( clearance 0.1000 mm; actual 0.0956 mm)
    Local override; error
    @(122.7456 mm, 91.4993 mm): Track [BT_UART_RTS_N] on Top Layer, length 0.3278 mm
    @(130.6955 mm, 91.3146 mm): Track [SDIO_1] on Top Layer, length 8.3032 mm
[clearance]: Clearance violation ( clearance 0.1000 mm; actual 0.0911 mm)
    Local override; error
    @(121.1146 mm, 87.5225 mm): Via [SD2_CMD] on Top Layer - Bottom Layer
    @(121.3908 mm, 87.5659 mm): Track [/DSI_D3_N] on Bottom Layer, length 0.5009 mm
[clearance]: Clearance violation ( clearance 0.1000 mm; actual 0.0960 mm)
    Local override; error
    @(119.8301 mm, 115.9415 mm): Track [SDIO_CLK] on Top Layer, length 3.0934 mm
    @(121.6156 mm, 113.8942 mm): Track [BT_UART_RTS_N] on Top Layer, length 1.5147 mm
[clearance]: Clearance violation ( clearance 0.1000 mm; actual 0.0987 mm)
    Local override; error
    @(117.8787 mm, 98.4811 mm): Track [SD2_CMD] on Top Layer, length 0.4372 mm
    @(117.8049 mm, 98.9917 mm): Via [SD2_CD_B] on Top Layer - Bottom Layer
[clearance]: Clearance violation ( clearance 0.1000 mm; actual 0.0931 mm)
    Local override; error
    @(156.0262 mm, 109.3632 mm): Pad 15 [GND] of U4 on Top Layer
    @(155.7985 mm, 110.3555 mm): Track [+3.7VBAT] on Top Layer, length 0.0813 mm
[clearance]: Clearance violation ( clearance 0.1000 mm; actual 0.0960 mm)
    Local override; error
    @(121.6156 mm, 101.2415 mm): Track [BT_UART_RTS_N] on Top Layer, length 12.6527 mm
    @(119.8301 mm, 115.9415 mm): Track [SDIO_CLK] on Top Layer, length 3.0934 mm
[clearance]: Clearance violation ( clearance 0.1000 mm; actual 0.0910 mm)
    Local override; error
    @(143.4553 mm, 87.2115 mm): Via [CAM_I2C_SDA] on Top Layer - Bottom Layer
    @(144.3291 mm, 85.3954 mm): Pad G18 [GND] of MCM93_MOD1 on Top Layer
[clearance]: Clearance violation ( clearance 0.1000 mm; actual 0.0960 mm)
    Local override; error
    @(119.8301 mm, 115.9415 mm): Track [SDIO_CLK] on Top Layer, length 3.0934 mm
    @(120.5445 mm, 114.9653 mm): Track [BT_UART_RTS_N] on Top Layer, length 3.4838 mm
[clearance]: Clearance violation ( clearance 0.1000 mm; actual 0.0921 mm)
    Local override; error
    @(139.1849 mm, 146.8149 mm): Via [Net-(J1-CC2)] on Top Layer - Bottom Layer
    @(139.3631 mm, 146.5531 mm): Track [Net-(U5-CE)] on Top Layer, length 3.3261 mm
[clearance]: Clearance violation ( clearance 0.1000 mm; actual 0.0931 mm)
    Local override; error
    @(156.0262 mm, 109.3632 mm): Pad 15 [GND] of U4 on Top Layer
    @(155.7410 mm, 110.2980 mm): Track [+3.7VBAT] on Top Layer, length 1.7350 mm
[clearance]: Clearance violation ( clearance 0.1000 mm; actual 0.0916 mm)
    Local override; error
    @(149.9458 mm, 85.3570 mm): Via [SDIO_3] on Top Layer - Bottom Layer
    @(148.1291 mm, 85.3954 mm): Pad G19 [GND] of MCM93_MOD1 on Top Layer
[clearance]: Clearance violation ( clearance 0.1000 mm; actual 0.0961 mm)
    Local override; error
    @(113.4750 mm, 119.1875 mm): Pad 21 [GND] of U6 on Top Layer
    @(117.0607 mm, 114.9653 mm): Track [BT_UART_RTS_N] on Top Layer, length 5.6367 mm
[clearance]: Clearance violation ( clearance 0.1000 mm; actual 0.0984 mm)
    Local override; error
    @(125.8243 mm, 60.1494 mm): Track [/DSI_D2_P] on Top Layer, length 0.2742 mm
    @(126.0395 mm, 60.4526 mm): Track [/DSI_D2_N] on Top Layer, length 0.1185 mm
[clearance]: Clearance violation ( clearance 0.1000 mm; actual 0.0984 mm)
    Local override; error
    @(126.1233 mm, 60.3688 mm): Track [/DSI_D2_N] on Top Layer, length 0.9538 mm
    @(125.8243 mm, 60.1494 mm): Track [/DSI_D2_P] on Top Layer, length 0.2742 mm
[clearance]: Clearance violation ( clearance 0.1000 mm; actual 0.0913 mm)
    Local override; error
    @(119.9297 mm, 143.1261 mm): Via [+3.3V] on Top Layer - Bottom Layer
    @(120.1401 mm, 143.3952 mm): Via [+3.7VBAT] on Top Layer - Bottom Layer
[clearance]: Clearance violation ( clearance 0.1000 mm; actual 0.0931 mm)
    Local override; error
    @(156.0262 mm, 109.3632 mm): Pad 15 [GND] of U4 on Top Layer
    @(154.0061 mm, 110.2980 mm): Track [+3.7VBAT] on Top Layer, length 0.1984 mm
[clearance]: Clearance violation ( clearance 0.1000 mm; actual 0.0911 mm)
    Local override; error
    @(118.4535 mm, 95.4633 mm): Track [/DSI_D3_N] on Bottom Layer, length 0.5291 mm
    @(118.1499 mm, 95.5062 mm): Via [SD2_CMD] on Top Layer - Bottom Layer
[clearance]: Clearance violation ( clearance 0.1000 mm; actual 0.0926 mm)
    Local override; error
    @(121.2289 mm, 85.2070 mm): Via [SD2_DAT3] on Top Layer - Bottom Layer
    @(121.5078 mm, 85.5110 mm): Track [/DSI_D3_P] on Bottom Layer, length 16.2853 mm
[clearance]: Clearance violation ( clearance 0.1000 mm; actual 0.0985 mm)
    Local override; error
    @(152.2111 mm, 108.4918 mm): Via [+3.7VBAT] on Top Layer - Bottom Layer
    @(152.4997 mm, 108.5825 mm): Track [Net-(U3-SW)] on Top Layer, length 0.2738 mm
[clearance]: Clearance violation ( clearance 0.1000 mm; actual 0.0925 mm)
    Local override; error
    @(143.2762 mm, 122.6105 mm): Pad 9 [GND] of U5 on Top Layer
    @(144.8626 mm, 121.3345 mm): Track [Net-(U5-CE)] on Top Layer, length 0.3455 mm
[clearance]: Clearance violation ( clearance 0.1000 mm; actual 0.0925 mm)
    Local override; error
    @(143.2762 mm, 122.6105 mm): Pad 9 [GND] of U5 on Top Layer
    @(144.6183 mm, 121.5789 mm): Track [Net-(U5-CE)] on Top Layer, length 2.7486 mm
[clearance]: Clearance violation ( clearance 0.1000 mm; actual 0.0966 mm)
    Local override; error
    @(146.9242 mm, 119.2121 mm): Track [Net-(D5-A)] on Top Layer, length 2.3241 mm
    @(146.0831 mm, 117.4888 mm): Pad 1 [GND] of D5 on Top Layer
[clearance]: Clearance violation ( clearance 0.1000 mm; actual 0.0947 mm)
    Local override; error
    @(118.0000 mm, 144.7500 mm): Track [+3.3V] on Top Layer, length 0.4063 mm
    @(118.4000 mm, 145.0000 mm): Pad 25 [+3.7VBAT] of J4 on Top Layer
[clearance]: Clearance violation ( clearance 0.1000 mm; actual 0.0923 mm)
    Local override; error
    @(125.3216 mm, 60.6521 mm): Track [/DSI_D2_P] on Top Layer, length 0.7110 mm
    @(125.5291 mm, 59.3584 mm): Pad 32 [/DSI_D3_N] of MCM93_MOD1 on Top Layer
[clearance]: Clearance violation ( clearance 0.1000 mm; actual 0.0923 mm)
    Local override; error
    @(125.8243 mm, 60.1494 mm): Track [/DSI_D2_P] on Top Layer, length 0.2742 mm
    @(125.5291 mm, 59.3584 mm): Pad 32 [/DSI_D3_N] of MCM93_MOD1 on Top Layer
[clearance]: Clearance violation ( clearance 0.1000 mm; actual 0.0984 mm)
    Local override; error
    @(126.0985 mm, 60.1494 mm): Track [/DSI_D2_P] on Top Layer, length 0.2169 mm
    @(126.0395 mm, 60.4526 mm): Track [/DSI_D2_N] on Top Layer, length 0.1185 mm
[shorting_items]: Items shorting two nets (nets GND and )
    Local override; error
    @(153.8260 mm, 109.3630 mm): Track [GND] on Top Layer, length 2.2000 mm
    @(156.0262 mm, 109.3632 mm): PTH pad 23 [<no net>] of U4
[clearance]: Clearance violation ( clearance 0.1000 mm; actual 0.0930 mm)
    Local override; error
    @(142.7054 mm, 150.1082 mm): Track [USB_DP] on Top Layer, length 0.0421 mm
    @(142.7332 mm, 150.3729 mm): Track [Net-(J1-CC1)] on Top Layer, length 2.7130 mm
[clearance]: Clearance violation ( clearance 0.1000 mm; actual 0.0942 mm)
    Local override; error
    @(112.9949 mm, 145.3739 mm): Track [/I2C3_SCL] on Top Layer, length 0.6570 mm
    @(113.3615 mm, 145.9959 mm): Track [+3.3V] on Top Layer, length 0.0390 mm
[clearance]: Clearance violation ( clearance 0.1000 mm; actual 0.0919 mm)
    Local override; error
    @(113.6000 mm, 148.0800 mm): Pad 2 [/DSI_CLK_P] of J4 on Top Layer
    @(113.3441 mm, 148.5810 mm): Via [GND] on Top Layer - Bottom Layer
[clearance]: Clearance violation ( clearance 0.1000 mm; actual 0.0956 mm)
    Local override; error
    @(103.2690 mm, 104.8775 mm): Track [+3.3V] on Top Layer, length 5.3402 mm
    @(102.5900 mm, 98.8950 mm): Pad 11 [<no net>] of J7 on Top Layer
[clearance]: Clearance violation ( clearance 0.1000 mm; actual 0.0956 mm)
    Local override; error
    @(103.2690 mm, 99.5373 mm): Track [+3.3V] on Top Layer, length 0.7759 mm
    @(102.5900 mm, 98.8950 mm): Pad 11 [<no net>] of J7 on Top Layer
[clearance]: Clearance violation ( clearance 0.1000 mm; actual 0.0928 mm)
    Local override; error
    @(104.0450 mm, 99.5373 mm): Track [+3.3V] on Top Layer, length 1.8951 mm
    @(102.5900 mm, 98.8950 mm): Pad 11 [<no net>] of J7 on Top Layer
[clearance]: Clearance violation ( clearance 0.1000 mm; actual 0.0933 mm)
    Local override; error
    @(137.8078 mm, 148.1773 mm): Track [USB_DN] on Top Layer, length 0.3126 mm
    @(137.5250 mm, 147.9825 mm): Track [USB_DP] on Top Layer, length 0.2060 mm
[clearance]: Clearance violation ( clearance 0.1000 mm; actual 0.0921 mm)
    Local override; error
    @(138.3612 mm, 32.0788 mm): Track [+3.7VBAT] on Top Layer, length 0.6900 mm
    @(138.6000 mm, 32.8300 mm): Pad 13 [+3.3V] of J3 on Top Layer
[clearance]: Clearance violation ( clearance 0.1000 mm; actual 0.0933 mm)
    Local override; error
    @(137.8078 mm, 148.4899 mm): Track [USB_DN] on Top Layer, length 0.2583 mm
    @(137.5922 mm, 148.1773 mm): Track [USB_DP] on Top Layer, length 0.3127 mm
[clearance]: Clearance violation ( clearance 0.1000 mm; actual 0.0957 mm)
    Local override; error
    @(149.8272 mm, 83.3060 mm): Track [SDIO_CMD] on Top Layer, length 0.5046 mm
    @(148.1291 mm, 81.5954 mm): Pad G20 [GND] of MCM93_MOD1 on Top Layer
[clearance]: Clearance violation ( clearance 0.1000 mm; actual 0.0921 mm)
    Local override; error
    @(138.6000 mm, 32.8300 mm): Pad 13 [+3.3V] of J3 on Top Layer
    @(138.3612 mm, 32.7688 mm): Track [+3.7VBAT] on Top Layer, length 0.0866 mm
[clearance]: Clearance violation ( clearance 0.1000 mm; actual 0.0933 mm)
    Local override; error
    @(137.8078 mm, 148.4899 mm): Track [USB_DN] on Top Layer, length 0.2583 mm
    @(137.5922 mm, 148.4902 mm): Track [USB_DP] on Top Layer, length 0.2585 mm
[clearance]: Clearance violation ( clearance 0.1000 mm; actual 0.0933 mm)
    Local override; error
    @(137.8078 mm, 148.4899 mm): Track [USB_DN] on Top Layer, length 0.2583 mm
    @(137.5927 mm, 148.7487 mm): Track [USB_DP] on Top Layer, length 0.0000 mm
[clearance]: Clearance violation ( clearance 0.1000 mm; actual 0.0933 mm)
    Local override; error
    @(137.8078 mm, 148.4899 mm): Track [USB_DN] on Top Layer, length 0.2583 mm
    @(137.5927 mm, 148.7487 mm): Track [USB_DP] on Top Layer, length 0.1179 mm
[clearance]: Clearance violation ( clearance 0.1000 mm; actual 0.0979 mm)
    Local override; error
    @(137.5930 mm, 148.8666 mm): Track [USB_DP] on Top Layer, length 0.0421 mm
    @(137.8084 mm, 148.7482 mm): Track [USB_DN] on Top Layer, length 0.0734 mm
[clearance]: Clearance violation ( clearance 0.1000 mm; actual 0.0979 mm)
    Local override; error
    @(137.8084 mm, 148.7482 mm): Track [USB_DN] on Top Layer, length 0.0734 mm
    @(137.6013 mm, 148.9079 mm): Track [USB_DP] on Top Layer, length 0.0418 mm
[clearance]: Clearance violation ( clearance 0.1000 mm; actual 0.0933 mm)
    Local override; error
    @(137.8084 mm, 148.7482 mm): Track [USB_DN] on Top Layer, length 0.0734 mm
    @(137.6246 mm, 148.9426 mm): Track [USB_DP] on Top Layer, length 1.6153 mm
[clearance]: Clearance violation ( clearance 0.1000 mm; actual 0.0979 mm)
    Local override; error
    @(137.8086 mm, 148.8216 mm): Track [USB_DN] on Top Layer, length 1.5261 mm
    @(138.7667 mm, 150.0848 mm): Track [USB_DP] on Top Layer, length 0.0421 mm
[clearance]: Clearance violation ( clearance 0.1000 mm; actual 0.0979 mm)
    Local override; error
    @(137.8086 mm, 148.8216 mm): Track [USB_DN] on Top Layer, length 1.5261 mm
    @(138.8017 mm, 150.1082 mm): Track [USB_DP] on Top Layer, length 0.0421 mm
[clearance]: Clearance violation ( clearance 0.1000 mm; actual 0.0933 mm)
    Local override; error
    @(137.8086 mm, 148.8216 mm): Track [USB_DN] on Top Layer, length 1.5261 mm
    @(138.8430 mm, 150.1164 mm): Track [USB_DP] on Top Layer, length 3.8211 mm
[clearance]: Clearance violation ( clearance 0.1000 mm; actual 0.0979 mm)
    Local override; error
    @(138.8877 mm, 149.9007 mm): Track [USB_DN] on Top Layer, length 3.7318 mm
    @(142.6641 mm, 150.1164 mm): Track [USB_DP] on Top Layer, length 0.0421 mm
[clearance]: Clearance violation ( clearance 0.1000 mm; actual 0.0979 mm)
    Local override; error
    @(142.7054 mm, 150.1082 mm): Track [USB_DP] on Top Layer, length 0.0421 mm
    @(138.8877 mm, 149.9007 mm): Track [USB_DN] on Top Layer, length 3.7318 mm
[clearance]: Clearance violation ( clearance 0.1000 mm; actual 0.0933 mm)
    Local override; error
    @(138.8877 mm, 149.9007 mm): Track [USB_DN] on Top Layer, length 3.7318 mm
    @(142.7404 mm, 150.0848 mm): Track [USB_DP] on Top Layer, length 0.6544 mm
[clearance]: Clearance violation ( clearance 0.1000 mm; actual 0.0000 mm)
    Local override; error
    @(156.0262 mm, 109.3632 mm): Pad 15 [GND] of U4 on Top Layer
    @(157.0262 mm, 108.8632 mm): PTH pad 30 [<no net>] of U4
[clearance]: Clearance violation ( clearance 0.1000 mm; actual 0.0000 mm)
    Local override; error
    @(156.0262 mm, 109.3632 mm): Pad 15 [GND] of U4 on Top Layer
    @(156.0262 mm, 109.3632 mm): PTH pad 23 [<no net>] of U4
[clearance]: Clearance violation ( clearance 0.1000 mm; actual 0.0000 mm)
    Local override; error
    @(156.0262 mm, 109.3632 mm): Pad 15 [GND] of U4 on Top Layer
    @(156.0262 mm, 108.8632 mm): PTH pad 24 [<no net>] of U4
[clearance]: Clearance violation ( clearance 0.1000 mm; actual 0.0000 mm)
    Local override; error
    @(156.0262 mm, 109.3632 mm): Pad 15 [GND] of U4 on Top Layer
    @(156.0262 mm, 109.8632 mm): PTH pad 22 [<no net>] of U4
[clearance]: Clearance violation ( clearance 0.1000 mm; actual 0.0000 mm)
    Local override; error
    @(156.0262 mm, 109.3632 mm): Pad 15 [GND] of U4 on Top Layer
    @(156.5262 mm, 109.8632 mm): PTH pad 25 [<no net>] of U4
[clearance]: Clearance violation ( clearance 0.1000 mm; actual 0.0000 mm)
    Local override; error
    @(156.0262 mm, 109.3632 mm): Pad 15 [GND] of U4 on Top Layer
    @(156.5262 mm, 109.3632 mm): PTH pad 26 [<no net>] of U4
[clearance]: Clearance violation ( clearance 0.1000 mm; actual 0.0000 mm)
    Local override; error
    @(156.0262 mm, 109.3632 mm): Pad 15 [GND] of U4 on Top Layer
    @(156.5262 mm, 108.8632 mm): PTH pad 27 [<no net>] of U4
[clearance]: Clearance violation ( clearance 0.1000 mm; actual 0.0000 mm)
    Local override; error
    @(156.0262 mm, 109.3632 mm): Pad 15 [GND] of U4 on Top Layer
    @(157.0262 mm, 109.8632 mm): PTH pad 28 [<no net>] of U4
[clearance]: Clearance violation ( clearance 0.1000 mm; actual 0.0000 mm)
    Local override; error
    @(156.0262 mm, 109.3632 mm): Pad 15 [GND] of U4 on Top Layer
    @(157.0262 mm, 109.3632 mm): PTH pad 29 [<no net>] of U4
[clearance]: Clearance violation ( clearance 0.1000 mm; actual 0.0000 mm)
    Local override; error
    @(156.0262 mm, 109.3632 mm): Pad 15 [GND] of U4 on Top Layer
    @(155.0262 mm, 109.8632 mm): PTH pad 16 [<no net>] of U4
[clearance]: Clearance violation ( clearance 0.1000 mm; actual 0.0000 mm)
    Local override; error
    @(156.0262 mm, 109.3632 mm): Pad 15 [GND] of U4 on Top Layer
    @(155.5262 mm, 109.8632 mm): PTH pad 19 [<no net>] of U4
[clearance]: Clearance violation ( clearance 0.1000 mm; actual 0.0000 mm)
    Local override; error
    @(156.0262 mm, 109.3632 mm): Pad 15 [GND] of U4 on Top Layer
    @(155.0262 mm, 109.3632 mm): PTH pad 17 [<no net>] of U4
[clearance]: Clearance violation ( clearance 0.1000 mm; actual 0.0000 mm)
    Local override; error
    @(156.0262 mm, 109.3632 mm): Pad 15 [GND] of U4 on Top Layer
    @(155.0262 mm, 108.8632 mm): PTH pad 18 [<no net>] of U4
[clearance]: Clearance violation ( clearance 0.1000 mm; actual 0.0000 mm)
    Local override; error
    @(156.0262 mm, 109.3632 mm): Pad 15 [GND] of U4 on Top Layer
    @(155.5262 mm, 109.3632 mm): PTH pad 20 [<no net>] of U4
[clearance]: Clearance violation ( clearance 0.1000 mm; actual 0.0000 mm)
    Local override; error
    @(156.0262 mm, 109.3632 mm): Pad 15 [GND] of U4 on Top Layer
    @(155.5262 mm, 108.8632 mm): PTH pad 21 [<no net>] of U4
[annular_width]: Annular width (board setup constraints min annular width 0.1300 mm; actual 0.0500 mm)
    Rule: board setup constraints; error
    @(153.3771 mm, 107.5954 mm): Via [+3.7VBAT] on Top Layer - Bottom Layer
[annular_width]: Annular width (board setup constraints min annular width 0.1300 mm; actual 0.0500 mm)
    Rule: board setup constraints; error
    @(155.9620 mm, 112.4197 mm): Via [Net-(U4-FB)] on Top Layer - Bottom Layer
[annular_width]: Annular width (board setup constraints min annular width 0.1300 mm; actual 0.0500 mm)
    Rule: board setup constraints; error
    @(118.1356 mm, 98.4080 mm): Via [SD2_CD_B] on Top Layer - Bottom Layer
[annular_width]: Annular width (board setup constraints min annular width 0.1300 mm; actual 0.0500 mm)
    Rule: board setup constraints; error
    @(152.0804 mm, 145.0197 mm): Via [+3.3V] on Top Layer - Bottom Layer
[annular_width]: Annular width (board setup constraints min annular width 0.1300 mm; actual 0.0500 mm)
    Rule: board setup constraints; error
    @(150.3616 mm, 96.2487 mm): Via [+3.7VBAT] on Top Layer - Bottom Layer
[annular_width]: Annular width (board setup constraints min annular width 0.1300 mm; actual 0.0500 mm)
    Rule: board setup constraints; error
    @(118.2053 mm, 148.6573 mm): Via [+5V] on Top Layer - Bottom Layer
[annular_width]: Annular width (board setup constraints min annular width 0.1300 mm; actual 0.0500 mm)
    Rule: board setup constraints; error
    @(145.0878 mm, 54.0147 mm): Via [+5V] on Top Layer - Bottom Layer
[annular_width]: Annular width (board setup constraints min annular width 0.1300 mm; actual 0.0500 mm)
    Rule: board setup constraints; error
    @(146.2007 mm, 57.2985 mm): Via [+5V] on Top Layer - Bottom Layer
[annular_width]: Annular width (board setup constraints min annular width 0.1300 mm; actual 0.0500 mm)
    Rule: board setup constraints; error
    @(146.3234 mm, 58.4866 mm): Via [+5V] on Top Layer - Bottom Layer
[annular_width]: Annular width (board setup constraints min annular width 0.1300 mm; actual 0.0500 mm)
    Rule: board setup constraints; error
    @(146.4528 mm, 103.3026 mm): Via [+5V] on Top Layer - Bottom Layer
[annular_width]: Annular width (board setup constraints min annular width 0.1300 mm; actual 0.0500 mm)
    Rule: board setup constraints; error
    @(149.0064 mm, 103.5078 mm): Via [+5V] on Top Layer - Bottom Layer
[annular_width]: Annular width (board setup constraints min annular width 0.1300 mm; actual 0.0500 mm)
    Rule: board setup constraints; error
    @(150.1043 mm, 103.3938 mm): Via [+5V] on Top Layer - Bottom Layer
[annular_width]: Annular width (board setup constraints min annular width 0.1300 mm; actual 0.0500 mm)
    Rule: board setup constraints; error
    @(150.5975 mm, 103.8464 mm): Via [+5V] on Top Layer - Bottom Layer
[annular_width]: Annular width (board setup constraints min annular width 0.1300 mm; actual 0.0500 mm)
    Rule: board setup constraints; error
    @(152.9938 mm, 100.7120 mm): Via [+5V] on Top Layer - Bottom Layer
[annular_width]: Annular width (board setup constraints min annular width 0.1300 mm; actual 0.0500 mm)
    Rule: board setup constraints; error
    @(153.0338 mm, 96.1763 mm): Via [+5V] on Top Layer - Bottom Layer
[annular_width]: Annular width (board setup constraints min annular width 0.1300 mm; actual 0.0500 mm)
    Rule: board setup constraints; error
    @(153.0565 mm, 99.2456 mm): Via [+5V] on Top Layer - Bottom Layer
[annular_width]: Annular width (board setup constraints min annular width 0.1300 mm; actual 0.0500 mm)
    Rule: board setup constraints; error
    @(153.3265 mm, 61.6398 mm): Via [+5V] on Top Layer - Bottom Layer
[annular_width]: Annular width (board setup constraints min annular width 0.1300 mm; actual 0.0500 mm)
    Rule: board setup constraints; error
    @(159.7746 mm, 89.1589 mm): Via [+5V] on Top Layer - Bottom Layer
[annular_width]: Annular width (board setup constraints min annular width 0.1300 mm; actual 0.0500 mm)
    Rule: board setup constraints; error
    @(162.7772 mm, 88.9755 mm): Via [+5V] on Top Layer - Bottom Layer
[annular_width]: Annular width (board setup constraints min annular width 0.1300 mm; actual 0.0500 mm)
    Rule: board setup constraints; error
    @(141.3406 mm, 29.7425 mm): Via [/CSI_CLK_P] on Top Layer - Bottom Layer
[annular_width]: Annular width (board setup constraints min annular width 0.1300 mm; actual 0.0500 mm)
    Rule: board setup constraints; error
    @(114.2094 mm, 148.6632 mm): Via [/DSI_D0_P] on Top Layer - Bottom Layer
[annular_width]: Annular width (board setup constraints min annular width 0.1300 mm; actual 0.0500 mm)
    Rule: board setup constraints; error
    @(107.1482 mm, 120.0439 mm): Via [GND] on Top Layer - Bottom Layer
[annular_width]: Annular width (board setup constraints min annular width 0.1300 mm; actual 0.0500 mm)
    Rule: board setup constraints; error
    @(107.9851 mm, 114.8911 mm): Via [GND] on Top Layer - Bottom Layer
[annular_width]: Annular width (board setup constraints min annular width 0.1300 mm; actual 0.0500 mm)
    Rule: board setup constraints; error
    @(107.3825 mm, 125.0439 mm): Via [GND] on Top Layer - Bottom Layer
[annular_width]: Annular width (board setup constraints min annular width 0.1300 mm; actual 0.0500 mm)
    Rule: board setup constraints; error
    @(107.3617 mm, 98.9117 mm): Via [GND] on Top Layer - Bottom Layer
[annular_width]: Annular width (board setup constraints min annular width 0.1300 mm; actual 0.0500 mm)
    Rule: board setup constraints; error
    @(107.8678 mm, 118.5432 mm): Via [GND] on Top Layer - Bottom Layer
[annular_width]: Annular width (board setup constraints min annular width 0.1300 mm; actual 0.0500 mm)
    Rule: board setup constraints; error
    @(108.0838 mm, 122.1921 mm): Via [GND] on Top Layer - Bottom Layer
[annular_width]: Annular width (board setup constraints min annular width 0.1300 mm; actual 0.0500 mm)
    Rule: board setup constraints; error
    @(108.2970 mm, 119.7409 mm): Via [GND] on Top Layer - Bottom Layer
[annular_width]: Annular width (board setup constraints min annular width 0.1300 mm; actual 0.0500 mm)
    Rule: board setup constraints; error
    @(108.4476 mm, 122.8097 mm): Via [GND] on Top Layer - Bottom Layer
[annular_width]: Annular width (board setup constraints min annular width 0.1300 mm; actual 0.0500 mm)
    Rule: board setup constraints; error
    @(109.7075 mm, 118.7714 mm): Via [GND] on Top Layer - Bottom Layer
[annular_width]: Annular width (board setup constraints min annular width 0.1300 mm; actual 0.0500 mm)
    Rule: board setup constraints; error
    @(110.8168 mm, 120.5250 mm): Via [GND] on Top Layer - Bottom Layer
[annular_width]: Annular width (board setup constraints min annular width 0.1300 mm; actual 0.0500 mm)
    Rule: board setup constraints; error
    @(112.2910 mm, 122.0361 mm): Via [GND] on Top Layer - Bottom Layer
[annular_width]: Annular width (board setup constraints min annular width 0.1300 mm; actual 0.0500 mm)
    Rule: board setup constraints; error
    @(113.2767 mm, 124.0132 mm): Via [GND] on Top Layer - Bottom Layer
[annular_width]: Annular width (board setup constraints min annular width 0.1300 mm; actual 0.0500 mm)
    Rule: board setup constraints; error
    @(114.7196 mm, 144.4197 mm): Via [GND] on Top Layer - Bottom Layer
[annular_width]: Annular width (board setup constraints min annular width 0.1300 mm; actual 0.0500 mm)
    Rule: board setup constraints; error
    @(115.5530 mm, 144.4072 mm): Via [GND] on Top Layer - Bottom Layer
[annular_width]: Annular width (board setup constraints min annular width 0.1300 mm; actual 0.0500 mm)
    Rule: board setup constraints; error
    @(113.9668 mm, 119.9889 mm): Via [GND] on Top Layer - Bottom Layer
[annular_width]: Annular width (board setup constraints min annular width 0.1300 mm; actual 0.0500 mm)
    Rule: board setup constraints; error
    @(116.4100 mm, 144.4204 mm): Via [GND] on Top Layer - Bottom Layer
[annular_width]: Annular width (board setup constraints min annular width 0.1300 mm; actual 0.0500 mm)
    Rule: board setup constraints; error
    @(117.3167 mm, 148.6514 mm): Via [GND] on Top Layer - Bottom Layer
[annular_width]: Annular width (board setup constraints min annular width 0.1300 mm; actual 0.0500 mm)
    Rule: board setup constraints; error
    @(116.5246 mm, 148.6560 mm): Via [GND] on Top Layer - Bottom Layer
[annular_width]: Annular width (board setup constraints min annular width 0.1300 mm; actual 0.0500 mm)
    Rule: board setup constraints; error
    @(130.6182 mm, 142.8367 mm): Via [GND] on Top Layer - Bottom Layer
[annular_width]: Annular width (board setup constraints min annular width 0.1300 mm; actual 0.0500 mm)
    Rule: board setup constraints; error
    @(131.2514 mm, 142.8235 mm): Via [GND] on Top Layer - Bottom Layer
[annular_width]: Annular width (board setup constraints min annular width 0.1300 mm; actual 0.0500 mm)
    Rule: board setup constraints; error
    @(131.9124 mm, 142.8443 mm): Via [GND] on Top Layer - Bottom Layer
[annular_width]: Annular width (board setup constraints min annular width 0.1300 mm; actual 0.0500 mm)
    Rule: board setup constraints; error
    @(137.9872 mm, 29.1849 mm): Via [GND] on Top Layer - Bottom Layer
[annular_width]: Annular width (board setup constraints min annular width 0.1300 mm; actual 0.0500 mm)
    Rule: board setup constraints; error
    @(138.8407 mm, 33.4153 mm): Via [GND] on Top Layer - Bottom Layer
[annular_width]: Annular width (board setup constraints min annular width 0.1300 mm; actual 0.0500 mm)
    Rule: board setup constraints; error
    @(139.9570 mm, 87.2126 mm): Via [GND] on Top Layer - Bottom Layer
[annular_width]: Annular width (board setup constraints min annular width 0.1300 mm; actual 0.0500 mm)
    Rule: board setup constraints; error
    @(140.5022 mm, 33.4142 mm): Via [GND] on Top Layer - Bottom Layer
[annular_width]: Annular width (board setup constraints min annular width 0.1300 mm; actual 0.0500 mm)
    Rule: board setup constraints; error
    @(140.1096 mm, 128.1091 mm): Via [GND] on Top Layer - Bottom Layer
[annular_width]: Annular width (board setup constraints min annular width 0.1300 mm; actual 0.0500 mm)
    Rule: board setup constraints; error
    @(140.6227 mm, 29.1771 mm): Via [GND] on Top Layer - Bottom Layer
[annular_width]: Annular width (board setup constraints min annular width 0.1300 mm; actual 0.0500 mm)
    Rule: board setup constraints; error
    @(140.8130 mm, 120.1534 mm): Via [GND] on Top Layer - Bottom Layer
[annular_width]: Annular width (board setup constraints min annular width 0.1300 mm; actual 0.0500 mm)
    Rule: board setup constraints; error
    @(141.0272 mm, 122.6872 mm): Via [GND] on Top Layer - Bottom Layer
[annular_width]: Annular width (board setup constraints min annular width 0.1300 mm; actual 0.0500 mm)
    Rule: board setup constraints; error
    @(142.5111 mm, 54.6538 mm): Via [GND] on Top Layer - Bottom Layer
[annular_width]: Annular width (board setup constraints min annular width 0.1300 mm; actual 0.0500 mm)
    Rule: board setup constraints; error
    @(144.9933 mm, 50.6500 mm): Via [GND] on Top Layer - Bottom Layer
[annular_width]: Annular width (board setup constraints min annular width 0.1300 mm; actual 0.0500 mm)
    Rule: board setup constraints; error
    @(147.0493 mm, 149.3837 mm): Via [GND] on Top Layer - Bottom Layer
[annular_width]: Annular width (board setup constraints min annular width 0.1300 mm; actual 0.0500 mm)
    Rule: board setup constraints; error
    @(145.9848 mm, 116.7586 mm): Via [GND] on Top Layer - Bottom Layer
[annular_width]: Annular width (board setup constraints min annular width 0.1300 mm; actual 0.0500 mm)
    Rule: board setup constraints; error
    @(145.9772 mm, 121.4172 mm): Via [GND] on Top Layer - Bottom Layer
[annular_width]: Annular width (board setup constraints min annular width 0.1300 mm; actual 0.0500 mm)
    Rule: board setup constraints; error
    @(152.0778 mm, 151.8324 mm): Via [GND] on Top Layer - Bottom Layer
[annular_width]: Annular width (board setup constraints min annular width 0.1300 mm; actual 0.0500 mm)
    Rule: board setup constraints; error
    @(150.0554 mm, 51.1135 mm): Via [GND] on Top Layer - Bottom Layer
[annular_width]: Annular width (board setup constraints min annular width 0.1300 mm; actual 0.0500 mm)
    Rule: board setup constraints; error
    @(152.0526 mm, 104.4499 mm): Via [GND] on Top Layer - Bottom Layer
[annular_width]: Annular width (board setup constraints min annular width 0.1300 mm; actual 0.0500 mm)
    Rule: board setup constraints; error
    @(152.8505 mm, 148.7600 mm): Via [GND] on Top Layer - Bottom Layer
[annular_width]: Annular width (board setup constraints min annular width 0.1300 mm; actual 0.0500 mm)
    Rule: board setup constraints; error
    @(154.0893 mm, 114.5971 mm): Via [GND] on Top Layer - Bottom Layer
[annular_width]: Annular width (board setup constraints min annular width 0.1300 mm; actual 0.0500 mm)
    Rule: board setup constraints; error
    @(153.8065 mm, 142.3143 mm): Via [GND] on Top Layer - Bottom Layer
[annular_width]: Annular width (board setup constraints min annular width 0.1300 mm; actual 0.0500 mm)
    Rule: board setup constraints; error
    @(155.0283 mm, 111.3198 mm): Via [GND] on Top Layer - Bottom Layer
[annular_width]: Annular width (board setup constraints min annular width 0.1300 mm; actual 0.0500 mm)
    Rule: board setup constraints; error
    @(157.5246 mm, 104.8992 mm): Via [GND] on Top Layer - Bottom Layer
[annular_width]: Annular width (board setup constraints min annular width 0.1300 mm; actual 0.0500 mm)
    Rule: board setup constraints; error
    @(155.9560 mm, 62.6350 mm): Via [GND] on Top Layer - Bottom Layer
[annular_width]: Annular width (board setup constraints min annular width 0.1300 mm; actual 0.0500 mm)
    Rule: board setup constraints; error
    @(161.5603 mm, 84.2816 mm): Via [GND] on Top Layer - Bottom Layer
[annular_width]: Annular width (board setup constraints min annular width 0.1300 mm; actual 0.0500 mm)
    Rule: board setup constraints; error
    @(165.1447 mm, 90.9495 mm): Via [GND] on Top Layer - Bottom Layer
[annular_width]: Annular width (board setup constraints min annular width 0.1300 mm; actual 0.0500 mm)
    Rule: board setup constraints; error
    @(156.1833 mm, 107.4209 mm): Via [Net-(BT1-+)] on Top Layer - Bottom Layer
[annular_width]: Annular width (board setup constraints min annular width 0.1300 mm; actual 0.0500 mm)
    Rule: board setup constraints; error
    @(156.6691 mm, 100.8029 mm): Via [Net-(BT1-+)] on Top Layer - Bottom Layer
[annular_width]: Annular width (board setup constraints min annular width 0.1300 mm; actual 0.0500 mm)
    Rule: board setup constraints; error
    @(101.8604 mm, 122.0021 mm): Via [Net-(J6-Pin_1)] on Top Layer - Bottom Layer
[annular_width]: Annular width (board setup constraints min annular width 0.1300 mm; actual 0.0500 mm)
    Rule: board setup constraints; error
    @(133.7301 mm, 136.3398 mm): Via [Net-(U2-CAPP)] on Top Layer - Bottom Layer
[annular_width]: Annular width (board setup constraints min annular width 0.1300 mm; actual 0.0500 mm)
    Rule: board setup constraints; error
    @(154.6198 mm, 111.3902 mm): Via [Net-(U4-EN)] on Top Layer - Bottom Layer
[annular_width]: Annular width (board setup constraints min annular width 0.1300 mm; actual 0.0500 mm)
    Rule: board setup constraints; error
    @(112.8478 mm, 122.8089 mm): Via [PCM_CLK] on Top Layer - Bottom Layer
[annular_width]: Annular width (board setup constraints min annular width 0.1300 mm; actual 0.0500 mm)
    Rule: board setup constraints; error
    @(111.3773 mm, 122.8306 mm): Via [PCM_SYNC] on Top Layer - Bottom Layer
[annular_width]: Annular width (board setup constraints min annular width 0.1300 mm; actual 0.0500 mm)
    Rule: board setup constraints; error
    @(154.8480 mm, 107.4518 mm): Via [PG2] on Top Layer - Bottom Layer
[annular_width]: Annular width (board setup constraints min annular width 0.1300 mm; actual 0.0500 mm)
    Rule: board setup constraints; error
    @(110.2998 mm, 119.7322 mm): Via [REG_ON_WL] on Top Layer - Bottom Layer
[annular_width]: Annular width (board setup constraints min annular width 0.1300 mm; actual 0.0500 mm)
    Rule: board setup constraints; error
    @(117.8049 mm, 98.9917 mm): Via [SD2_CD_B] on Top Layer - Bottom Layer
[annular_width]: Annular width (board setup constraints min annular width 0.1300 mm; actual 0.0500 mm)
    Rule: board setup constraints; error
    @(117.6575 mm, 117.8762 mm): Via [GPIO_WF_2] on Top Layer - Bottom Layer
[annular_width]: Annular width (board setup constraints min annular width 0.1300 mm; actual 0.0500 mm)
    Rule: board setup constraints; error
    @(123.7120 mm, 96.3594 mm): Via [SD2_VDD] on Top Layer - Bottom Layer
[annular_width]: Annular width (board setup constraints min annular width 0.1300 mm; actual 0.0500 mm)
    Rule: board setup constraints; error
    @(129.2691 mm, 112.9436 mm): Via [BT_UART_T] on Top Layer - Bottom Layer
[annular_width]: Annular width (board setup constraints min annular width 0.1300 mm; actual 0.0500 mm)
    Rule: board setup constraints; error
    @(115.0525 mm, 105.8223 mm): Via [SDIO_1] on Top Layer - Bottom Layer
[annular_width]: Annular width (board setup constraints min annular width 0.1300 mm; actual 0.0500 mm)
    Rule: board setup constraints; error
    @(126.0395 mm, 60.4526 mm): Via [/DSI_D2_N] on Top Layer - Bottom Layer
[annular_width]: Annular width (board setup constraints min annular width 0.1300 mm; actual 0.0500 mm)
    Rule: board setup constraints; error
    @(112.5149 mm, 119.8350 mm): Via [SDIO_3] on Top Layer - Bottom Layer
[annular_width]: Annular width (board setup constraints min annular width 0.1300 mm; actual 0.0500 mm)
    Rule: board setup constraints; error
    @(140.6086 mm, 129.9600 mm): Via [GND] on Top Layer - Bottom Layer
[annular_width]: Annular width (board setup constraints min annular width 0.1300 mm; actual 0.0500 mm)
    Rule: board setup constraints; error
    @(129.8662 mm, 142.8318 mm): Via [GND] on Top Layer - Bottom Layer
[annular_width]: Annular width (board setup constraints min annular width 0.1300 mm; actual 0.0500 mm)
    Rule: board setup constraints; error
    @(140.2960 mm, 106.7067 mm): Via [GND] on Top Layer - Bottom Layer
[annular_width]: Annular width (board setup constraints min annular width 0.1300 mm; actual 0.0500 mm)
    Rule: board setup constraints; error
    @(148.1041 mm, 104.8154 mm): Via [+5V] on Top Layer - Bottom Layer
[annular_width]: Annular width (board setup constraints min annular width 0.1300 mm; actual 0.0500 mm)
    Rule: board setup constraints; error
    @(152.2203 mm, 66.1662 mm): Via [/SAI_MASTERCLOCK] on Top Layer - Bottom Layer
[annular_width]: Annular width (board setup constraints min annular width 0.1300 mm; actual 0.0500 mm)
    Rule: board setup constraints; error
    @(132.0668 mm, 60.2788 mm): Via [/DSI_CLK_N] on Top Layer - Bottom Layer
[annular_width]: Annular width (board setup constraints min annular width 0.1300 mm; actual 0.0500 mm)
    Rule: board setup constraints; error
    @(126.5784 mm, 90.0059 mm): Via [SDIO_2] on Top Layer - Bottom Layer
[annular_width]: Annular width (board setup constraints min annular width 0.1300 mm; actual 0.0500 mm)
    Rule: board setup constraints; error
    @(121.3707 mm, 142.8538 mm): Via [RST] on Top Layer - Bottom Layer
[annular_width]: Annular width (board setup constraints min annular width 0.1300 mm; actual 0.0500 mm)
    Rule: board setup constraints; error
    @(124.6650 mm, 60.2374 mm): Via [/DSI_D3_P] on Top Layer - Bottom Layer
[annular_width]: Annular width (board setup constraints min annular width 0.1300 mm; actual 0.0500 mm)
    Rule: board setup constraints; error
    @(131.1462 mm, 60.2191 mm): Via [/DSI_CLK_P] on Top Layer - Bottom Layer
[annular_width]: Annular width (board setup constraints min annular width 0.1300 mm; actual 0.0500 mm)
    Rule: board setup constraints; error
    @(136.5990 mm, 108.8530 mm): Via [Net-(C35-Pad2)] on Top Layer - Bottom Layer
[annular_width]: Annular width (board setup constraints min annular width 0.1300 mm; actual 0.0500 mm)
    Rule: board setup constraints; error
    @(152.2111 mm, 108.4918 mm): Via [+3.7VBAT] on Top Layer - Bottom Layer
[annular_width]: Annular width (board setup constraints min annular width 0.1300 mm; actual 0.0500 mm)
    Rule: board setup constraints; error
    @(124.3082 mm, 89.5460 mm): Via [SD2_DAT1] on Top Layer - Bottom Layer
[annular_width]: Annular width (board setup constraints min annular width 0.1300 mm; actual 0.0500 mm)
    Rule: board setup constraints; error
    @(120.6097 mm, 90.3956 mm): Via [GPIO_WF_2] on Top Layer - Bottom Layer
[annular_width]: Annular width (board setup constraints min annular width 0.1300 mm; actual 0.0500 mm)
    Rule: board setup constraints; error
    @(118.4359 mm, 93.1354 mm): Via [SDIO_1] on Top Layer - Bottom Layer
[annular_width]: Annular width (board setup constraints min annular width 0.1300 mm; actual 0.0500 mm)
    Rule: board setup constraints; error
    @(120.8625 mm, 138.8148 mm): Via [/AUDIO_DATA_OUT] on Top Layer - Bottom Layer
[annular_width]: Annular width (board setup constraints min annular width 0.1300 mm; actual 0.0500 mm)
    Rule: board setup constraints; error
    @(129.8213 mm, 111.1910 mm): Via [BT_UART_R] on Top Layer - Bottom Layer
[annular_width]: Annular width (board setup constraints min annular width 0.1300 mm; actual 0.0500 mm)
    Rule: board setup constraints; error
    @(116.4735 mm, 97.5389 mm): Via [SD2_DAT3] on Top Layer - Bottom Layer
[annular_width]: Annular width (board setup constraints min annular width 0.1300 mm; actual 0.0500 mm)
    Rule: board setup constraints; error
    @(146.0699 mm, 60.8306 mm): Via [GND] on Top Layer - Bottom Layer
[annular_width]: Annular width (board setup constraints min annular width 0.1300 mm; actual 0.0500 mm)
    Rule: board setup constraints; error
    @(151.9539 mm, 114.4358 mm): Via [Net-(R11-Pad1)] on Top Layer - Bottom Layer
[annular_width]: Annular width (board setup constraints min annular width 0.1300 mm; actual 0.0500 mm)
    Rule: board setup constraints; error
    @(146.8659 mm, 119.2704 mm): Via [Net-(D5-A)] on Top Layer - Bottom Layer
[annular_width]: Annular width (board setup constraints min annular width 0.1300 mm; actual 0.0500 mm)
    Rule: board setup constraints; error
    @(146.3437 mm, 83.6688 mm): Via [GND] on Top Layer - Bottom Layer
[annular_width]: Annular width (board setup constraints min annular width 0.1300 mm; actual 0.0500 mm)
    Rule: board setup constraints; error
    @(126.8306 mm, 142.8497 mm): Via [GND] on Top Layer - Bottom Layer
[annular_width]: Annular width (board setup constraints min annular width 0.1300 mm; actual 0.0500 mm)
    Rule: board setup constraints; error
    @(144.0187 mm, 102.3056 mm): Via [GND] on Top Layer - Bottom Layer
[annular_width]: Annular width (board setup constraints min annular width 0.1300 mm; actual 0.0500 mm)
    Rule: board setup constraints; error
    @(167.1638 mm, 46.9683 mm): Via [GND] on Top Layer - Bottom Layer
[annular_width]: Annular width (board setup constraints min annular width 0.1300 mm; actual 0.0500 mm)
    Rule: board setup constraints; error
    @(123.5127 mm, 65.9400 mm): Via [GND] on Top Layer - Bottom Layer
[annular_width]: Annular width (board setup constraints min annular width 0.1300 mm; actual 0.0500 mm)
    Rule: board setup constraints; error
    @(126.5628 mm, 60.6477 mm): Via [GND] on Top Layer - Bottom Layer
[annular_width]: Annular width (board setup constraints min annular width 0.1300 mm; actual 0.0500 mm)
    Rule: board setup constraints; error
    @(153.6097 mm, 109.1727 mm): Via [GND] on Top Layer - Bottom Layer
[annular_width]: Annular width (board setup constraints min annular width 0.1300 mm; actual 0.0500 mm)
    Rule: board setup constraints; error
    @(135.4614 mm, 64.9440 mm): Via [GND] on Top Layer - Bottom Layer
[annular_width]: Annular width (board setup constraints min annular width 0.1300 mm; actual 0.0500 mm)
    Rule: board setup constraints; error
    @(126.4273 mm, 75.9784 mm): Via [GND] on Top Layer - Bottom Layer
[annular_width]: Annular width (board setup constraints min annular width 0.1300 mm; actual 0.0500 mm)
    Rule: board setup constraints; error
    @(138.5453 mm, 62.8870 mm): Via [GND] on Top Layer - Bottom Layer
[annular_width]: Annular width (board setup constraints min annular width 0.1300 mm; actual 0.0500 mm)
    Rule: board setup constraints; error
    @(134.7454 mm, 63.6192 mm): Via [GND] on Top Layer - Bottom Layer
[annular_width]: Annular width (board setup constraints min annular width 0.1300 mm; actual 0.0500 mm)
    Rule: board setup constraints; error
    @(142.3457 mm, 62.9114 mm): Via [GND] on Top Layer - Bottom Layer
[annular_width]: Annular width (board setup constraints min annular width 0.1300 mm; actual 0.0500 mm)
    Rule: board setup constraints; error
    @(134.9125 mm, 84.3717 mm): Via [GND] on Top Layer - Bottom Layer
[annular_width]: Annular width (board setup constraints min annular width 0.1300 mm; actual 0.0500 mm)
    Rule: board setup constraints; error
    @(111.1468 mm, 131.3056 mm): Via [GND] on Top Layer - Bottom Layer
[annular_width]: Annular width (board setup constraints min annular width 0.1300 mm; actual 0.0500 mm)
    Rule: board setup constraints; error
    @(150.3169 mm, 101.2923 mm): Via [GND] on Top Layer - Bottom Layer
[annular_width]: Annular width (board setup constraints min annular width 0.1300 mm; actual 0.0500 mm)
    Rule: board setup constraints; error
    @(142.4474 mm, 58.0643 mm): Via [+5V] on Top Layer - Bottom Layer
[annular_width]: Annular width (board setup constraints min annular width 0.1300 mm; actual 0.0500 mm)
    Rule: board setup constraints; error
    @(120.6043 mm, 114.5071 mm): Via [/DSI_D3_P] on Top Layer - Bottom Layer
[annular_width]: Annular width (board setup constraints min annular width 0.1300 mm; actual 0.0500 mm)
    Rule: board setup constraints; error
    @(125.2040 mm, 58.5048 mm): Via [/DSI_D3_N] on Top Layer - Bottom Layer
[annular_width]: Annular width (board setup constraints min annular width 0.1300 mm; actual 0.0500 mm)
    Rule: board setup constraints; error
    @(124.7870 mm, 89.7691 mm): Via [/AUDIO_DATA_OUT] on Top Layer - Bottom Layer
[annular_width]: Annular width (board setup constraints min annular width 0.1300 mm; actual 0.0500 mm)
    Rule: board setup constraints; error
    @(122.8452 mm, 91.7847 mm): Via [/DSI_D2_P] on Top Layer - Bottom Layer
[annular_width]: Annular width (board setup constraints min annular width 0.1300 mm; actual 0.0500 mm)
    Rule: board setup constraints; error
    @(127.3874 mm, 141.2473 mm): Via [/SAI_MASTERCLOCK] on Top Layer - Bottom Layer
[annular_width]: Annular width (board setup constraints min annular width 0.1300 mm; actual 0.0500 mm)
    Rule: board setup constraints; error
    @(150.1195 mm, 81.1898 mm): Via [SDIO_0] on Top Layer - Bottom Layer
[annular_width]: Annular width (board setup constraints min annular width 0.1300 mm; actual 0.0500 mm)
    Rule: board setup constraints; error
    @(125.2409 mm, 139.7458 mm): Via [+3.3V] on Top Layer - Bottom Layer
[annular_width]: Annular width (board setup constraints min annular width 0.1300 mm; actual 0.0500 mm)
    Rule: board setup constraints; error
    @(139.1849 mm, 146.8149 mm): Via [Net-(J1-CC2)] on Top Layer - Bottom Layer
[annular_width]: Annular width (board setup constraints min annular width 0.1300 mm; actual 0.0500 mm)
    Rule: board setup constraints; error
    @(136.0443 mm, 143.3528 mm): Via [Net-(J1-CC2)] on Top Layer - Bottom Layer
[annular_width]: Annular width (board setup constraints min annular width 0.1300 mm; actual 0.0500 mm)
    Rule: board setup constraints; error
    @(126.9257 mm, 152.1513 mm): Via [/I2C3_SDA] on Top Layer - Bottom Layer
[annular_width]: Annular width (board setup constraints min annular width 0.1300 mm; actual 0.0500 mm)
    Rule: board setup constraints; error
    @(129.0471 mm, 139.1130 mm): Via [Net-(J5-Pin_8)] on Top Layer - Bottom Layer
[annular_width]: Annular width (board setup constraints min annular width 0.1300 mm; actual 0.0500 mm)
    Rule: board setup constraints; error
    @(150.5945 mm, 120.0892 mm): Via [Net-(C35-Pad2)] on Top Layer - Bottom Layer
[annular_width]: Annular width (board setup constraints min annular width 0.1300 mm; actual 0.0500 mm)
    Rule: board setup constraints; error
    @(158.7768 mm, 53.9827 mm): Via [ONOFF] on Top Layer - Bottom Layer
[annular_width]: Annular width (board setup constraints min annular width 0.1300 mm; actual 0.0500 mm)
    Rule: board setup constraints; error
    @(115.8563 mm, 102.1839 mm): Via [SD2_DAT3] on Top Layer - Bottom Layer
[annular_width]: Annular width (board setup constraints min annular width 0.1300 mm; actual 0.0500 mm)
    Rule: board setup constraints; error
    @(119.2943 mm, 92.2246 mm): Via [SDIO_0] on Top Layer - Bottom Layer
[annular_width]: Annular width (board setup constraints min annular width 0.1300 mm; actual 0.0500 mm)
    Rule: board setup constraints; error
    @(131.8699 mm, 137.1097 mm): Via [Net-(U2-CAPP)] on Top Layer - Bottom Layer
[annular_width]: Annular width (board setup constraints min annular width 0.1300 mm; actual 0.0500 mm)
    Rule: board setup constraints; error
    @(123.4399 mm, 89.5301 mm): Via [SD2_DAT0] on Top Layer - Bottom Layer
[annular_width]: Annular width (board setup constraints min annular width 0.1300 mm; actual 0.0500 mm)
    Rule: board setup constraints; error
    @(124.0395 mm, 95.1606 mm): Via [SD2_DAT1] on Top Layer - Bottom Layer
[annular_width]: Annular width (board setup constraints min annular width 0.1300 mm; actual 0.0500 mm)
    Rule: board setup constraints; error
    @(123.8653 mm, 96.8081 mm): Via [SD2_CD_B] on Top Layer - Bottom Layer
[annular_width]: Annular width (board setup constraints min annular width 0.1300 mm; actual 0.0500 mm)
    Rule: board setup constraints; error
    @(138.7620 mm, 100.7413 mm): Via [REG_ON_BL] on Top Layer - Bottom Layer
[annular_width]: Annular width (board setup constraints min annular width 0.1300 mm; actual 0.0500 mm)
    Rule: board setup constraints; error
    @(116.0288 mm, 131.9881 mm): Via [/DSI_D2_N] on Top Layer - Bottom Layer
[annular_width]: Annular width (board setup constraints min annular width 0.1300 mm; actual 0.0500 mm)
    Rule: board setup constraints; error
    @(139.6837 mm, 58.5036 mm): Via [RESET] on Top Layer - Bottom Layer
[annular_width]: Annular width (board setup constraints min annular width 0.1300 mm; actual 0.0500 mm)
    Rule: board setup constraints; error
    @(160.4951 mm, 39.4308 mm): Via [+3.7VBAT] on Top Layer - Bottom Layer
[annular_width]: Annular width (board setup constraints min annular width 0.1300 mm; actual 0.0500 mm)
    Rule: board setup constraints; error
    @(116.4165 mm, 98.2443 mm): Via [SD2_CLK] on Top Layer - Bottom Layer
[annular_width]: Annular width (board setup constraints min annular width 0.1300 mm; actual 0.0500 mm)
    Rule: board setup constraints; error
    @(163.7194 mm, 108.4773 mm): Via [L_2] on Top Layer - Bottom Layer
[annular_width]: Annular width (board setup constraints min annular width 0.1300 mm; actual 0.0500 mm)
    Rule: board setup constraints; error
    @(124.2343 mm, 87.4201 mm): Via [/DSI_D2_P] on Top Layer - Bottom Layer
[annular_width]: Annular width (board setup constraints min annular width 0.1300 mm; actual 0.0500 mm)
    Rule: board setup constraints; error
    @(143.6992 mm, 87.5081 mm): Via [CAM_I2C_SCL] on Top Layer - Bottom Layer
[annular_width]: Annular width (board setup constraints min annular width 0.1300 mm; actual 0.0500 mm)
    Rule: board setup constraints; error
    @(150.4797 mm, 70.7863 mm): Via [GND] on Top Layer - Bottom Layer
[annular_width]: Annular width (board setup constraints min annular width 0.1300 mm; actual 0.0500 mm)
    Rule: board setup constraints; error
    @(127.3173 mm, 82.1469 mm): Via [/DSI_D1_P] on Top Layer - Bottom Layer
[annular_width]: Annular width (board setup constraints min annular width 0.1300 mm; actual 0.0500 mm)
    Rule: board setup constraints; error
    @(108.8228 mm, 120.7135 mm): Via [GND] on Top Layer - Bottom Layer
[annular_width]: Annular width (board setup constraints min annular width 0.1300 mm; actual 0.0500 mm)
    Rule: board setup constraints; error
    @(148.1136 mm, 114.7926 mm): Via [GND] on Top Layer - Bottom Layer
[annular_width]: Annular width (board setup constraints min annular width 0.1300 mm; actual 0.0500 mm)
    Rule: board setup constraints; error
    @(146.3127 mm, 66.2514 mm): Via [GND] on Top Layer - Bottom Layer
[annular_width]: Annular width (board setup constraints min annular width 0.1300 mm; actual 0.0500 mm)
    Rule: board setup constraints; error
    @(148.5602 mm, 68.3787 mm): Via [GND] on Top Layer - Bottom Layer
[annular_width]: Annular width (board setup constraints min annular width 0.1300 mm; actual 0.0500 mm)
    Rule: board setup constraints; error
    @(143.3653 mm, 56.5970 mm): Via [+5V] on Top Layer - Bottom Layer
[annular_width]: Annular width (board setup constraints min annular width 0.1300 mm; actual 0.0500 mm)
    Rule: board setup constraints; error
    @(131.0586 mm, 139.1133 mm): Via [GND] on Top Layer - Bottom Layer
[annular_width]: Annular width (board setup constraints min annular width 0.1300 mm; actual 0.0500 mm)
    Rule: board setup constraints; error
    @(165.4690 mm, 37.1204 mm): Via [GND] on Top Layer - Bottom Layer
[annular_width]: Annular width (board setup constraints min annular width 0.1300 mm; actual 0.0500 mm)
    Rule: board setup constraints; error
    @(128.9241 mm, 87.2113 mm): Via [GND] on Top Layer - Bottom Layer
[annular_width]: Annular width (board setup constraints min annular width 0.1300 mm; actual 0.0500 mm)
    Rule: board setup constraints; error
    @(123.5125 mm, 70.2247 mm): Via [GND] on Top Layer - Bottom Layer
[annular_width]: Annular width (board setup constraints min annular width 0.1300 mm; actual 0.0500 mm)
    Rule: board setup constraints; error
    @(161.6630 mm, 89.8565 mm): Via [GND] on Top Layer - Bottom Layer
[annular_width]: Annular width (board setup constraints min annular width 0.1300 mm; actual 0.0500 mm)
    Rule: board setup constraints; error
    @(125.0384 mm, 72.1785 mm): Via [GND] on Top Layer - Bottom Layer
[annular_width]: Annular width (board setup constraints min annular width 0.1300 mm; actual 0.0500 mm)
    Rule: board setup constraints; error
    @(131.1127 mm, 84.3720 mm): Via [GND] on Top Layer - Bottom Layer
[annular_width]: Annular width (board setup constraints min annular width 0.1300 mm; actual 0.0500 mm)
    Rule: board setup constraints; error
    @(144.6172 mm, 54.6807 mm): Via [GND] on Top Layer - Bottom Layer
[annular_width]: Annular width (board setup constraints min annular width 0.1300 mm; actual 0.0500 mm)
    Rule: board setup constraints; error
    @(149.1138 mm, 54.3403 mm): Via [GND] on Top Layer - Bottom Layer
[annular_width]: Annular width (board setup constraints min annular width 0.1300 mm; actual 0.0500 mm)
    Rule: board setup constraints; error
    @(147.3365 mm, 52.1014 mm): Via [GND] on Top Layer - Bottom Layer
[annular_width]: Annular width (board setup constraints min annular width 0.1300 mm; actual 0.0500 mm)
    Rule: board setup constraints; error
    @(153.4917 mm, 57.4165 mm): Via [GND] on Top Layer - Bottom Layer
[annular_width]: Annular width (board setup constraints min annular width 0.1300 mm; actual 0.0500 mm)
    Rule: board setup constraints; error
    @(153.5088 mm, 55.6803 mm): Via [GND] on Top Layer - Bottom Layer
[annular_width]: Annular width (board setup constraints min annular width 0.1300 mm; actual 0.0500 mm)
    Rule: board setup constraints; error
    @(146.6137 mm, 55.4558 mm): Via [GND] on Top Layer - Bottom Layer
[annular_width]: Annular width (board setup constraints min annular width 0.1300 mm; actual 0.0500 mm)
    Rule: board setup constraints; error
    @(143.2864 mm, 51.3963 mm): Via [+5V] on Top Layer - Bottom Layer
[annular_width]: Annular width (board setup constraints min annular width 0.1300 mm; actual 0.0500 mm)
    Rule: board setup constraints; error
    @(152.1023 mm, 149.8371 mm): Via [+5V] on Top Layer - Bottom Layer
[annular_width]: Annular width (board setup constraints min annular width 0.1300 mm; actual 0.0500 mm)
    Rule: board setup constraints; error
    @(152.1087 mm, 101.9633 mm): Via [+5V] on Top Layer - Bottom Layer
[annular_width]: Annular width (board setup constraints min annular width 0.1300 mm; actual 0.0500 mm)
    Rule: board setup constraints; error
    @(152.0817 mm, 58.5133 mm): Via [+5V] on Top Layer - Bottom Layer
[annular_width]: Annular width (board setup constraints min annular width 0.1300 mm; actual 0.0500 mm)
    Rule: board setup constraints; error
    @(143.4553 mm, 87.2115 mm): Via [CAM_I2C_SDA] on Top Layer - Bottom Layer
[annular_width]: Annular width (board setup constraints min annular width 0.1300 mm; actual 0.0500 mm)
    Rule: board setup constraints; error
    @(133.7548 mm, 91.6689 mm): Via [SDIO_0] on Top Layer - Bottom Layer
[annular_width]: Annular width (board setup constraints min annular width 0.1300 mm; actual 0.0500 mm)
    Rule: board setup constraints; error
    @(149.9458 mm, 85.3570 mm): Via [SDIO_3] on Top Layer - Bottom Layer
[annular_width]: Annular width (board setup constraints min annular width 0.1300 mm; actual 0.0500 mm)
    Rule: board setup constraints; error
    @(136.3999 mm, 91.8929 mm): Via [SDIO_1] on Top Layer - Bottom Layer
[annular_width]: Annular width (board setup constraints min annular width 0.1300 mm; actual 0.0500 mm)
    Rule: board setup constraints; error
    @(150.1796 mm, 83.2894 mm): Via [SDIO_1] on Top Layer - Bottom Layer
[annular_width]: Annular width (board setup constraints min annular width 0.1300 mm; actual 0.0500 mm)
    Rule: board setup constraints; error
    @(150.4011 mm, 86.3879 mm): Via [RST] on Top Layer - Bottom Layer
[annular_width]: Annular width (board setup constraints min annular width 0.1300 mm; actual 0.0500 mm)
    Rule: board setup constraints; error
    @(121.2289 mm, 85.2070 mm): Via [SD2_DAT3] on Top Layer - Bottom Layer
[annular_width]: Annular width (board setup constraints min annular width 0.1300 mm; actual 0.0500 mm)
    Rule: board setup constraints; error
    @(136.0028 mm, 51.6254 mm): Via [RESET] on Top Layer - Bottom Layer
[annular_width]: Annular width (board setup constraints min annular width 0.1300 mm; actual 0.0500 mm)
    Rule: board setup constraints; error
    @(162.6633 mm, 96.0482 mm): Via [+3.3V] on Top Layer - Bottom Layer
[annular_width]: Annular width (board setup constraints min annular width 0.1300 mm; actual 0.0500 mm)
    Rule: board setup constraints; error
    @(130.8302 mm, 141.7116 mm): Via [/AUDIO_FRAME_CLOCK] on Top Layer - Bottom Layer
[annular_width]: Annular width (board setup constraints min annular width 0.1300 mm; actual 0.0500 mm)
    Rule: board setup constraints; error
    @(137.1089 mm, 136.7476 mm): Via [/AUDIO_FRAME_CLOCK] on Top Layer - Bottom Layer
[annular_width]: Annular width (board setup constraints min annular width 0.1300 mm; actual 0.0500 mm)
    Rule: board setup constraints; error
    @(147.7623 mm, 140.6177 mm): Via [Net-(J5-Pin_8)] on Top Layer - Bottom Layer
[annular_width]: Annular width (board setup constraints min annular width 0.1300 mm; actual 0.0500 mm)
    Rule: board setup constraints; error
    @(135.0705 mm, 139.8055 mm): Via [+3.3V] on Top Layer - Bottom Layer
[annular_width]: Annular width (board setup constraints min annular width 0.1300 mm; actual 0.0500 mm)
    Rule: board setup constraints; error
    @(116.1969 mm, 101.1810 mm): Via [SD2_CLK] on Top Layer - Bottom Layer
[annular_width]: Annular width (board setup constraints min annular width 0.1300 mm; actual 0.0500 mm)
    Rule: board setup constraints; error
    @(148.3881 mm, 140.1744 mm): Via [Net-(J5-Pin_9)] on Top Layer - Bottom Layer
[annular_width]: Annular width (board setup constraints min annular width 0.1300 mm; actual 0.0500 mm)
    Rule: board setup constraints; error
    @(160.8517 mm, 109.5567 mm): Via [L_2] on Top Layer - Bottom Layer
[annular_width]: Annular width (board setup constraints min annular width 0.1300 mm; actual 0.0500 mm)
    Rule: board setup constraints; error
    @(150.5127 mm, 69.4160 mm): Via [/I2C3_SDA] on Top Layer - Bottom Layer
[annular_width]: Annular width (board setup constraints min annular width 0.1300 mm; actual 0.0500 mm)
    Rule: board setup constraints; error
    @(130.7760 mm, 137.0415 mm): Via [Net-(U2-CAPM)] on Top Layer - Bottom Layer
[annular_width]: Annular width (board setup constraints min annular width 0.1300 mm; actual 0.0500 mm)
    Rule: board setup constraints; error
    @(131.5113 mm, 136.0523 mm): Via [Net-(U2-CAPM)] on Top Layer - Bottom Layer
[annular_width]: Annular width (board setup constraints min annular width 0.1300 mm; actual 0.0500 mm)
    Rule: board setup constraints; error
    @(149.2598 mm, 118.2907 mm): Via [+3.7VBAT] on Top Layer - Bottom Layer
[annular_width]: Annular width (board setup constraints min annular width 0.1300 mm; actual 0.0500 mm)
    Rule: board setup constraints; error
    @(126.9238 mm, 97.6175 mm): Via [/DSI_CLK_N] on Top Layer - Bottom Layer
[annular_width]: Annular width (board setup constraints min annular width 0.1300 mm; actual 0.0500 mm)
    Rule: board setup constraints; error
    @(115.7863 mm, 130.4465 mm): Via [/DSI_D0_N] on Top Layer - Bottom Layer
[annular_width]: Annular width (board setup constraints min annular width 0.1300 mm; actual 0.0500 mm)
    Rule: board setup constraints; error
    @(137.6025 mm, 40.1909 mm): Via [+3.3V] on Top Layer - Bottom Layer
[annular_width]: Annular width (board setup constraints min annular width 0.1300 mm; actual 0.0500 mm)
    Rule: board setup constraints; error
    @(115.6188 mm, 99.8052 mm): Via [GPIO_WF_0] on Top Layer - Bottom Layer
[annular_width]: Annular width (board setup constraints min annular width 0.1300 mm; actual 0.0500 mm)
    Rule: board setup constraints; error
    @(119.4466 mm, 149.3034 mm): Via [GND] on Top Layer - Bottom Layer
[annular_width]: Annular width (board setup constraints min annular width 0.1300 mm; actual 0.0500 mm)
    Rule: board setup constraints; error
    @(131.0105 mm, 140.1175 mm): Via [/SAI_BITCLOCK] on Top Layer - Bottom Layer
[annular_width]: Annular width (board setup constraints min annular width 0.1300 mm; actual 0.0500 mm)
    Rule: board setup constraints; error
    @(143.8252 mm, 134.5347 mm): Via [+3.7VBAT] on Top Layer - Bottom Layer
[annular_width]: Annular width (board setup constraints min annular width 0.1300 mm; actual 0.0500 mm)
    Rule: board setup constraints; error
    @(150.2865 mm, 85.0186 mm): Via [SDIO_CLK] on Top Layer - Bottom Layer
[annular_width]: Annular width (board setup constraints min annular width 0.1300 mm; actual 0.0500 mm)
    Rule: board setup constraints; error
    @(148.7906 mm, 60.7787 mm): Via [GND] on Top Layer - Bottom Layer
[silk_overlap]: Silkscreen clearance
    Rule: board setup constraints silk; warning
    @(153.0524 mm, 107.6749 mm): Reference field of U4
    @(153.2910 mm, 108.0140 mm): Reference field of C8
[silk_overlap]: Silkscreen clearance
    Rule: board setup constraints silk; warning
    @(106.7045 mm, 123.9822 mm): Reference field of L1
    @(107.0550 mm, 123.8700 mm): Segment of U6 on Top Overlay
[silk_overlap]: Silkscreen clearance
    Rule: board setup constraints silk; warning
    @(106.7045 mm, 123.9822 mm): Reference field of L1
    @(108.8100 mm, 123.8700 mm): Segment of U6 on Top Overlay
[silk_overlap]: Silkscreen clearance
    Rule: board setup constraints silk; warning
    @(133.5759 mm, 142.2845 mm): Reference field of R3
    @(133.0394 mm, 138.7817 mm): Segment of U2 on Top Overlay
[silk_overlap]: Silkscreen clearance
    Rule: board setup constraints silk; warning
    @(121.7290 mm, 58.9954 mm): Segment of MCM93_MOD1 on Top Overlay
    @(142.5562 mm, 59.1488 mm): Reference field of C24
[silk_overlap]: Silkscreen clearance
    Rule: board setup constraints silk; warning
    @(153.2762 mm, 55.8908 mm): Reference field of C21
    @(153.0149 mm, 55.7960 mm): Segment of C16 on Top Overlay
[silk_overlap]: Silkscreen clearance
    Rule: board setup constraints silk; warning
    @(154.2524 mm, 62.0189 mm): Reference field of C23
    @(154.0149 mm, 61.8553 mm): Segment of C17 on Top Overlay
[silk_overlap]: Silkscreen clearance
    Rule: board setup constraints silk; warning
    @(143.2912 mm, 56.6101 mm): Segment of C24 on Top Overlay
    @(143.3762 mm, 56.3488 mm): Reference field of C18
[silk_overlap]: Silkscreen clearance
    Rule: board setup constraints silk; warning
    @(145.8762 mm, 56.3488 mm): Reference field of C14
    @(145.7912 mm, 56.6101 mm): Segment of C18 on Top Overlay
[silk_overlap]: Silkscreen clearance
    Rule: board setup constraints silk; warning
    @(148.3762 mm, 55.3449 mm): Reference field of C19
    @(148.2912 mm, 56.6101 mm): Segment of C14 on Top Overlay
[silk_overlap]: Silkscreen clearance
    Rule: board setup constraints silk; warning
    @(148.3762 mm, 55.3449 mm): Reference field of C19
    @(147.5162 mm, 54.6582 mm): Reference field of C15
[silk_overlap]: Silkscreen clearance
    Rule: board setup constraints silk; warning
    @(148.3762 mm, 51.3293 mm): Reference field of C22
    @(148.2912 mm, 52.5944 mm): Segment of C15 on Top Overlay
[silk_overlap]: Silkscreen clearance
    Rule: board setup constraints silk; warning
    @(149.9833 mm, 115.0565 mm): Segment of R9 on Top Overlay
    @(149.2214 mm, 115.4287 mm): Reference field of R7
[silk_overlap]: Silkscreen clearance
    Rule: board setup constraints silk; warning
    @(149.7612 mm, 118.3361 mm): Segment of R7 on Top Overlay
    @(150.0050 mm, 119.0929 mm): Reference field of C36
[silk_overlap]: Silkscreen clearance
    Rule: board setup constraints silk; warning
    @(157.3959 mm, 102.2494 mm): Reference field of C31
    @(156.2962 mm, 102.3871 mm): Segment of C33 on Top Overlay
[silk_overlap]: Silkscreen clearance
    Rule: board setup constraints silk; warning
    @(157.3959 mm, 102.2494 mm): Reference field of C31
    @(157.3162 mm, 102.3871 mm): Segment of C33 on Top Overlay
[silk_overlap]: Silkscreen clearance
    Rule: board setup constraints silk; warning
    @(157.3162 mm, 105.6196 mm): Segment of C13 on Top Overlay
    @(157.3762 mm, 104.5563 mm): Reference field of R11
[silk_overlap]: Silkscreen clearance
    Rule: board setup constraints silk; warning
    @(153.0508 mm, 97.7210 mm): Reference field of C9
    @(153.0851 mm, 95.7910 mm): Reference field of C29
[silk_overlap]: Silkscreen clearance
    Rule: board setup constraints silk; warning
    @(133.1968 mm, 135.1135 mm): Segment of C4 on Top Overlay
    @(133.0562 mm, 134.6309 mm): Reference field of C4
[silk_overlap]: Silkscreen clearance
    Rule: board setup constraints silk; warning
    @(165.3000 mm, 63.8000 mm): Reference field of ON/OFF1
    @(164.7562 mm, 61.2586 mm): Reference field of R6
[silk_over_copper]: Silkscreen clipped by solder mask
    Local override; warning
    @(153.0508 mm, 97.7210 mm): Reference field of C9
[silk_over_copper]: Silkscreen clipped by solder mask
    Local override; warning
    @(152.6466 mm, 103.3780 mm): Reference field of U3
[silk_over_copper]: Silkscreen clipped by solder mask
    Local override; warning
    @(156.8457 mm, 108.7040 mm): Reference field of C13
[silk_over_copper]: Silkscreen clipped by solder mask
    Local override; warning
    @(143.3762 mm, 56.3488 mm): Reference field of C18
[silk_over_copper]: Silkscreen clipped by solder mask
    Local override; warning
    @(157.3959 mm, 102.2494 mm): Reference field of C31
[silk_over_copper]: Silkscreen clipped by solder mask
    Local override; warning
    @(150.7862 mm, 98.3896 mm): Reference field of C27
[silk_over_copper]: Silkscreen clipped by solder mask
    Local override; warning
    @(145.8762 mm, 56.3488 mm): Reference field of C14
[silk_over_copper]: Silkscreen clipped by solder mask
    Local override; warning
    @(153.0851 mm, 95.7910 mm): Reference field of C29
[silk_over_copper]: Silkscreen clipped by solder mask
    Local override; warning
    @(168.5000 mm, 60.2500 mm): Segment of ON/OFF1 on Top Overlay
[silk_over_copper]: Silkscreen clipped by solder mask
    Local override; warning
    @(168.5000 mm, 66.9500 mm): Segment of ON/OFF1 on Top Overlay
[silk_over_copper]: Silkscreen clipped by solder mask
    Local override; warning
    @(171.1000 mm, 60.2500 mm): Segment of ON/OFF1 on Top Overlay
[silk_over_copper]: Silkscreen clipped by solder mask
    Local override; warning
    @(171.1000 mm, 62.3000 mm): Segment of ON/OFF1 on Top Overlay
[silk_over_copper]: Silkscreen clipped by solder mask
    Local override; warning
    @(171.1000 mm, 63.6000 mm): Segment of ON/OFF1 on Top Overlay
[silk_over_copper]: Silkscreen clipped by solder mask
    Local override; warning
    @(167.6000 mm, 61.5500 mm): Polygon of ON/OFF1 on Top Overlay
[silk_over_copper]: Silkscreen clipped by solder mask
    Local override; warning
    @(167.6000 mm, 63.0492 mm): Polygon of ON/OFF1 on Top Overlay
[silk_over_copper]: Silkscreen clipped by solder mask
    Local override; warning
    @(167.6000 mm, 66.0520 mm): Polygon of ON/OFF1 on Top Overlay
[silk_over_copper]: Silkscreen clipped by solder mask
    Local override; warning
    @(168.4500 mm, 60.2438 mm): Polygon of ON/OFF1 on Top Overlay
[silk_over_copper]: Silkscreen clipped by solder mask
    Local override; warning
    @(168.4500 mm, 67.4543 mm): Polygon of ON/OFF1 on Top Overlay
[silk_over_copper]: Silkscreen clipped by solder mask
    Local override; warning
    @(170.7500 mm, 60.2467 mm): Polygon of ON/OFF1 on Top Overlay
[silk_over_copper]: Silkscreen clipped by solder mask
    Local override; warning
    @(170.7500 mm, 67.4524 mm): Polygon of ON/OFF1 on Top Overlay
[silk_over_copper]: Silkscreen clipped by solder mask
    Local override; warning
    @(165.0562 mm, 90.3718 mm): Reference field of C1
[silk_over_copper]: Silkscreen clipped by solder mask
    Local override; warning
    @(157.3762 mm, 104.5563 mm): Reference field of R11
[silk_over_copper]: Silkscreen clipped by solder mask
    Local override; warning
    @(154.2524 mm, 62.0189 mm): Reference field of C23
[silk_over_copper]: Silkscreen clipped by solder mask
    Local override; warning
    @(148.3762 mm, 55.3449 mm): Reference field of C19
[silk_over_copper]: Silkscreen clipped by solder mask
    Local override; warning
    @(153.2762 mm, 55.8908 mm): Reference field of C21
[silk_over_copper]: Silkscreen clipped by solder mask
    Local override; warning
    @(128.7500 mm, 135.3809 mm): Reference field of C5
[silk_over_copper]: Silkscreen clipped by solder mask
    Local override; warning
    @(153.2910 mm, 108.0140 mm): Reference field of C8
[silk_over_copper]: Silkscreen clipped by solder mask
    Local override; warning
    @(149.2214 mm, 115.4287 mm): Reference field of R7
[silk_over_copper]: Silkscreen clipped by solder mask
    Local override; warning
    @(142.5562 mm, 59.1488 mm): Reference field of C24
[silk_over_copper]: Silkscreen clipped by solder mask
    Local override; warning
    @(147.5162 mm, 54.6582 mm): Reference field of C15
[silk_over_copper]: Silkscreen clipped by solder mask
    Local override; warning
    @(148.0762 mm, 99.2935 mm): Reference field of C28
[silk_over_copper]: Silkscreen clipped by solder mask
    Local override; warning
    @(121.7290 mm, 58.9954 mm): Segment of MCM93_MOD1 on Top Overlay
[silk_over_copper]: Silkscreen clipped by solder mask
    Local override; warning
    @(121.7290 mm, 58.9954 mm): Segment of MCM93_MOD1 on Top Overlay
[silk_over_copper]: Silkscreen clipped by solder mask
    Local override; warning
    @(121.7291 mm, 88.9954 mm): Segment of MCM93_MOD1 on Top Overlay
[silk_over_copper]: Silkscreen clipped by solder mask
    Local override; warning
    @(151.7291 mm, 88.9954 mm): Segment of MCM93_MOD1 on Top Overlay
[silk_over_copper]: Silkscreen clipped by solder mask
    Local override; warning
    @(148.3762 mm, 51.3293 mm): Reference field of C22
[silk_over_copper]: Silkscreen clipped by solder mask
    Local override; warning
    @(150.0050 mm, 119.0929 mm): Reference field of C36
[silk_over_copper]: Silkscreen clipped by solder mask
    Local override; warning
    @(133.0562 mm, 134.6309 mm): Reference field of C4
[text_height]: Text height out of range (board setup constraints silk text height min height 0.8000 mm; actual 0.5000 mm)
    Rule: board setup constraints silk text height; warning
    @(107.4000 mm, 87.0000 mm): PCB text '5V' on Top Overlay
[text_height]: Text height out of range (board setup constraints silk text height min height 0.8000 mm; actual 0.5000 mm)
    Rule: board setup constraints silk text height; warning
    @(107.4000 mm, 89.4000 mm): PCB text 'TX
' on Top Overlay
[text_height]: Text height out of range (board setup constraints silk text height min height 0.8000 mm; actual 0.5000 mm)
    Rule: board setup constraints silk text height; warning
    @(107.4000 mm, 92.0000 mm): PCB text 'RX
' on Top Overlay
[text_height]: Text height out of range (board setup constraints silk text height min height 0.8000 mm; actual 0.5000 mm)
    Rule: board setup constraints silk text height; warning
    @(107.6000 mm, 84.8000 mm): PCB text 'GND
' on Top Overlay
[text_height]: Text height out of range (board setup constraints silk text height min height 0.8000 mm; actual 0.5000 mm)
    Rule: board setup constraints silk text height; warning
    @(107.8000 mm, 95.4000 mm): PCB text '3.3V' on Top Overlay
[text_height]: Text height out of range (board setup constraints silk text height min height 0.8000 mm; actual 0.6400 mm)
    Rule: board setup constraints silk text height; warning
    @(152.6466 mm, 103.3780 mm): Reference field of U3
[text_height]: Text height out of range (board setup constraints silk text height min height 0.8000 mm; actual 0.6400 mm)
    Rule: board setup constraints silk text height; warning
    @(153.0524 mm, 107.6749 mm): Reference field of U4
[lib_footprint_mismatch]: Footprint 'HIROSE_DF40C-34DS-0.4V_58_' does not match copy in library 'DF40-34P'
    Local override; warning
    @(137.8000 mm, 31.2900 mm): Footprint J3
[lib_footprint_mismatch]: Footprint 'USB_C_Receptacle_HRO_TYPE-C-31-M-12' does not match copy in library 'Connector_USB'
    Local override; warning
    @(137.7000 mm, 151.8100 mm): Footprint J1
[lib_footprint_issues]: The current configuration does not include the footprint library 'footprints'
    Local override; warning
    @(110.5500 mm, 121.2750 mm): Footprint U6
[lib_footprint_mismatch]: Footprint 'HIROSE_DF40C-34DS-0.4V_58_' does not match copy in library 'DF40-34P'
    Local override; warning
    @(155.6000 mm, 146.5400 mm): Footprint J5
[lib_footprint_issues]: The current configuration does not include the footprint library 'SSSS810701'
    Local override; warning
    @(169.8000 mm, 63.6000 mm): Footprint ON/OFF1
[lib_footprint_mismatch]: Footprint 'U.FL_Hirose_U.FL-R-SMT-1_Vertical' does not match copy in library 'Connector_Coaxial'
    Local override; warning
    @(103.0250 mm, 121.2750 mm): Footprint J6
[lib_footprint_mismatch]: Footprint 'HIROSE_DF40C-34DS-0.4V_58_' does not match copy in library 'DF40-34P'
    Local override; warning
    @(116.8000 mm, 146.5400 mm): Footprint J4
[lib_footprint_mismatch]: Footprint 'microSD_HC_Hirose_DM3AT-SF-PEJM5' does not match copy in library 'Connector_Card'
    Local override; warning
    @(109.5150 mm, 105.7200 mm): Footprint J7
[lib_footprint_mismatch]: Footprint 'LGA-140-080-30x30-iMX93' does not match copy in library 'mcm-imx93_footprint'
    Local override; warning
    @(136.7291 mm, 73.9954 mm): Footprint MCM93_MOD1
[padstack]: Padstack is questionable (negative solder paste margin is larger than pad; no solder paste mask will be generated)
    Local override; warning
    @(150.3291 mm, 59.3584 mm): Pad 1 [unconnected-(MCM93_MOD1-Pad1)] of MCM93_MOD1 on Top Layer
[padstack]: Padstack is questionable (negative solder paste margin is larger than pad; no solder paste mask will be generated)
    Local override; warning
    @(149.5291 mm, 59.3584 mm): Pad 2 [unconnected-(MCM93_MOD1-Pad2)] of MCM93_MOD1 on Top Layer
[padstack]: Padstack is questionable (negative solder paste margin is larger than pad; no solder paste mask will be generated)
    Local override; warning
    @(148.7291 mm, 59.3584 mm): Pad 3 [ONOFF] of MCM93_MOD1 on Top Layer
[padstack]: Padstack is questionable (negative solder paste margin is larger than pad; no solder paste mask will be generated)
    Local override; warning
    @(147.9291 mm, 59.3584 mm): Pad 4 [+5V] of MCM93_MOD1 on Top Layer
[padstack]: Padstack is questionable (negative solder paste margin is larger than pad; no solder paste mask will be generated)
    Local override; warning
    @(147.1291 mm, 59.3584 mm): Pad 5 [unconnected-(MCM93_MOD1-Pad5)] of MCM93_MOD1 on Top Layer
[padstack]: Padstack is questionable (negative solder paste margin is larger than pad; no solder paste mask will be generated)
    Local override; warning
    @(146.3291 mm, 59.3584 mm): Pad 6 [+5V] of MCM93_MOD1 on Top Layer
[padstack]: Padstack is questionable (negative solder paste margin is larger than pad; no solder paste mask will be generated)
    Local override; warning
    @(145.5291 mm, 59.3584 mm): Pad 7 [unconnected-(MCM93_MOD1-Pad7)] of MCM93_MOD1 on Top Layer
[padstack]: Padstack is questionable (negative solder paste margin is larger than pad; no solder paste mask will be generated)
    Local override; warning
    @(144.7291 mm, 59.3584 mm): Pad 8 [unconnected-(MCM93_MOD1-Pad8)] of MCM93_MOD1 on Top Layer
[padstack]: Padstack is questionable (negative solder paste margin is larger than pad; no solder paste mask will be generated)
    Local override; warning
    @(143.9291 mm, 59.3584 mm): Pad 9 [unconnected-(MCM93_MOD1-Pad9)] of MCM93_MOD1 on Top Layer
[padstack]: Padstack is questionable (negative solder paste margin is larger than pad; no solder paste mask will be generated)
    Local override; warning
    @(143.1291 mm, 59.3584 mm): Pad 10 [unconnected-(MCM93_MOD1-Pad10)] of MCM93_MOD1 on Top Layer
[padstack]: Padstack is questionable (negative solder paste margin is larger than pad; no solder paste mask will be generated)
    Local override; warning
    @(142.3291 mm, 59.3584 mm): Pad 11 [+5V] of MCM93_MOD1 on Top Layer
[padstack]: Padstack is questionable (negative solder paste margin is larger than pad; no solder paste mask will be generated)
    Local override; warning
    @(141.5291 mm, 59.3584 mm): Pad 12 [unconnected-(MCM93_MOD1-Pad12)] of MCM93_MOD1 on Top Layer
[padstack]: Padstack is questionable (negative solder paste margin is larger than pad; no solder paste mask will be generated)
    Local override; warning
    @(140.7291 mm, 59.3584 mm): Pad 13 [unconnected-(MCM93_MOD1-Pad13)] of MCM93_MOD1 on Top Layer
[padstack]: Padstack is questionable (negative solder paste margin is larger than pad; no solder paste mask will be generated)
    Local override; warning
    @(139.9291 mm, 59.3584 mm): Pad 14 [RESET] of MCM93_MOD1 on Top Layer
[padstack]: Padstack is questionable (negative solder paste margin is larger than pad; no solder paste mask will be generated)
    Local override; warning
    @(139.1291 mm, 59.3584 mm): Pad 15 [+5V] of MCM93_MOD1 on Top Layer
[padstack]: Padstack is questionable (negative solder paste margin is larger than pad; no solder paste mask will be generated)
    Local override; warning
    @(138.3291 mm, 59.3584 mm): Pad 16 [unconnected-(MCM93_MOD1-Pad16)] of MCM93_MOD1 on Top Layer
[padstack]: Padstack is questionable (negative solder paste margin is larger than pad; no solder paste mask will be generated)
    Local override; warning
    @(137.5291 mm, 59.3584 mm): Pad 17 [unconnected-(MCM93_MOD1-Pad17)] of MCM93_MOD1 on Top Layer
[padstack]: Padstack is questionable (negative solder paste margin is larger than pad; no solder paste mask will be generated)
    Local override; warning
    @(136.7291 mm, 59.3584 mm): Pad 18 [/CSI_CLK_N] of MCM93_MOD1 on Top Layer
[padstack]: Padstack is questionable (negative solder paste margin is larger than pad; no solder paste mask will be generated)
    Local override; warning
    @(135.9291 mm, 59.3584 mm): Pad 19 [/CSI_CLK_P] of MCM93_MOD1 on Top Layer
[padstack]: Padstack is questionable (negative solder paste margin is larger than pad; no solder paste mask will be generated)
    Local override; warning
    @(135.1291 mm, 59.3584 mm): Pad 20 [/CSI_D0_N] of MCM93_MOD1 on Top Layer
[padstack]: Padstack is questionable (negative solder paste margin is larger than pad; no solder paste mask will be generated)
    Local override; warning
    @(134.3291 mm, 59.3584 mm): Pad 21 [/CSI_D0_P] of MCM93_MOD1 on Top Layer
[padstack]: Padstack is questionable (negative solder paste margin is larger than pad; no solder paste mask will be generated)
    Local override; warning
    @(133.5291 mm, 59.3584 mm): Pad 22 [/CSI_D1_N] of MCM93_MOD1 on Top Layer
[padstack]: Padstack is questionable (negative solder paste margin is larger than pad; no solder paste mask will be generated)
    Local override; warning
    @(132.7291 mm, 59.3584 mm): Pad 23 [/CSI_D1_P] of MCM93_MOD1 on Top Layer
[padstack]: Padstack is questionable (negative solder paste margin is larger than pad; no solder paste mask will be generated)
    Local override; warning
    @(131.9291 mm, 59.3584 mm): Pad 24 [/DSI_CLK_N] of MCM93_MOD1 on Top Layer
[padstack]: Padstack is questionable (negative solder paste margin is larger than pad; no solder paste mask will be generated)
    Local override; warning
    @(131.1291 mm, 59.3584 mm): Pad 25 [/DSI_CLK_P] of MCM93_MOD1 on Top Layer
[padstack]: Padstack is questionable (negative solder paste margin is larger than pad; no solder paste mask will be generated)
    Local override; warning
    @(130.3291 mm, 59.3584 mm): Pad 26 [/DSI_D0_N] of MCM93_MOD1 on Top Layer
[padstack]: Padstack is questionable (negative solder paste margin is larger than pad; no solder paste mask will be generated)
    Local override; warning
    @(129.5291 mm, 59.3584 mm): Pad 27 [/DSI_D0_P] of MCM93_MOD1 on Top Layer
[padstack]: Padstack is questionable (negative solder paste margin is larger than pad; no solder paste mask will be generated)
    Local override; warning
    @(128.7291 mm, 59.3584 mm): Pad 28 [/DSI_D1_N] of MCM93_MOD1 on Top Layer
[padstack]: Padstack is questionable (negative solder paste margin is larger than pad; no solder paste mask will be generated)
    Local override; warning
    @(127.9291 mm, 59.3584 mm): Pad 29 [/DSI_D1_P] of MCM93_MOD1 on Top Layer
[padstack]: Padstack is questionable (negative solder paste margin is larger than pad; no solder paste mask will be generated)
    Local override; warning
    @(127.1291 mm, 59.3584 mm): Pad 30 [/DSI_D2_N] of MCM93_MOD1 on Top Layer
[padstack]: Padstack is questionable (negative solder paste margin is larger than pad; no solder paste mask will be generated)
    Local override; warning
    @(126.3291 mm, 59.3584 mm): Pad 31 [/DSI_D2_P] of MCM93_MOD1 on Top Layer
[padstack]: Padstack is questionable (negative solder paste margin is larger than pad; no solder paste mask will be generated)
    Local override; warning
    @(125.5291 mm, 59.3584 mm): Pad 32 [/DSI_D3_N] of MCM93_MOD1 on Top Layer
[padstack]: Padstack is questionable (negative solder paste margin is larger than pad; no solder paste mask will be generated)
    Local override; warning
    @(124.7291 mm, 59.3584 mm): Pad 33 [/DSI_D3_P] of MCM93_MOD1 on Top Layer
[padstack]: Padstack is questionable (negative solder paste margin is larger than pad; no solder paste mask will be generated)
    Local override; warning
    @(123.9291 mm, 59.3584 mm): Pad 34 [unconnected-(MCM93_MOD1-Pad34)] of MCM93_MOD1 on Top Layer
[padstack]: Padstack is questionable (negative solder paste margin is larger than pad; no solder paste mask will be generated)
    Local override; warning
    @(123.1291 mm, 59.3584 mm): Pad 35 [unconnected-(MCM93_MOD1-Pad35)] of MCM93_MOD1 on Top Layer
[padstack]: Padstack is questionable (negative solder paste margin is larger than pad; no solder paste mask will be generated)
    Local override; warning
    @(122.0911 mm, 60.3954 mm): Pad 36 [unconnected-(MCM93_MOD1B-1-Pad36)] of MCM93_MOD1 on Top Layer
[padstack]: Padstack is questionable (negative solder paste margin is larger than pad; no solder paste mask will be generated)
    Local override; warning
    @(122.0911 mm, 61.1954 mm): Pad 37 [unconnected-(MCM93_MOD1B-2-Pad37)] of MCM93_MOD1 on Top Layer
[padstack]: Padstack is questionable (negative solder paste margin is larger than pad; no solder paste mask will be generated)
    Local override; warning
    @(122.0911 mm, 61.9954 mm): Pad 38 [unconnected-(MCM93_MOD1B-3-Pad38)] of MCM93_MOD1 on Top Layer
[padstack]: Padstack is questionable (negative solder paste margin is larger than pad; no solder paste mask will be generated)
    Local override; warning
    @(122.0911 mm, 62.7954 mm): Pad 39 [unconnected-(MCM93_MOD1B-4-Pad39)] of MCM93_MOD1 on Top Layer
[padstack]: Padstack is questionable (negative solder paste margin is larger than pad; no solder paste mask will be generated)
    Local override; warning
    @(122.0911 mm, 63.5954 mm): Pad 40 [unconnected-(MCM93_MOD1B-5-Pad40)] of MCM93_MOD1 on Top Layer
[padstack]: Padstack is questionable (negative solder paste margin is larger than pad; no solder paste mask will be generated)
    Local override; warning
    @(122.0911 mm, 64.3954 mm): Pad 41 [unconnected-(MCM93_MOD1B-6-Pad41)] of MCM93_MOD1 on Top Layer
[padstack]: Padstack is questionable (negative solder paste margin is larger than pad; no solder paste mask will be generated)
    Local override; warning
    @(122.0911 mm, 65.1954 mm): Pad 42 [unconnected-(MCM93_MOD1B-7-Pad42)] of MCM93_MOD1 on Top Layer
[padstack]: Padstack is questionable (negative solder paste margin is larger than pad; no solder paste mask will be generated)
    Local override; warning
    @(122.0911 mm, 65.9954 mm): Pad 43 [unconnected-(MCM93_MOD1B-8-Pad43)] of MCM93_MOD1 on Top Layer
[padstack]: Padstack is questionable (negative solder paste margin is larger than pad; no solder paste mask will be generated)
    Local override; warning
    @(122.0911 mm, 66.7954 mm): Pad 44 [unconnected-(MCM93_MOD1B-9-Pad44)] of MCM93_MOD1 on Top Layer
[padstack]: Padstack is questionable (negative solder paste margin is larger than pad; no solder paste mask will be generated)
    Local override; warning
    @(122.0911 mm, 67.5954 mm): Pad 45 [/I2C3_SCL] of MCM93_MOD1 on Top Layer
[padstack]: Padstack is questionable (negative solder paste margin is larger than pad; no solder paste mask will be generated)
    Local override; warning
    @(122.0911 mm, 68.3954 mm): Pad 46 [unconnected-(MCM93_MOD1B-11-Pad46)] of MCM93_MOD1 on Top Layer
[padstack]: Padstack is questionable (negative solder paste margin is larger than pad; no solder paste mask will be generated)
    Local override; warning
    @(122.0911 mm, 69.1954 mm): Pad 47 [unconnected-(MCM93_MOD1B-12-Pad47)] of MCM93_MOD1 on Top Layer
[padstack]: Padstack is questionable (negative solder paste margin is larger than pad; no solder paste mask will be generated)
    Local override; warning
    @(122.0911 mm, 69.9954 mm): Pad 48 [unconnected-(MCM93_MOD1B-13-Pad48)] of MCM93_MOD1 on Top Layer
[padstack]: Padstack is questionable (negative solder paste margin is larger than pad; no solder paste mask will be generated)
    Local override; warning
    @(122.0911 mm, 70.7954 mm): Pad 49 [unconnected-(MCM93_MOD1B-14-Pad49)] of MCM93_MOD1 on Top Layer
[padstack]: Padstack is questionable (negative solder paste margin is larger than pad; no solder paste mask will be generated)
    Local override; warning
    @(122.0911 mm, 71.5954 mm): Pad 50 [unconnected-(MCM93_MOD1B-15-Pad50)] of MCM93_MOD1 on Top Layer
[padstack]: Padstack is questionable (negative solder paste margin is larger than pad; no solder paste mask will be generated)
    Local override; warning
    @(122.0911 mm, 72.3954 mm): Pad 51 [PCM_OUT] of MCM93_MOD1 on Top Layer
[padstack]: Padstack is questionable (negative solder paste margin is larger than pad; no solder paste mask will be generated)
    Local override; warning
    @(122.0911 mm, 73.1954 mm): Pad 52 [unconnected-(MCM93_MOD1B-17-Pad52)] of MCM93_MOD1 on Top Layer
[padstack]: Padstack is questionable (negative solder paste margin is larger than pad; no solder paste mask will be generated)
    Local override; warning
    @(122.0911 mm, 73.9954 mm): Pad 53 [unconnected-(MCM93_MOD1B-18-Pad53)] of MCM93_MOD1 on Top Layer
[padstack]: Padstack is questionable (negative solder paste margin is larger than pad; no solder paste mask will be generated)
    Local override; warning
    @(122.0911 mm, 74.7954 mm): Pad 54 [PCM_SYNC] of MCM93_MOD1 on Top Layer
[padstack]: Padstack is questionable (negative solder paste margin is larger than pad; no solder paste mask will be generated)
    Local override; warning
    @(122.0911 mm, 75.5954 mm): Pad 55 [unconnected-(MCM93_MOD1B-20-Pad55)] of MCM93_MOD1 on Top Layer
[padstack]: Padstack is questionable (negative solder paste margin is larger than pad; no solder paste mask will be generated)
    Local override; warning
    @(122.0911 mm, 76.3954 mm): Pad 56 [PCM_CLK] of MCM93_MOD1 on Top Layer
[padstack]: Padstack is questionable (negative solder paste margin is larger than pad; no solder paste mask will be generated)
    Local override; warning
    @(122.0911 mm, 77.1954 mm): Pad 57 [unconnected-(MCM93_MOD1B-22-Pad57)] of MCM93_MOD1 on Top Layer
[padstack]: Padstack is questionable (negative solder paste margin is larger than pad; no solder paste mask will be generated)
    Local override; warning
    @(122.0911 mm, 77.9954 mm): Pad 58 [PCM_IN] of MCM93_MOD1 on Top Layer
[padstack]: Padstack is questionable (negative solder paste margin is larger than pad; no solder paste mask will be generated)
    Local override; warning
    @(122.0911 mm, 78.7954 mm): Pad 59 [unconnected-(MCM93_MOD1B-24-Pad59)] of MCM93_MOD1 on Top Layer
[padstack]: Padstack is questionable (negative solder paste margin is larger than pad; no solder paste mask will be generated)
    Local override; warning
    @(122.0911 mm, 79.5954 mm): Pad 60 [unconnected-(MCM93_MOD1B-25-Pad60)] of MCM93_MOD1 on Top Layer
[padstack]: Padstack is questionable (negative solder paste margin is larger than pad; no solder paste mask will be generated)
    Local override; warning
    @(122.0911 mm, 80.3954 mm): Pad 61 [unconnected-(MCM93_MOD1B-26-Pad61)] of MCM93_MOD1 on Top Layer
[padstack]: Padstack is questionable (negative solder paste margin is larger than pad; no solder paste mask will be generated)
    Local override; warning
    @(122.0911 mm, 81.1954 mm): Pad 62 [unconnected-(MCM93_MOD1B-27-Pad62)] of MCM93_MOD1 on Top Layer
[padstack]: Padstack is questionable (negative solder paste margin is larger than pad; no solder paste mask will be generated)
    Local override; warning
    @(122.0911 mm, 81.9954 mm): Pad 63 [UART_TX] of MCM93_MOD1 on Top Layer
[padstack]: Padstack is questionable (negative solder paste margin is larger than pad; no solder paste mask will be generated)
    Local override; warning
    @(122.0911 mm, 82.7954 mm): Pad 64 [UART_RX] of MCM93_MOD1 on Top Layer
[padstack]: Padstack is questionable (negative solder paste margin is larger than pad; no solder paste mask will be generated)
    Local override; warning
    @(122.0911 mm, 83.5954 mm): Pad 65 [SD2_RST_B] of MCM93_MOD1 on Top Layer
[padstack]: Padstack is questionable (negative solder paste margin is larger than pad; no solder paste mask will be generated)
    Local override; warning
    @(122.0911 mm, 84.3954 mm): Pad 66 [/AUDIO_DATA_OUT] of MCM93_MOD1 on Top Layer
[padstack]: Padstack is questionable (negative solder paste margin is larger than pad; no solder paste mask will be generated)
    Local override; warning
    @(122.0911 mm, 85.1954 mm): Pad 67 [SD2_DAT3] of MCM93_MOD1 on Top Layer
[padstack]: Padstack is questionable (negative solder paste margin is larger than pad; no solder paste mask will be generated)
    Local override; warning
    @(122.0911 mm, 85.9954 mm): Pad 68 [SD2_DAT2] of MCM93_MOD1 on Top Layer
[padstack]: Padstack is questionable (negative solder paste margin is larger than pad; no solder paste mask will be generated)
    Local override; warning
    @(122.0911 mm, 86.7954 mm): Pad 69 [SD2_CMD] of MCM93_MOD1 on Top Layer
[padstack]: Padstack is questionable (negative solder paste margin is larger than pad; no solder paste mask will be generated)
    Local override; warning
    @(122.0911 mm, 87.5954 mm): Pad 70 [SD2_CLK] of MCM93_MOD1 on Top Layer
[padstack]: Padstack is questionable (negative solder paste margin is larger than pad; no solder paste mask will be generated)
    Local override; warning
    @(123.1291 mm, 88.6334 mm): Pad 71 [unconnected-(MCM93_MOD1C-1-Pad71)] of MCM93_MOD1 on Top Layer
[padstack]: Padstack is questionable (negative solder paste margin is larger than pad; no solder paste mask will be generated)
    Local override; warning
    @(123.9291 mm, 88.6334 mm): Pad 72 [SD2_DAT0] of MCM93_MOD1 on Top Layer
[padstack]: Padstack is questionable (negative solder paste margin is larger than pad; no solder paste mask will be generated)
    Local override; warning
    @(124.7291 mm, 88.6334 mm): Pad 73 [SD2_DAT1] of MCM93_MOD1 on Top Layer
[padstack]: Padstack is questionable (negative solder paste margin is larger than pad; no solder paste mask will be generated)
    Local override; warning
    @(125.5291 mm, 88.6334 mm): Pad 74 [SD2_CD_B] of MCM93_MOD1 on Top Layer
[padstack]: Padstack is questionable (negative solder paste margin is larger than pad; no solder paste mask will be generated)
    Local override; warning
    @(126.3291 mm, 88.6334 mm): Pad 75 [unconnected-(MCM93_MOD1C-5-Pad75)] of MCM93_MOD1 on Top Layer
[padstack]: Padstack is questionable (negative solder paste margin is larger than pad; no solder paste mask will be generated)
    Local override; warning
    @(127.1291 mm, 88.6334 mm): Pad 76 [SD2_CD_B] of MCM93_MOD1 on Top Layer
[padstack]: Padstack is questionable (negative solder paste margin is larger than pad; no solder paste mask will be generated)
    Local override; warning
    @(127.9291 mm, 88.6334 mm): Pad 77 [unconnected-(MCM93_MOD1C-7-Pad77)] of MCM93_MOD1 on Top Layer
[padstack]: Padstack is questionable (negative solder paste margin is larger than pad; no solder paste mask will be generated)
    Local override; warning
    @(128.7291 mm, 88.6334 mm): Pad 78 [unconnected-(MCM93_MOD1C-8-Pad78)] of MCM93_MOD1 on Top Layer
[padstack]: Padstack is questionable (negative solder paste margin is larger than pad; no solder paste mask will be generated)
    Local override; warning
    @(129.5291 mm, 88.6334 mm): Pad 79 [unconnected-(MCM93_MOD1C-9-Pad79)] of MCM93_MOD1 on Top Layer
[padstack]: Padstack is questionable (negative solder paste margin is larger than pad; no solder paste mask will be generated)
    Local override; warning
    @(130.3291 mm, 88.6334 mm): Pad 80 [unconnected-(MCM93_MOD1C-10-Pad80)] of MCM93_MOD1 on Top Layer
[padstack]: Padstack is questionable (negative solder paste margin is larger than pad; no solder paste mask will be generated)
    Local override; warning
    @(131.1291 mm, 88.6334 mm): Pad 81 [unconnected-(MCM93_MOD1C-11-Pad81)] of MCM93_MOD1 on Top Layer
[padstack]: Padstack is questionable (negative solder paste margin is larger than pad; no solder paste mask will be generated)
    Local override; warning
    @(131.9291 mm, 88.6334 mm): Pad 82 [unconnected-(MCM93_MOD1C-12-Pad82)] of MCM93_MOD1 on Top Layer
[padstack]: Padstack is questionable (negative solder paste margin is larger than pad; no solder paste mask will be generated)
    Local override; warning
    @(132.7291 mm, 88.6334 mm): Pad 83 [unconnected-(MCM93_MOD1C-13-Pad83)] of MCM93_MOD1 on Top Layer
[padstack]: Padstack is questionable (negative solder paste margin is larger than pad; no solder paste mask will be generated)
    Local override; warning
    @(133.5291 mm, 88.6334 mm): Pad 84 [unconnected-(MCM93_MOD1C-14-Pad84)] of MCM93_MOD1 on Top Layer
[padstack]: Padstack is questionable (negative solder paste margin is larger than pad; no solder paste mask will be generated)
    Local override; warning
    @(134.3291 mm, 88.6334 mm): Pad 85 [GPIO_WF_2] of MCM93_MOD1 on Top Layer
[padstack]: Padstack is questionable (negative solder paste margin is larger than pad; no solder paste mask will be generated)
    Local override; warning
    @(135.1291 mm, 88.6334 mm): Pad 86 [unconnected-(MCM93_MOD1C-16-Pad86)] of MCM93_MOD1 on Top Layer
[padstack]: Padstack is questionable (negative solder paste margin is larger than pad; no solder paste mask will be generated)
    Local override; warning
    @(135.9291 mm, 88.6334 mm): Pad 87 [unconnected-(MCM93_MOD1C-17-Pad87)] of MCM93_MOD1 on Top Layer
[padstack]: Padstack is questionable (negative solder paste margin is larger than pad; no solder paste mask will be generated)
    Local override; warning
    @(136.7291 mm, 88.6334 mm): Pad 88 [unconnected-(MCM93_MOD1C-18-Pad88)] of MCM93_MOD1 on Top Layer
[padstack]: Padstack is questionable (negative solder paste margin is larger than pad; no solder paste mask will be generated)
    Local override; warning
    @(137.5291 mm, 88.6334 mm): Pad 89 [unconnected-(MCM93_MOD1C-19-Pad89)] of MCM93_MOD1 on Top Layer
[padstack]: Padstack is questionable (negative solder paste margin is larger than pad; no solder paste mask will be generated)
    Local override; warning
    @(138.3291 mm, 88.6334 mm): Pad 90 [unconnected-(MCM93_MOD1C-20-Pad90)] of MCM93_MOD1 on Top Layer
[padstack]: Padstack is questionable (negative solder paste margin is larger than pad; no solder paste mask will be generated)
    Local override; warning
    @(139.1291 mm, 88.6334 mm): Pad 91 [unconnected-(MCM93_MOD1C-21-Pad91)] of MCM93_MOD1 on Top Layer
[padstack]: Padstack is questionable (negative solder paste margin is larger than pad; no solder paste mask will be generated)
    Local override; warning
    @(139.9291 mm, 88.6334 mm): Pad 92 [unconnected-(MCM93_MOD1C-22-Pad92)] of MCM93_MOD1 on Top Layer
[padstack]: Padstack is questionable (negative solder paste margin is larger than pad; no solder paste mask will be generated)
    Local override; warning
    @(140.7291 mm, 88.6334 mm): Pad 93 [GPIO_WF_1] of MCM93_MOD1 on Top Layer
[padstack]: Padstack is questionable (negative solder paste margin is larger than pad; no solder paste mask will be generated)
    Local override; warning
    @(141.5291 mm, 88.6334 mm): Pad 94 [GPIO_WF_0] of MCM93_MOD1 on Top Layer
[padstack]: Padstack is questionable (negative solder paste margin is larger than pad; no solder paste mask will be generated)
    Local override; warning
    @(142.3291 mm, 88.6334 mm): Pad 95 [unconnected-(MCM93_MOD1C-25-Pad95)] of MCM93_MOD1 on Top Layer
[padstack]: Padstack is questionable (negative solder paste margin is larger than pad; no solder paste mask will be generated)
    Local override; warning
    @(143.1291 mm, 88.6334 mm): Pad 96 [unconnected-(MCM93_MOD1C-26-Pad96)] of MCM93_MOD1 on Top Layer
[padstack]: Padstack is questionable (negative solder paste margin is larger than pad; no solder paste mask will be generated)
    Local override; warning
    @(143.9291 mm, 88.6334 mm): Pad 97 [CAM_I2C_SCL] of MCM93_MOD1 on Top Layer
[padstack]: Padstack is questionable (negative solder paste margin is larger than pad; no solder paste mask will be generated)
    Local override; warning
    @(144.7291 mm, 88.6334 mm): Pad 98 [CAM_I2C_SDA] of MCM93_MOD1 on Top Layer
[padstack]: Padstack is questionable (negative solder paste margin is larger than pad; no solder paste mask will be generated)
    Local override; warning
    @(145.5291 mm, 88.6334 mm): Pad 99 [unconnected-(MCM93_MOD1C-29-Pad99)] of MCM93_MOD1 on Top Layer
[padstack]: Padstack is questionable (negative solder paste margin is larger than pad; no solder paste mask will be generated)
    Local override; warning
    @(146.3291 mm, 88.6334 mm): Pad 100 [BT_UART_RTS_N] of MCM93_MOD1 on Top Layer
[padstack]: Padstack is questionable (negative solder paste margin is larger than pad; no solder paste mask will be generated)
    Local override; warning
    @(147.1291 mm, 88.6334 mm): Pad 101 [BT_UART_CTS_N] of MCM93_MOD1 on Top Layer
[padstack]: Padstack is questionable (negative solder paste margin is larger than pad; no solder paste mask will be generated)
    Local override; warning
    @(147.9291 mm, 88.6334 mm): Pad 102 [BT_UART_R] of MCM93_MOD1 on Top Layer
[padstack]: Padstack is questionable (negative solder paste margin is larger than pad; no solder paste mask will be generated)
    Local override; warning
    @(148.7291 mm, 88.6334 mm): Pad 103 [BT_UART_T] of MCM93_MOD1 on Top Layer
[padstack]: Padstack is questionable (negative solder paste margin is larger than pad; no solder paste mask will be generated)
    Local override; warning
    @(149.5291 mm, 88.6334 mm): Pad 104 [REG_ON_WL] of MCM93_MOD1 on Top Layer
[padstack]: Padstack is questionable (negative solder paste margin is larger than pad; no solder paste mask will be generated)
    Local override; warning
    @(150.3291 mm, 88.6334 mm): Pad 105 [REG_ON_BL] of MCM93_MOD1 on Top Layer
[padstack]: Padstack is questionable (negative solder paste margin is larger than pad; no solder paste mask will be generated)
    Local override; warning
    @(151.3661 mm, 87.5954 mm): Pad 106 [unconnected-(MCM93_MOD1D-1-Pad106)] of MCM93_MOD1 on Top Layer
[padstack]: Padstack is questionable (negative solder paste margin is larger than pad; no solder paste mask will be generated)
    Local override; warning
    @(151.3661 mm, 86.7954 mm): Pad 107 [unconnected-(MCM93_MOD1D-2-Pad107)] of MCM93_MOD1 on Top Layer
[padstack]: Padstack is questionable (negative solder paste margin is larger than pad; no solder paste mask will be generated)
    Local override; warning
    @(151.3661 mm, 85.9954 mm): Pad 108 [RST] of MCM93_MOD1 on Top Layer
[padstack]: Padstack is questionable (negative solder paste margin is larger than pad; no solder paste mask will be generated)
    Local override; warning
    @(151.3661 mm, 85.1954 mm): Pad 109 [SDIO_CLK] of MCM93_MOD1 on Top Layer
[padstack]: Padstack is questionable (negative solder paste margin is larger than pad; no solder paste mask will be generated)
    Local override; warning
    @(151.3661 mm, 84.3954 mm): Pad 110 [SDIO_2] of MCM93_MOD1 on Top Layer
[padstack]: Padstack is questionable (negative solder paste margin is larger than pad; no solder paste mask will be generated)
    Local override; warning
    @(151.3661 mm, 83.5954 mm): Pad 111 [SDIO_3] of MCM93_MOD1 on Top Layer
[padstack]: Padstack is questionable (negative solder paste margin is larger than pad; no solder paste mask will be generated)
    Local override; warning
    @(151.3661 mm, 82.7954 mm): Pad 112 [SDIO_1] of MCM93_MOD1 on Top Layer
[padstack]: Padstack is questionable (negative solder paste margin is larger than pad; no solder paste mask will be generated)
    Local override; warning
    @(151.3661 mm, 81.9954 mm): Pad 113 [SDIO_CMD] of MCM93_MOD1 on Top Layer
[padstack]: Padstack is questionable (negative solder paste margin is larger than pad; no solder paste mask will be generated)
    Local override; warning
    @(151.3661 mm, 81.1954 mm): Pad 114 [SDIO_0] of MCM93_MOD1 on Top Layer
[padstack]: Padstack is questionable (negative solder paste margin is larger than pad; no solder paste mask will be generated)
    Local override; warning
    @(151.3661 mm, 80.3954 mm): Pad 115 [unconnected-(MCM93_MOD1D-10-Pad115)] of MCM93_MOD1 on Top Layer
[padstack]: Padstack is questionable (negative solder paste margin is larger than pad; no solder paste mask will be generated)
    Local override; warning
    @(151.3661 mm, 79.5954 mm): Pad 116 [unconnected-(MCM93_MOD1D-11-Pad116)] of MCM93_MOD1 on Top Layer
[padstack]: Padstack is questionable (negative solder paste margin is larger than pad; no solder paste mask will be generated)
    Local override; warning
    @(151.3661 mm, 78.7954 mm): Pad 117 [unconnected-(MCM93_MOD1D-12-Pad117)] of MCM93_MOD1 on Top Layer
[padstack]: Padstack is questionable (negative solder paste margin is larger than pad; no solder paste mask will be generated)
    Local override; warning
    @(151.3661 mm, 77.9954 mm): Pad 118 [unconnected-(MCM93_MOD1D-13-Pad118)] of MCM93_MOD1 on Top Layer
[padstack]: Padstack is questionable (negative solder paste margin is larger than pad; no solder paste mask will be generated)
    Local override; warning
    @(151.3661 mm, 77.1954 mm): Pad 119 [unconnected-(MCM93_MOD1D-14-Pad119)] of MCM93_MOD1 on Top Layer
[padstack]: Padstack is questionable (negative solder paste margin is larger than pad; no solder paste mask will be generated)
    Local override; warning
    @(151.3661 mm, 76.3954 mm): Pad 120 [unconnected-(MCM93_MOD1D-15-Pad120)] of MCM93_MOD1 on Top Layer
[padstack]: Padstack is questionable (negative solder paste margin is larger than pad; no solder paste mask will be generated)
    Local override; warning
    @(151.3661 mm, 75.5954 mm): Pad 121 [unconnected-(MCM93_MOD1D-16-Pad121)] of MCM93_MOD1 on Top Layer
[padstack]: Padstack is questionable (negative solder paste margin is larger than pad; no solder paste mask will be generated)
    Local override; warning
    @(151.3661 mm, 74.7954 mm): Pad 122 [unconnected-(MCM93_MOD1D-17-Pad122)] of MCM93_MOD1 on Top Layer
[padstack]: Padstack is questionable (negative solder paste margin is larger than pad; no solder paste mask will be generated)
    Local override; warning
    @(151.3661 mm, 73.9954 mm): Pad 123 [unconnected-(MCM93_MOD1D-18-Pad123)] of MCM93_MOD1 on Top Layer
[padstack]: Padstack is questionable (negative solder paste margin is larger than pad; no solder paste mask will be generated)
    Local override; warning
    @(151.3661 mm, 73.1954 mm): Pad 124 [unconnected-(MCM93_MOD1D-19-Pad124)] of MCM93_MOD1 on Top Layer
[padstack]: Padstack is questionable (negative solder paste margin is larger than pad; no solder paste mask will be generated)
    Local override; warning
    @(151.3661 mm, 72.3954 mm): Pad 125 [unconnected-(MCM93_MOD1D-20-Pad125)] of MCM93_MOD1 on Top Layer
[padstack]: Padstack is questionable (negative solder paste margin is larger than pad; no solder paste mask will be generated)
    Local override; warning
    @(151.3661 mm, 71.5954 mm): Pad 126 [/AUDIO_FRAME_CLOCK] of MCM93_MOD1 on Top Layer
[padstack]: Padstack is questionable (negative solder paste margin is larger than pad; no solder paste mask will be generated)
    Local override; warning
    @(151.3661 mm, 70.7954 mm): Pad 127 [GND] of MCM93_MOD1 on Top Layer
[padstack]: Padstack is questionable (negative solder paste margin is larger than pad; no solder paste mask will be generated)
    Local override; warning
    @(151.3661 mm, 69.9954 mm): Pad 128 [unconnected-(MCM93_MOD1D-23-Pad128)] of MCM93_MOD1 on Top Layer
[padstack]: Padstack is questionable (negative solder paste margin is larger than pad; no solder paste mask will be generated)
    Local override; warning
    @(151.3661 mm, 69.1954 mm): Pad 129 [/I2C3_SDA] of MCM93_MOD1 on Top Layer
[padstack]: Padstack is questionable (negative solder paste margin is larger than pad; no solder paste mask will be generated)
    Local override; warning
    @(151.3661 mm, 68.3954 mm): Pad 130 [unconnected-(MCM93_MOD1D-25-Pad130)] of MCM93_MOD1 on Top Layer
[padstack]: Padstack is questionable (negative solder paste margin is larger than pad; no solder paste mask will be generated)
    Local override; warning
    @(151.3661 mm, 67.5954 mm): Pad 131 [CAM_GPIO] of MCM93_MOD1 on Top Layer
[padstack]: Padstack is questionable (negative solder paste margin is larger than pad; no solder paste mask will be generated)
    Local override; warning
    @(151.3661 mm, 66.7954 mm): Pad 132 [/SAI_BITCLOCK] of MCM93_MOD1 on Top Layer
[padstack]: Padstack is questionable (negative solder paste margin is larger than pad; no solder paste mask will be generated)
    Local override; warning
    @(151.3661 mm, 65.9954 mm): Pad 133 [/SAI_MASTERCLOCK] of MCM93_MOD1 on Top Layer
[padstack]: Padstack is questionable (negative solder paste margin is larger than pad; no solder paste mask will be generated)
    Local override; warning
    @(151.3661 mm, 65.1954 mm): Pad 134 [SD2_VDD] of MCM93_MOD1 on Top Layer
[padstack]: Padstack is questionable (negative solder paste margin is larger than pad; no solder paste mask will be generated)
    Local override; warning
    @(151.3661 mm, 64.3954 mm): Pad 135 [unconnected-(MCM93_MOD1D-30-Pad135)] of MCM93_MOD1 on Top Layer
[padstack]: Padstack is questionable (negative solder paste margin is larger than pad; no solder paste mask will be generated)
    Local override; warning
    @(151.3661 mm, 63.5954 mm): Pad 136 [unconnected-(MCM93_MOD1D-31-Pad136)] of MCM93_MOD1 on Top Layer
[padstack]: Padstack is questionable (negative solder paste margin is larger than pad; no solder paste mask will be generated)
    Local override; warning
    @(151.3661 mm, 62.7954 mm): Pad 137 [unconnected-(MCM93_MOD1D-32-Pad137)] of MCM93_MOD1 on Top Layer
[padstack]: Padstack is questionable (negative solder paste margin is larger than pad; no solder paste mask will be generated)
    Local override; warning
    @(151.3661 mm, 61.9954 mm): Pad 138 [unconnected-(MCM93_MOD1D-33-Pad138)] of MCM93_MOD1 on Top Layer
[padstack]: Padstack is questionable (negative solder paste margin is larger than pad; no solder paste mask will be generated)
    Local override; warning
    @(151.3661 mm, 61.1954 mm): Pad 139 [USB_DN] of MCM93_MOD1 on Top Layer
[padstack]: Padstack is questionable (negative solder paste margin is larger than pad; no solder paste mask will be generated)
    Local override; warning
    @(151.3661 mm, 60.3954 mm): Pad 140 [USB_DP] of MCM93_MOD1 on Top Layer
[padstack]: Padstack is questionable (negative solder paste margin is larger than pad; no solder paste mask will be generated)
    Local override; warning
    @(148.1291 mm, 62.5954 mm): Pad G1 [GND] of MCM93_MOD1 on Top Layer
[padstack]: Padstack is questionable (negative solder paste margin is larger than pad; no solder paste mask will be generated)
    Local override; warning
    @(144.3291 mm, 62.5954 mm): Pad G2 [GND] of MCM93_MOD1 on Top Layer
[padstack]: Padstack is questionable (negative solder paste margin is larger than pad; no solder paste mask will be generated)
    Local override; warning
    @(140.5291 mm, 62.5954 mm): Pad G3 [GND] of MCM93_MOD1 on Top Layer
[padstack]: Padstack is questionable (negative solder paste margin is larger than pad; no solder paste mask will be generated)
    Local override; warning
    @(136.7291 mm, 62.5954 mm): Pad G4 [GND] of MCM93_MOD1 on Top Layer
[padstack]: Padstack is questionable (negative solder paste margin is larger than pad; no solder paste mask will be generated)
    Local override; warning
    @(132.9291 mm, 62.5954 mm): Pad G5 [GND] of MCM93_MOD1 on Top Layer
[padstack]: Padstack is questionable (negative solder paste margin is larger than pad; no solder paste mask will be generated)
    Local override; warning
    @(129.1291 mm, 62.5954 mm): Pad G6 [GND] of MCM93_MOD1 on Top Layer
[padstack]: Padstack is questionable (negative solder paste margin is larger than pad; no solder paste mask will be generated)
    Local override; warning
    @(125.3291 mm, 62.5954 mm): Pad G7 [GND] of MCM93_MOD1 on Top Layer
[padstack]: Padstack is questionable (negative solder paste margin is larger than pad; no solder paste mask will be generated)
    Local override; warning
    @(125.3291 mm, 66.3954 mm): Pad G8 [GND] of MCM93_MOD1 on Top Layer
[padstack]: Padstack is questionable (negative solder paste margin is larger than pad; no solder paste mask will be generated)
    Local override; warning
    @(125.3291 mm, 70.1954 mm): Pad G9 [GND] of MCM93_MOD1 on Top Layer
[padstack]: Padstack is questionable (negative solder paste margin is larger than pad; no solder paste mask will be generated)
    Local override; warning
    @(125.3291 mm, 73.9954 mm): Pad G10 [GND] of MCM93_MOD1 on Top Layer
[padstack]: Padstack is questionable (negative solder paste margin is larger than pad; no solder paste mask will be generated)
    Local override; warning
    @(125.3291 mm, 77.7954 mm): Pad G11 [GND] of MCM93_MOD1 on Top Layer
[padstack]: Padstack is questionable (negative solder paste margin is larger than pad; no solder paste mask will be generated)
    Local override; warning
    @(125.3291 mm, 81.5954 mm): Pad G12 [GND] of MCM93_MOD1 on Top Layer
[padstack]: Padstack is questionable (negative solder paste margin is larger than pad; no solder paste mask will be generated)
    Local override; warning
    @(125.3291 mm, 85.3954 mm): Pad G13 [GND] of MCM93_MOD1 on Top Layer
[padstack]: Padstack is questionable (negative solder paste margin is larger than pad; no solder paste mask will be generated)
    Local override; warning
    @(129.1291 mm, 85.3954 mm): Pad G14 [GND] of MCM93_MOD1 on Top Layer
[padstack]: Padstack is questionable (negative solder paste margin is larger than pad; no solder paste mask will be generated)
    Local override; warning
    @(132.9291 mm, 85.3954 mm): Pad G15 [GND] of MCM93_MOD1 on Top Layer
[padstack]: Padstack is questionable (negative solder paste margin is larger than pad; no solder paste mask will be generated)
    Local override; warning
    @(136.7291 mm, 85.3954 mm): Pad G16 [GND] of MCM93_MOD1 on Top Layer
[padstack]: Padstack is questionable (negative solder paste margin is larger than pad; no solder paste mask will be generated)
    Local override; warning
    @(140.5291 mm, 85.3954 mm): Pad G17 [GND] of MCM93_MOD1 on Top Layer
[padstack]: Padstack is questionable (negative solder paste margin is larger than pad; no solder paste mask will be generated)
    Local override; warning
    @(144.3291 mm, 85.3954 mm): Pad G18 [GND] of MCM93_MOD1 on Top Layer
[padstack]: Padstack is questionable (negative solder paste margin is larger than pad; no solder paste mask will be generated)
    Local override; warning
    @(148.1291 mm, 85.3954 mm): Pad G19 [GND] of MCM93_MOD1 on Top Layer
[padstack]: Padstack is questionable (negative solder paste margin is larger than pad; no solder paste mask will be generated)
    Local override; warning
    @(148.1291 mm, 81.5954 mm): Pad G20 [GND] of MCM93_MOD1 on Top Layer
[padstack]: Padstack is questionable (negative solder paste margin is larger than pad; no solder paste mask will be generated)
    Local override; warning
    @(148.1291 mm, 77.7954 mm): Pad G21 [GND] of MCM93_MOD1 on Top Layer
[padstack]: Padstack is questionable (negative solder paste margin is larger than pad; no solder paste mask will be generated)
    Local override; warning
    @(148.1291 mm, 73.9954 mm): Pad G22 [GND] of MCM93_MOD1 on Top Layer
[padstack]: Padstack is questionable (negative solder paste margin is larger than pad; no solder paste mask will be generated)
    Local override; warning
    @(148.1291 mm, 70.1954 mm): Pad G23 [GND] of MCM93_MOD1 on Top Layer
[padstack]: Padstack is questionable (negative solder paste margin is larger than pad; no solder paste mask will be generated)
    Local override; warning
    @(148.1291 mm, 66.3954 mm): Pad G24 [GND] of MCM93_MOD1 on Top Layer
[padstack]: Padstack is questionable (negative solder paste margin is larger than pad; no solder paste mask will be generated)
    Local override; warning
    @(141.3791 mm, 69.3454 mm): Pad G25 [GND] of MCM93_MOD1 on Top Layer
[padstack]: Padstack is questionable (negative solder paste margin is larger than pad; no solder paste mask will be generated)
    Local override; warning
    @(132.0791 mm, 69.3454 mm): Pad G26 [GND] of MCM93_MOD1 on Top Layer
[padstack]: Padstack is questionable (negative solder paste margin is larger than pad; no solder paste mask will be generated)
    Local override; warning
    @(132.0791 mm, 78.6454 mm): Pad G27 [GND] of MCM93_MOD1 on Top Layer
[padstack]: Padstack is questionable (negative solder paste margin is larger than pad; no solder paste mask will be generated)
    Local override; warning
    @(141.3791 mm, 78.6454 mm): Pad G28 [GND] of MCM93_MOD1 on Top Layer
[silk_edge_clearance]: Silkscreen clipped by board edge
    Rule: board setup constraints silk; warning
    @(101.0000 mm, 150.5000 mm): Segment on Edge.Cuts
    @(95.2350 mm, 83.4100 mm): Segment of J2 on Top Overlay
[silk_edge_clearance]: Silkscreen clipped by board edge
    Rule: board setup constraints silk; warning
    @(101.0000 mm, 150.5000 mm): Segment on Edge.Cuts
    @(95.2350 mm, 85.9500 mm): Segment of J2 on Top Overlay
[silk_edge_clearance]: Silkscreen clipped by board edge
    Rule: board setup constraints silk; warning
    @(101.0000 mm, 150.5000 mm): Segment on Edge.Cuts
    @(95.2350 mm, 88.4900 mm): Segment of J2 on Top Overlay
[silk_edge_clearance]: Silkscreen clipped by board edge
    Rule: board setup constraints silk; warning
    @(101.0000 mm, 150.5000 mm): Segment on Edge.Cuts
    @(95.2350 mm, 91.0300 mm): Segment of J2 on Top Overlay
[silk_edge_clearance]: Silkscreen clipped by board edge
    Rule: board setup constraints silk; warning
    @(101.0000 mm, 150.5000 mm): Segment on Edge.Cuts
    @(101.2350 mm, 84.2700 mm): Segment of J2 on Top Overlay
[silk_edge_clearance]: Silkscreen clipped by board edge
    Rule: board setup constraints silk; warning
    @(101.0000 mm, 150.5000 mm): Segment on Edge.Cuts
    @(101.2350 mm, 86.8100 mm): Segment of J2 on Top Overlay
[silk_edge_clearance]: Silkscreen clipped by board edge
    Rule: board setup constraints silk; warning
    @(101.0000 mm, 150.5000 mm): Segment on Edge.Cuts
    @(101.2350 mm, 89.3500 mm): Segment of J2 on Top Overlay
[silk_edge_clearance]: Silkscreen clipped by board edge
    Rule: board setup constraints silk; warning
    @(101.0000 mm, 150.5000 mm): Segment on Edge.Cuts
    @(101.2350 mm, 91.8900 mm): Segment of J2 on Top Overlay
[silk_edge_clearance]: Silkscreen clipped by board edge
    Rule: board setup constraints silk; warning
    @(101.0000 mm, 150.5000 mm): Segment on Edge.Cuts
    @(101.2350 mm, 94.4300 mm): Rectangle of J2 on Top Overlay
[silk_edge_clearance]: Silkscreen clipped by board edge
    Rule: board setup constraints silk; warning
    @(167.5000 mm, 154.5000 mm): Segment on Edge.Cuts
    @(133.0000 mm, 153.8100 mm): Segment of J1 on Top Overlay
[silk_edge_clearance]: Silkscreen clipped by board edge
    Rule: board setup constraints silk; warning
    @(167.5000 mm, 154.5000 mm): Segment on Edge.Cuts
    @(142.4000 mm, 153.8100 mm): Segment of J1 on Top Overlay
[silk_edge_clearance]: Silkscreen clipped by board edge
    Rule: board setup constraints silk; warning
    @(171.5000 mm, 150.5000 mm): Segment on Edge.Cuts
    @(170.9650 mm, 74.0350 mm): Segment of BT1 on Top Overlay
[silk_edge_clearance]: Silkscreen clipped by board edge
    Rule: board setup constraints silk; warning
    @(171.5000 mm, 150.5000 mm): Segment on Edge.Cuts
    @(176.9650 mm, 74.8950 mm): Segment of BT1 on Top Overlay
[silk_edge_clearance]: Silkscreen clipped by board edge
    Rule: board setup constraints silk; warning
    @(171.5000 mm, 150.5000 mm): Segment on Edge.Cuts
    @(170.9650 mm, 71.4950 mm): Rectangle of BT1 on Top Overlay
[silk_edge_clearance]: Silkscreen clipped by board edge
    Rule: board setup constraints silk; warning
    @(171.5000 mm, 150.5000 mm): Segment on Edge.Cuts
    @(171.1000 mm, 63.6000 mm): Segment of ON/OFF1 on Top Overlay
[silk_edge_clearance]: Silkscreen clipped by board edge
    Rule: board setup constraints silk; warning
    @(171.5000 mm, 150.5000 mm): Segment on Edge.Cuts
    @(172.3000 mm, 62.3000 mm): Segment of ON/OFF1 on Top Overlay
[track_dangling]: Track has unconnected end
    Local override; warning
    @(137.5927 mm, 148.7487 mm): Track [USB_DP] on Top Layer, length 0.0000 mm
[track_dangling]: Track has unconnected end
    Local override; warning
    @(137.8084 mm, 148.7482 mm): Track [USB_DN] on Top Layer, length 0.0000 mm

** Found 0 unconnected pads **

** Found 0 Footprint errors **

** Ignored checks **
    - Footprint has no courtyard defined
    - Track endpoint not centered on via
    - Tuning profile track geometries
    - Footprint doesn't match symbol's footprint filters
    - PTH inside courtyard
    - NPTH inside courtyard
    - Footprint component type doesn't match footprint pads

** End of Report **
